2025-07-03 00:18:18,176 [INFO] Activator:176 - 


2025-07-03 00:18:18,182 [INFO] Activator:177 - !SESSION log4j initialized
2025-07-03 00:18:25,009 [INFO] LogOutputStream:77 - [STDOUT_REDIRECT] 
2025-07-03 00:18:30,325 [INFO] ApplicationProperties:184 - Using Application install path: C:\ST\STM32CubeIDE_1.16.1\STM32CubeIDE\plugins\com.st.stm32cube.common.mx_6.14.1.202504091515
2025-07-03 00:18:30,356 [INFO] DbMcusXml:78 - Set database path to: C:\ST\STM32CubeIDE_1.16.1\STM32CubeIDE\plugins\com.st.stm32cube.common.mx_6.14.1.202504091515\\db\/mcu/
2025-07-03 00:18:30,356 [INFO] ApiDb:274 - Set plugin database path to: C:\ST\STM32CubeIDE_1.16.1\STM32CubeIDE\plugins\com.st.stm32cube.common.mx_6.14.1.202504091515\\db\/plugins/boardmanager/
2025-07-03 00:18:30,357 [WARN] ApiDb:259 - Overriding images path with different value:  => C:\ST\STM32CubeIDE_1.16.1\STM32CubeIDE\plugins\com.st.stm32cube.common.mx_6.14.1.202504091515\\db\/plugins/mcufinder/images/
2025-07-03 00:18:30,372 [INFO] ApiDb:250 - Set database path to: C:\Users\Tomas\.stmcufinder\plugins\mcufinder//mcu/
2025-07-03 00:18:30,374 [INFO] DbMcusAds:125 - Set database path to: C:\Users\Tomas\.stmcufinder\plugins\mcufinder//mcu/
2025-07-03 00:18:30,377 [INFO] CrossReferenceDbSqlite:203 - Set database path to: C:\Users\Tomas\.stmcufinder\plugins\mcufinder//mcu/cs/
2025-07-03 00:18:30,558 [INFO] RulesReader:64 - Compatibility file has been processed (302 Rules)
2025-07-03 00:18:30,673 [INFO] DbMcusXml:78 - Set database path to: C:\ST\STM32CubeIDE_1.16.1\STM32CubeIDE\plugins\com.st.stm32cube.common.mx_6.14.1.202504091515\\db\/mcu/
2025-07-03 00:18:30,673 [INFO] ApiDb:274 - Set plugin database path to: C:\ST\STM32CubeIDE_1.16.1\STM32CubeIDE\plugins\com.st.stm32cube.common.mx_6.14.1.202504091515\\db\/plugins/boardmanager/
2025-07-03 00:18:30,673 [INFO] ApiDb:261 - Set plugin images path to: C:\ST\STM32CubeIDE_1.16.1\STM32CubeIDE\plugins\com.st.stm32cube.common.mx_6.14.1.202504091515\\db\/plugins/mcufinder/images/
2025-07-03 00:18:30,674 [WARN] DbFile:41 - Overriding database path with different value: C:\Users\Tomas\.stmcufinder\plugins\mcufinder/ => C:\Users\Tomas\.stmcufinder\plugins\mcufinder
2025-07-03 00:18:30,674 [INFO] ApiDb:250 - Set database path to: C:\Users\Tomas\.stmcufinder\plugins\mcufinder//mcu/
2025-07-03 00:18:30,674 [WARN] DbFile:41 - Overriding database path with different value: C:\Users\Tomas\.stmcufinder\plugins\mcufinder/ => C:\Users\Tomas\.stmcufinder\plugins\mcufinder
2025-07-03 00:18:30,674 [INFO] DbMcusAds:125 - Set database path to: C:\Users\Tomas\.stmcufinder\plugins\mcufinder//mcu/
2025-07-03 00:18:30,674 [WARN] DbFile:41 - Overriding database path with different value: C:\Users\Tomas\.stmcufinder\plugins\mcufinder/ => C:\Users\Tomas\.stmcufinder\plugins\mcufinder
2025-07-03 00:18:30,674 [WARN] DbFile:41 - Overriding database path with different value: C:\Users\Tomas\.stmcufinder\plugins\mcufinder/ => C:\Users\Tomas\.stmcufinder\plugins\mcufinder
2025-07-03 00:18:30,674 [INFO] CrossReferenceDbSqlite:203 - Set database path to: C:\Users\Tomas\.stmcufinder\plugins\mcufinder//mcu/cs/
2025-07-03 00:18:30,768 [INFO] MainPanel:272 - HeapMemory: 268435456
2025-07-03 00:18:30,896 [INFO] DbMcusXml:78 - Set database path to: C:\ST\STM32CubeIDE_1.16.1\STM32CubeIDE\plugins\com.st.stm32cube.common.mx_6.14.1.202504091515\\db\/mcu/
2025-07-03 00:18:30,896 [INFO] ApiDb:274 - Set plugin database path to: C:\ST\STM32CubeIDE_1.16.1\STM32CubeIDE\plugins\com.st.stm32cube.common.mx_6.14.1.202504091515\\db\/plugins/boardmanager/
2025-07-03 00:18:30,896 [INFO] ApiDb:261 - Set plugin images path to: C:\ST\STM32CubeIDE_1.16.1\STM32CubeIDE\plugins\com.st.stm32cube.common.mx_6.14.1.202504091515\\db\/plugins/mcufinder/images/
2025-07-03 00:18:30,896 [WARN] DbFile:41 - Overriding database path with different value: C:\Users\Tomas\.stmcufinder\plugins\mcufinder/ => C:\Users\Tomas\.stmcufinder\plugins\mcufinder
2025-07-03 00:18:30,897 [INFO] ApiDb:250 - Set database path to: C:\Users\Tomas\.stmcufinder\plugins\mcufinder//mcu/
2025-07-03 00:18:30,897 [WARN] DbFile:41 - Overriding database path with different value: C:\Users\Tomas\.stmcufinder\plugins\mcufinder/ => C:\Users\Tomas\.stmcufinder\plugins\mcufinder
2025-07-03 00:18:30,897 [INFO] DbMcusAds:125 - Set database path to: C:\Users\Tomas\.stmcufinder\plugins\mcufinder//mcu/
2025-07-03 00:18:30,897 [WARN] DbFile:41 - Overriding database path with different value: C:\Users\Tomas\.stmcufinder\plugins\mcufinder/ => C:\Users\Tomas\.stmcufinder\plugins\mcufinder
2025-07-03 00:18:30,897 [WARN] DbFile:41 - Overriding database path with different value: C:\Users\Tomas\.stmcufinder\plugins\mcufinder/ => C:\Users\Tomas\.stmcufinder\plugins\mcufinder
2025-07-03 00:18:30,897 [INFO] CrossReferenceDbSqlite:203 - Set database path to: C:\Users\Tomas\.stmcufinder\plugins\mcufinder//mcu/cs/
2025-07-03 00:18:30,920 [INFO] ApplicationProperties:184 - Using Application install path: C:\ST\STM32CubeIDE_1.16.1\STM32CubeIDE\plugins\com.st.stm32cube.common.mx_6.14.1.202504091515
2025-07-03 00:18:30,923 [INFO] PluginManage:196 - Search for loadable plugins [exclusion list=, ]
2025-07-03 00:18:30,925 [INFO] PluginManage:310 - Check plugin analytics
2025-07-03 00:18:31,180 [INFO] AnalyticsPlugin:253 - Accepted Software Licenses: 
2025-07-03 00:18:31,180 [INFO] AnalyticsPlugin:255 - Accepted CMSIS Pack Licenses: STMicroelectronics.X-CUBE-ALGOBUILD.1.4.0,STMicroelectronics.X-CUBE-MEMS1.11.2.0,STMicroelectronics.X-CUBE-AZRTOS-F4.1.1.0
2025-07-03 00:18:31,180 [INFO] AnalyticsPlugin:257 - Accepted Firmware Licenses: FW.L4.1.18.0,FW.F4.1.28.0
2025-07-03 00:18:31,186 [INFO] PluginManage:359 - Loaded plugin analytics (category:tool,tabindex:-1)
2025-07-03 00:18:31,187 [INFO] PluginManage:310 - Check plugin cadmodel
2025-07-03 00:18:31,197 [INFO] CADModel:105 - Init CAD model plugin
2025-07-03 00:18:31,197 [INFO] PluginManage:359 - Loaded plugin cadmodel (category:power,tabindex:5)
2025-07-03 00:18:31,197 [INFO] PluginManage:310 - Check plugin clock
2025-07-03 00:18:31,210 [INFO] PluginManage:359 - Loaded plugin clock (category:base,tabindex:2)
2025-07-03 00:18:31,210 [INFO] PluginManage:310 - Check plugin ddr
2025-07-03 00:18:31,213 [INFO] PluginManage:359 - Loaded plugin ddr (category:tool,tabindex:6)
2025-07-03 00:18:31,214 [INFO] PluginManage:310 - Check plugin filemanager
2025-07-03 00:18:31,366 [INFO] PluginManage:359 - Loaded plugin filemanager (category:base,tabindex:10)
2025-07-03 00:18:31,366 [INFO] PluginManage:310 - Check plugin ipmanager
2025-07-03 00:18:31,374 [INFO] PluginManage:359 - Loaded plugin ipmanager (category:base,tabindex:5)
2025-07-03 00:18:31,374 [INFO] PluginManage:310 - Check plugin lpbam
2025-07-03 00:18:31,383 [INFO] PluginManage:359 - Loaded plugin lpbam (category:base,tabindex:0)
2025-07-03 00:18:31,383 [INFO] PluginManage:310 - Check plugin memorymap
2025-07-03 00:18:31,398 [INFO] PluginManage:359 - Loaded plugin memorymap (category:base,tabindex:4)
2025-07-03 00:18:31,398 [INFO] PluginManage:310 - Check plugin pinoutandconfiguration
2025-07-03 00:18:31,408 [INFO] PluginManage:359 - Loaded plugin pinoutandconfiguration (category:base,tabindex:1)
2025-07-03 00:18:31,408 [INFO] PluginManage:310 - Check plugin pinoutconfig
2025-07-03 00:18:31,499 [WARN] SupportedApi:132 - Cannot load RTOS API schema: s4s-elt-must-match.1: The content of 'definitions' must match (annotation?, (simpleType | complexType)?, (unique | key | keyref)*)). A problem was found starting at: attribute.
2025-07-03 00:18:31,638 [INFO] PluginManage:359 - Loaded plugin pinoutconfig (category:base,tabindex:0)
2025-07-03 00:18:31,638 [INFO] PluginManage:310 - Check plugin power
2025-07-03 00:18:31,649 [INFO] PluginManage:359 - Loaded plugin power (category:power,tabindex:4)
2025-07-03 00:18:31,649 [INFO] PluginManage:310 - Check plugin projectmanager
2025-07-03 00:18:31,667 [INFO] PluginManage:359 - Loaded plugin projectmanager (category:projectmanager,tabindex:4)
2025-07-03 00:18:31,667 [INFO] PluginManage:310 - Check plugin rif
2025-07-03 00:18:31,675 [INFO] PluginManage:359 - Loaded plugin rif (category:base,tabindex:3)
2025-07-03 00:18:31,675 [INFO] PluginManage:310 - Check plugin thirdparty
2025-07-03 00:18:31,832 [INFO] PluginManage:359 - Loaded plugin thirdparty (category:base,tabindex:-1)
2025-07-03 00:18:31,832 [INFO] PluginManage:310 - Check plugin tools
2025-07-03 00:18:31,832 [WARN] IntegrityCheckThread:84 - waiting for thirdparty lock release [integrity check]
2025-07-03 00:18:31,832 [INFO] IntegrityCheckThread:86 - entering critical section [integrity check]
2025-07-03 00:18:31,833 [INFO] ThirdPartyUpdaterWithRetryManager:70 - Updater plugin not ready yet. [1/15]
2025-07-03 00:18:31,835 [INFO] PluginManage:359 - Loaded plugin tools (category:base,tabindex:7)
2025-07-03 00:18:31,836 [INFO] PluginManage:310 - Check plugin tutovideos
2025-07-03 00:18:32,017 [INFO] PluginManage:359 - Loaded plugin tutovideos (category:base,tabindex:-1)
2025-07-03 00:18:32,017 [INFO] PluginManage:310 - Check plugin updater
2025-07-03 00:18:32,043 [INFO] PluginManage:359 - Loaded plugin updater (category:base,tabindex:12)
2025-07-03 00:18:32,043 [INFO] PluginManage:310 - Check plugin userauth
2025-07-03 00:18:32,047 [INFO] UserAuth:118 - Init User Auth plugin
2025-07-03 00:18:32,048 [INFO] PluginManage:359 - Loaded plugin userauth (category:base,tabindex:14)
2025-07-03 00:18:32,048 [INFO] PluginManage:283 - PluginManage : Loaded plugins [18]
2025-07-03 00:18:32,276 [INFO] PinOutPanel:1589 - setPackage(No Configuration,No Configuration)
2025-07-03 00:18:32,379 [INFO] CADModel:165 - CPN selected for project level
2025-07-03 00:18:32,380 [INFO] CADModel:114 - Register for checkConnection events
2025-07-03 00:18:32,402 [INFO] IPUIPlugin:80 - create IPUIPlugin
2025-07-03 00:18:32,403 [INFO] PluginManager:220 - loadIPPluginJar : add adc
2025-07-03 00:18:32,407 [INFO] IPUIPlugin:80 - create IPUIPlugin
2025-07-03 00:18:32,407 [INFO] PluginManager:220 - loadIPPluginJar : add aes
2025-07-03 00:18:32,411 [INFO] IPUIPlugin:80 - create IPUIPlugin
2025-07-03 00:18:32,411 [INFO] PluginManager:220 - loadIPPluginJar : add can
2025-07-03 00:18:32,413 [INFO] IPUIPlugin:80 - create IPUIPlugin
2025-07-03 00:18:32,414 [INFO] PluginManager:220 - loadIPPluginJar : add comp
2025-07-03 00:18:32,417 [INFO] IPUIPlugin:80 - create IPUIPlugin
2025-07-03 00:18:32,417 [INFO] PluginManager:220 - loadIPPluginJar : add cryp
2025-07-03 00:18:32,421 [INFO] IPUIPlugin:80 - create IPUIPlugin
2025-07-03 00:18:32,421 [INFO] PluginManager:220 - loadIPPluginJar : add ddr_ctrl_phy
2025-07-03 00:18:32,424 [INFO] IPUIPlugin:80 - create IPUIPlugin
2025-07-03 00:18:32,424 [INFO] PluginManager:220 - loadIPPluginJar : add dfsdm
2025-07-03 00:18:32,430 [INFO] IPUIPlugin:80 - create IPUIPlugin
2025-07-03 00:18:32,430 [INFO] PluginManager:220 - loadIPPluginJar : add dma
2025-07-03 00:18:32,434 [INFO] IPUIPlugin:80 - create IPUIPlugin
2025-07-03 00:18:32,434 [INFO] PluginManager:220 - loadIPPluginJar : add dma3
2025-07-03 00:18:32,436 [INFO] IPUIPlugin:80 - create IPUIPlugin
2025-07-03 00:18:32,437 [INFO] PluginManager:220 - loadIPPluginJar : add extmemmanager
2025-07-03 00:18:32,439 [INFO] IPUIPlugin:80 - create IPUIPlugin
2025-07-03 00:18:32,439 [INFO] PluginManager:220 - loadIPPluginJar : add fatfs
2025-07-03 00:18:32,445 [INFO] IPUIPlugin:80 - create IPUIPlugin
2025-07-03 00:18:32,445 [INFO] PluginManager:220 - loadIPPluginJar : add fmc
2025-07-03 00:18:32,452 [INFO] IPUIPlugin:80 - create IPUIPlugin
2025-07-03 00:18:32,453 [INFO] PluginManager:220 - loadIPPluginJar : add freertos
2025-07-03 00:18:32,455 [INFO] IPUIPlugin:80 - create IPUIPlugin
2025-07-03 00:18:32,455 [INFO] PluginManager:220 - loadIPPluginJar : add genericplugin
2025-07-03 00:18:32,458 [INFO] IPUIPlugin:80 - create IPUIPlugin
2025-07-03 00:18:32,458 [INFO] PluginManager:220 - loadIPPluginJar : add gfxmmu
2025-07-03 00:18:32,463 [INFO] IPUIPlugin:80 - create IPUIPlugin
2025-07-03 00:18:32,464 [INFO] PluginManager:220 - loadIPPluginJar : add gic
2025-07-03 00:18:32,470 [INFO] IPUIPlugin:80 - create IPUIPlugin
2025-07-03 00:18:32,470 [INFO] PluginManager:220 - loadIPPluginJar : add gpio
2025-07-03 00:18:32,473 [INFO] IPUIPlugin:80 - create IPUIPlugin
2025-07-03 00:18:32,473 [INFO] PluginManager:220 - loadIPPluginJar : add gtzc
2025-07-03 00:18:32,477 [INFO] IPUIPlugin:80 - create IPUIPlugin
2025-07-03 00:18:32,477 [INFO] PluginManager:220 - loadIPPluginJar : add hash
2025-07-03 00:18:32,482 [INFO] IPUIPlugin:80 - create IPUIPlugin
2025-07-03 00:18:32,482 [INFO] PluginManager:220 - loadIPPluginJar : add i2c
2025-07-03 00:18:32,485 [INFO] IPUIPlugin:80 - create IPUIPlugin
2025-07-03 00:18:32,486 [INFO] PluginManager:220 - loadIPPluginJar : add i2s
2025-07-03 00:18:32,490 [INFO] IPUIPlugin:80 - create IPUIPlugin
2025-07-03 00:18:32,491 [INFO] PluginManager:220 - loadIPPluginJar : add i3c
2025-07-03 00:18:32,495 [INFO] IPUIPlugin:80 - create IPUIPlugin
2025-07-03 00:18:32,495 [INFO] PluginManager:220 - loadIPPluginJar : add ipddr
2025-07-03 00:18:32,504 [INFO] IPUIPlugin:80 - create IPUIPlugin
2025-07-03 00:18:32,504 [INFO] PluginManager:220 - loadIPPluginJar : add linkedlist
2025-07-03 00:18:32,510 [INFO] IPUIPlugin:80 - create IPUIPlugin
2025-07-03 00:18:32,510 [INFO] PluginManager:220 - loadIPPluginJar : add lorawan
2025-07-03 00:18:32,512 [INFO] IPUIPlugin:80 - create IPUIPlugin
2025-07-03 00:18:32,513 [INFO] PluginManager:220 - loadIPPluginJar : add ltdc
2025-07-03 00:18:32,519 [INFO] IPUIPlugin:80 - create IPUIPlugin
2025-07-03 00:18:32,520 [INFO] PluginManager:220 - loadIPPluginJar : add mdma
2025-07-03 00:18:32,524 [INFO] IPUIPlugin:80 - create IPUIPlugin
2025-07-03 00:18:32,524 [INFO] PluginManager:220 - loadIPPluginJar : add nvic
2025-07-03 00:18:32,530 [INFO] IPUIPlugin:80 - create IPUIPlugin
2025-07-03 00:18:32,530 [INFO] PluginManager:220 - loadIPPluginJar : add opamp
2025-07-03 00:18:32,534 [INFO] IPUIPlugin:80 - create IPUIPlugin
2025-07-03 00:18:32,535 [INFO] PluginManager:220 - loadIPPluginJar : add openamp
2025-07-03 00:18:32,539 [INFO] IPUIPlugin:80 - create IPUIPlugin
2025-07-03 00:18:32,539 [INFO] PluginManager:220 - loadIPPluginJar : add pdm2pcm
2025-07-03 00:18:32,546 [INFO] IPUIPlugin:80 - create IPUIPlugin
2025-07-03 00:18:32,549 [INFO] PluginManager:220 - loadIPPluginJar : add plateformsettings
2025-07-03 00:18:32,551 [INFO] IPUIPlugin:80 - create IPUIPlugin
2025-07-03 00:18:32,551 [INFO] PluginManager:220 - loadIPPluginJar : add quadspi
2025-07-03 00:18:32,554 [INFO] IPUIPlugin:80 - create IPUIPlugin
2025-07-03 00:18:32,554 [INFO] PluginManager:220 - loadIPPluginJar : add radio
2025-07-03 00:18:32,560 [INFO] IPUIPlugin:80 - create IPUIPlugin
2025-07-03 00:18:32,561 [INFO] PluginManager:220 - loadIPPluginJar : add resmgrutility
2025-07-03 00:18:32,564 [INFO] IPUIPlugin:80 - create IPUIPlugin
2025-07-03 00:18:32,564 [INFO] PluginManager:220 - loadIPPluginJar : add sai
2025-07-03 00:18:32,569 [INFO] IPUIPlugin:80 - create IPUIPlugin
2025-07-03 00:18:32,569 [INFO] PluginManager:220 - loadIPPluginJar : add spi
2025-07-03 00:18:32,574 [INFO] IPUIPlugin:80 - create IPUIPlugin
2025-07-03 00:18:32,574 [INFO] PluginManager:220 - loadIPPluginJar : add stm32_wpan
2025-07-03 00:18:32,578 [INFO] IPUIPlugin:80 - create IPUIPlugin
2025-07-03 00:18:32,578 [INFO] PluginManager:220 - loadIPPluginJar : add tim
2025-07-03 00:18:32,582 [INFO] IPUIPlugin:80 - create IPUIPlugin
2025-07-03 00:18:32,582 [INFO] PluginManager:220 - loadIPPluginJar : add touchsensing
2025-07-03 00:18:32,585 [INFO] IPUIPlugin:80 - create IPUIPlugin
2025-07-03 00:18:32,585 [INFO] PluginManager:220 - loadIPPluginJar : add tracer_emb
2025-07-03 00:18:32,587 [INFO] IPUIPlugin:80 - create IPUIPlugin
2025-07-03 00:18:32,587 [INFO] PluginManager:220 - loadIPPluginJar : add ts
2025-07-03 00:18:32,590 [INFO] IPUIPlugin:80 - create IPUIPlugin
2025-07-03 00:18:32,590 [INFO] PluginManager:220 - loadIPPluginJar : add tsc
2025-07-03 00:18:32,593 [INFO] IPUIPlugin:80 - create IPUIPlugin
2025-07-03 00:18:32,593 [INFO] PluginManager:220 - loadIPPluginJar : add ucpd
2025-07-03 00:18:32,596 [INFO] IPUIPlugin:80 - create IPUIPlugin
2025-07-03 00:18:32,596 [INFO] PluginManager:220 - loadIPPluginJar : add usart
2025-07-03 00:18:32,600 [INFO] IPUIPlugin:80 - create IPUIPlugin
2025-07-03 00:18:32,600 [INFO] PluginManager:220 - loadIPPluginJar : add usbx
2025-07-03 00:18:32,731 [FATAL] Updater:351 - Updater called before beeing initialized
2025-07-03 00:18:32,757 [INFO] RulesReader:64 - Compatibility file has been processed (302 Rules)
2025-07-03 00:18:32,773 [INFO] RulesReader:64 - Compatibility file has been processed (302 Rules)
2025-07-03 00:18:32,783 [INFO] CADModel:165 - CPN selected for project level
2025-07-03 00:18:32,783 [INFO] CADModel:114 - Register for checkConnection events
2025-07-03 00:18:32,783 [FATAL] Updater:351 - Updater called before beeing initialized
2025-07-03 00:18:32,783 [ERROR] CADModel:125 - Updater not yet initialized, retry later 
2025-07-03 00:18:32,952 [FATAL] Updater:351 - Updater called before beeing initialized
2025-07-03 00:18:32,955 [INFO] CADModel:165 - CPN selected for project level
2025-07-03 00:18:32,955 [INFO] CADModel:114 - Register for checkConnection events
2025-07-03 00:18:32,955 [FATAL] Updater:351 - Updater called before beeing initialized
2025-07-03 00:18:32,955 [ERROR] CADModel:125 - Updater not yet initialized, retry later 
2025-07-03 00:18:32,957 [FATAL] Updater:351 - Updater called before beeing initialized
2025-07-03 00:18:33,089 [FATAL] Updater:351 - Updater called before beeing initialized
2025-07-03 00:18:33,094 [INFO] DbMcusAds:53 - JSON generation date=Wed May 07 05:07:55 CLT 2025 (1746608875679)
2025-07-03 00:18:33,094 [FATAL] Updater:351 - Updater called before beeing initialized
2025-07-03 00:18:33,134 [WARN] DetailPanel:346 - Failed to get advertising image, set to default
2025-07-03 00:18:33,358 [FATAL] Updater:351 - Updater called before beeing initialized
2025-07-03 00:18:33,361 [FATAL] Updater:351 - Updater called before beeing initialized
2025-07-03 00:18:33,361 [FATAL] Updater:351 - Updater called before beeing initialized
2025-07-03 00:18:33,361 [WARN] DetailPanel:346 - Failed to get advertising image, set to default
2025-07-03 00:18:33,361 [FATAL] Updater:351 - Updater called before beeing initialized
2025-07-03 00:18:33,406 [ERROR] Updater:1198 - MainUpdater not yet initialized. External WinMGr cannot be set.
2025-07-03 00:18:33,408 [INFO] Updater:1134 - Updater Version found : 6.14.1
2025-07-03 00:18:33,424 [INFO] ApplicationProperties:184 - Using Application install path: C:\ST\STM32CubeIDE_1.16.1\STM32CubeIDE\plugins\com.st.stm32cube.common.mx_6.14.1.202504091515
2025-07-03 00:18:34,834 [INFO] ThirdPartyUpdaterWithRetryManager:70 - Updater plugin not ready yet. [2/15]
2025-07-03 00:18:34,994 [ERROR] LogOutputStream:75 - [STDERR_REDIRECT] Jul 03, 2025 12:18:34 AM java.util.prefs.WindowsPreferences <init>
2025-07-03 00:18:34,996 [ERROR] LogOutputStream:75 - [STDERR_REDIRECT] WARNING: Could not open/create prefs root node Software\JavaSoft\Prefs at root 0xffffffff80000002. Windows RegCreateKeyEx(...) returned error code 5.
2025-07-03 00:18:34,997 [ERROR] LogOutputStream:75 - [STDERR_REDIRECT] 
2025-07-03 00:18:36,157 [INFO] MainUpdater:2872 - connection check result : 10
2025-07-03 00:18:36,157 [INFO] MainUpdater:3566 - Updater definition file requires update
2025-07-03 00:18:36,158 [INFO] MainUpdater:289 - Updater Check For Update Now.
2025-07-03 00:18:36,158 [INFO] MicroXplorer:498 - Change Database Version : DB.6.0.141
2025-07-03 00:18:36,164 [INFO] McuFinderGlobals:63 - Set McuFinder mode to 2 (CubeIDE integrated)
2025-07-03 00:18:36,165 [INFO] UserAuth:484 - Internet connection configuration mode: 1
2025-07-03 00:18:36,182 [INFO] JxBrowserEngine:152 - Initiate JxBrowser Engine with user profile folder
2025-07-03 00:18:36,201 [INFO] ServerAccessManage:473 - Download File updaters.zip
2025-07-03 00:18:36,273 [INFO] FileExtend:242 - Unzip File : updaters.zip
2025-07-03 00:18:36,274 [INFO] FileExtend:257 - Standard Zip Deflate
2025-07-03 00:18:36,638 [INFO] ServerAccessManage:473 - Download File PacksControlFlags.xml
2025-07-03 00:18:36,700 [INFO] ServerAccessManage:473 - Download File cubemx.pidx
2025-07-03 00:18:37,187 [INFO] ServerAccessManage:473 - Download File STMicroelectronics.FP-SNS-STAIOTCFT.pdsc
2025-07-03 00:18:37,616 [INFO] ServerAccessManage:473 - Download File STMicroelectronics.X-CUBE-MEMS1.pdsc
2025-07-03 00:18:37,835 [WARN] MainUpdater:1193 - Updater busy. Cannot search thirdparties
2025-07-03 00:18:37,835 [INFO] ThirdPartyUpdaterWithRetryManager:96 - Updater plugin is busy. [1/15]
2025-07-03 00:18:37,849 [INFO] WebApp:169 - Instantiating new browser for Auth
2025-07-03 00:18:38,608 [INFO] WebApp:463 - Apply proxy settings
2025-07-03 00:18:38,608 [INFO] WebApp:548 - Chromium requires no authentication
2025-07-03 00:18:38,617 [INFO] WebApp:491 - Direct internet connection detected
2025-07-03 00:18:38,648 [INFO] WebApp:894 - Register for checkConnection events
2025-07-03 00:18:38,649 [INFO] WebApp:463 - Apply proxy settings
2025-07-03 00:18:38,649 [INFO] WebApp:548 - Chromium requires no authentication
2025-07-03 00:18:38,649 [INFO] WebApp:491 - Direct internet connection detected
2025-07-03 00:18:38,806 [INFO] WebApp:191 - Connection restablished
2025-07-03 00:18:38,875 [INFO] WebApp:225 - Starting web application
2025-07-03 00:18:38,876 [INFO] WebApp:593 - Web application path used C:\ST\STM32CubeIDE_1.16.1\STM32CubeIDE\plugins\com.st.stm32cube.common.mx_6.14.1.202504091515\db\plugins\mcufinder\reactClient1\index.html
2025-07-03 00:18:39,106 [INFO] ServerAccessManage:473 - Download File STMicroelectronics.X-CUBE-PM33A1.pdsc
2025-07-03 00:18:39,107 [INFO] UserAuth:484 - Internet connection configuration mode: 1
2025-07-03 00:18:39,790 [WARN] PackLoader:240 - Cannot read IP mode file for STMicroelectronics.FP-SNS-STAIOTCFT.1.0.0
2025-07-03 00:18:39,849 [INFO] CheckServerUpdateThread:120 - End of CheckServer Thread
2025-07-03 00:18:39,884 [WARN] PackLoader:240 - Cannot read IP mode file for STMicroelectronics.X-CUBE-MEMS1.11.3.0
2025-07-03 00:18:40,065 [WARN] PackLoader:240 - Cannot read IP mode file for STMicroelectronics.X-CUBE-PM33A1.1.0.0
2025-07-03 00:18:40,066 [INFO] PopulateThirdPartyThread:66 - Ending populate Thread
2025-07-03 00:18:40,069 [INFO] ThirdParty:1030 - CMSIS Pack Vendor :STMicroelectronics X-CUBE-PM33A1 1.0.0
2025-07-03 00:18:40,069 [INFO] ThirdParty:1030 - CMSIS Pack Vendor :STMicroelectronics FP-SNS-STAIOTCFT 1.0.0
2025-07-03 00:18:40,069 [INFO] ThirdParty:1030 - CMSIS Pack Vendor :STMicroelectronics X-CUBE-MEMS1 11.3.0
2025-07-03 00:18:40,069 [INFO] LoadServerUpdatesThread:375 - End of LoadServerUpdate Thread
2025-07-03 00:18:41,104 [WARN] PackLoader:240 - Cannot read IP mode file for STMicroelectronics.FP-SNS-MOTENVWB1.1.4.0
2025-07-03 00:18:41,110 [WARN] PackLoader:240 - Cannot read IP mode file for STMicroelectronics.FP-ATR-ASTRA1.2.0.2
2025-07-03 00:18:41,120 [WARN] PackLoader:240 - Cannot read IP mode file for STMicroelectronics.X-CUBE-SMBUS.2.1.0
2025-07-03 00:18:41,127 [WARN] PackLoader:240 - Cannot read IP mode file for STMicroelectronics.X-CUBE-WB05N.1.1.0
2025-07-03 00:18:41,134 [WARN] PackLoader:240 - Cannot read IP mode file for STMicroelectronics.X-CUBE-ST60.1.0.0
2025-07-03 00:18:41,150 [WARN] PackLoader:240 - Cannot read IP mode file for STMicroelectronics.X-CUBE-AZRTOS-F7.1.1.0
2025-07-03 00:18:41,182 [WARN] PackLoader:240 - Cannot read IP mode file for STMicroelectronics.X-CUBE-MEMS1.11.0.0
2025-07-03 00:18:41,290 [WARN] PackLoader:240 - Cannot read IP mode file for STMicroelectronics.FP-SNS-FLIGHT1.5.0.2
2025-07-03 00:18:41,298 [WARN] PackLoader:240 - Cannot read IP mode file for STMicroelectronics.X-CUBE-DISPLAY.3.0.0
2025-07-03 00:18:41,307 [WARN] PackLoader:240 - Cannot read IP mode file for STMicroelectronics.X-CUBE-BLE1.7.0.0
2025-07-03 00:18:41,315 [WARN] PackLoader:240 - Cannot read IP mode file for STMicroelectronics.X-CUBE-NFC10.1.0.0
2025-07-03 00:18:41,325 [WARN] PackLoader:240 - Cannot read IP mode file for STMicroelectronics.X-CUBE-BLEMGR.4.0.0
2025-07-03 00:18:41,333 [WARN] PackLoader:240 - Cannot read IP mode file for emotas.I-CUBE-CANOPEN.1.3.0
2025-07-03 00:18:41,338 [WARN] ConditionMgr:438 - getConditionDescription Invalid condition id : Cortex-A Device cause : null
2025-07-03 00:18:41,354 [WARN] ConditionMgr:1044 - genDependencies : Invalid condition id : Cortex-A Device cause : null
2025-07-03 00:18:41,354 [WARN] ConditionMgr:1044 - genDependencies : Invalid condition id : Cortex-A Device cause : null
2025-07-03 00:18:41,354 [WARN] ConditionMgr:1044 - genDependencies : Invalid condition id : Cortex-A Device cause : null
2025-07-03 00:18:41,360 [WARN] PackLoader:240 - Cannot read IP mode file for STMicroelectronics.X-CUBE-BLEMGR.3.1.0
2025-07-03 00:18:41,367 [WARN] PackLoader:240 - Cannot read IP mode file for STMicroelectronics.X-CUBE-AI.10.0.0
2025-07-03 00:18:41,373 [WARN] PackLoader:240 - Cannot read IP mode file for STMicroelectronics.FP-SNS-SMARTAG2.1.2.0
2025-07-03 00:18:41,379 [WARN] PackLoader:240 - Cannot read IP mode file for STMicroelectronics.FP-SNS-FLIGHT1.5.1.0
2025-07-03 00:18:41,424 [WARN] PackLoader:240 - Cannot read IP mode file for STMicroelectronics.X-CUBE-MEMS1.11.1.0
2025-07-03 00:18:41,549 [INFO] LogOutputStream:77 - [STDOUT_REDIRECT] 1 : Invalid condition id : UX_CORESTACK_Condition cause : null
2025-07-03 00:18:41,550 [INFO] LogOutputStream:77 - [STDOUT_REDIRECT] 1 : Invalid condition id : UX_CORESTACK_Condition cause : null
2025-07-03 00:18:41,553 [INFO] LogOutputStream:77 - [STDOUT_REDIRECT] 1 : Invalid condition id : UX_CORESTACK_Condition cause : null
2025-07-03 00:18:41,555 [INFO] LogOutputStream:77 - [STDOUT_REDIRECT] 1 : Invalid condition id : UX_CORESTACK_Condition cause : null
2025-07-03 00:18:41,556 [INFO] LogOutputStream:77 - [STDOUT_REDIRECT] 1 : Invalid condition id : UX_CORESTACK_Condition cause : null
2025-07-03 00:18:41,559 [WARN] PackLoader:240 - Cannot read IP mode file for STMicroelectronics.X-CUBE-AZRTOS-WL.2.0.0
2025-07-03 00:18:41,568 [WARN] PackLoader:240 - Cannot read IP mode file for STMicroelectronics.FP-SNS-MOTENV1.5.0.0
2025-07-03 00:18:41,576 [WARN] PackLoader:240 - Cannot read IP mode file for wolfSSL.I-CUBE-wolfMQTT.1.19.0
2025-07-03 00:18:41,583 [WARN] PackLoader:240 - Cannot read IP mode file for WES.I-CUBE-Cesium.1.3.0
2025-07-03 00:18:41,590 [WARN] PackLoader:240 - Cannot read IP mode file for STMicroelectronics.X-CUBE-BLE2.3.3.0
2025-07-03 00:18:41,599 [WARN] PackLoader:240 - Cannot read IP mode file for STMicroelectronics.X-CUBE-NFC9.1.0.0
2025-07-03 00:18:41,607 [WARN] PackLoader:240 - Cannot read IP mode file for STMicroelectronics.X-CUBE-BLE1.7.1.0
2025-07-03 00:18:41,614 [WARN] PackLoader:240 - Cannot read IP mode file for STMicroelectronics.X-CUBE-TCPP.4.1.0
2025-07-03 00:18:41,620 [WARN] PackLoader:240 - Cannot read IP mode file for STMicroelectronics.X-CUBE-AI.10.1.0
2025-07-03 00:18:41,682 [WARN] PackLoader:240 - Cannot read IP mode file for STMicroelectronics.X-CUBE-MEMS1.11.2.0
2025-07-03 00:18:42,007 [WARN] PackLoader:240 - Cannot read IP mode file for STMicroelectronics.X-CUBE-AZRTOS-G0.1.1.0
2025-07-03 00:18:42,015 [WARN] PackLoader:240 - Cannot read IP mode file for STMicroelectronics.X-CUBE-SAFEA1.1.2.2
2025-07-03 00:18:42,023 [WARN] PackLoader:240 - Cannot read IP mode file for STMicroelectronics.X-CUBE-NFC4.3.0.0
2025-07-03 00:18:42,033 [WARN] PackLoader:240 - Cannot read IP mode file for EmbeddedOffice.I-CUBE-FS-RTOS.1.0.1
2025-07-03 00:18:42,039 [WARN] PackLoader:240 - Cannot read IP mode file for STMicroelectronics.X-CUBE-WB05N.2.0.0
2025-07-03 00:18:42,044 [WARN] PackLoader:240 - Cannot read IP mode file for STMicroelectronics.X-CUBE-TCPP.4.2.0
2025-07-03 00:18:42,052 [WARN] PackLoader:240 - Cannot read IP mode file for RealThread.X-CUBE-RT-Thread_Nano.4.1.1
2025-07-03 00:18:42,057 [WARN] PackLoader:240 - Cannot read IP mode file for STMicroelectronics.FP-ATR-SIGFOX1.3.2.0
2025-07-03 00:18:42,063 [WARN] PackLoader:240 - Cannot read IP mode file for wolfSSL.I-CUBE-wolfSSL.5.7.2
2025-07-03 00:18:42,070 [WARN] PackLoader:240 - Cannot read IP mode file for STMicroelectronics.X-CUBE-EEPRMA1.5.1.0
2025-07-03 00:18:42,078 [WARN] PackLoader:240 - Cannot read IP mode file for ITTIA_DB.I-CUBE-ITTIADB.8.9.0
2025-07-03 00:18:42,086 [WARN] PackLoader:240 - Cannot read IP mode file for STMicroelectronics.X-CUBE-ST67W61.1.0.0
2025-07-03 00:18:42,115 [WARN] PackLoader:240 - Cannot read IP mode file for SEGGER.I-CUBE-embOS.1.3.1
2025-07-03 00:18:42,153 [WARN] PackLoader:240 - Cannot read IP mode file for STMicroelectronics.X-CUBE-ALGOBUILD.1.4.0
2025-07-03 00:18:42,217 [WARN] PackLoader:240 - Cannot read IP mode file for STMicroelectronics.X-CUBE-MEMS1.11.3.0
2025-07-03 00:18:42,318 [WARN] PackLoader:240 - Cannot read IP mode file for STMicroelectronics.X-CUBE-PM33A1.1.0.0
2025-07-03 00:18:42,325 [WARN] PackLoader:240 - Cannot read IP mode file for STMicroelectronics.X-CUBE-GNSS1.6.0.0
2025-07-03 00:18:42,346 [WARN] PackLoader:240 - Cannot read IP mode file for STMicroelectronics.X-CUBE-AZRTOS-F4.1.1.0
2025-07-03 00:18:42,424 [WARN] PackLoader:240 - Cannot read IP mode file for Avnet-IotConnect.X-CUBE-IoTC-DA16k-PMOD.1.0.0
2025-07-03 00:18:42,430 [WARN] PackLoader:240 - Cannot read IP mode file for STMicroelectronics.X-CUBE-ISPU.2.1.0
2025-07-03 00:18:42,437 [WARN] PackLoader:240 - Cannot read IP mode file for STMicroelectronics.X-CUBE-FREERTOS.1.2.0
2025-07-03 00:18:42,455 [WARN] PackLoader:240 - Cannot read IP mode file for STMicroelectronics.X-CUBE-AZRTOS-L5.2.0.0
2025-07-03 00:18:42,466 [WARN] PackLoader:240 - Cannot read IP mode file for STMicroelectronics.X-CUBE-NFC6.3.1.0
2025-07-03 00:18:42,475 [WARN] PackLoader:240 - Cannot read IP mode file for STMicroelectronics.X-CUBE-DPower.1.2.0
2025-07-03 00:18:42,480 [WARN] PackLoader:240 - Cannot read IP mode file for STMicroelectronics.X-CUBE-AI.9.0.0
2025-07-03 00:18:42,489 [WARN] PackLoader:240 - Cannot read IP mode file for STMicroelectronics.X-CUBE-FREERTOS.1.3.1
2025-07-03 00:18:42,494 [WARN] PackLoader:240 - Cannot read IP mode file for STMicroelectronics.X-CUBE-FREERTOS.1.3.0
2025-07-03 00:18:42,500 [WARN] PackLoader:240 - Cannot read IP mode file for STMicroelectronics.X-CUBE-NFC7.1.0.1
2025-07-03 00:18:42,507 [WARN] PackLoader:240 - Cannot read IP mode file for STMicroelectronics.FP-SNS-STAIOTCFT.1.0.0
2025-07-03 00:18:42,513 [WARN] PackLoader:240 - Cannot read IP mode file for STMicroelectronics.X-CUBE-DPower.1.3.0
2025-07-03 00:18:42,528 [WARN] ConditionMgr:438 - getConditionDescription Invalid condition id : LAN8742 Phy interface Condition cause : null
2025-07-03 00:18:42,529 [WARN] PackLoader:240 - Cannot read IP mode file for STMicroelectronics.X-CUBE-AZRTOS-L4.2.0.0
2025-07-03 00:18:42,530 [WARN] ConditionMgr:1044 - genDependencies : Invalid condition id : LAN8742 Phy interface Condition cause : null
2025-07-03 00:18:42,530 [WARN] ConditionMgr:1044 - genDependencies : Invalid condition id : LAN8742 Phy interface Condition cause : null
2025-07-03 00:18:42,531 [WARN] ConditionMgr:1044 - genDependencies : Invalid condition id : LAN8742 Phy interface Condition cause : null
2025-07-03 00:18:42,538 [WARN] PackLoader:240 - Cannot read IP mode file for STMicroelectronics.X-CUBE-SFXS2LP1.4.0.0
2025-07-03 00:18:42,554 [WARN] PackLoader:240 - Cannot read IP mode file for STMicroelectronics.X-CUBE-AZRTOS-H7.3.3.0
2025-07-03 00:18:42,572 [WARN] ConditionMgr:438 - getConditionDescription Invalid condition id : UX DEVICE CLASS RTOS Condition cause : null
2025-07-03 00:18:42,572 [WARN] ConditionMgr:438 - getConditionDescription Invalid condition id : UX DEVICE CLASS RTOS Condition cause : null
2025-07-03 00:18:42,574 [WARN] PackLoader:240 - Cannot read IP mode file for STMicroelectronics.X-CUBE-AZRTOS-WB.2.0.0
2025-07-03 00:18:42,574 [WARN] ConditionMgr:1044 - genDependencies : Invalid condition id : UX DEVICE CLASS RTOS Condition cause : null
2025-07-03 00:18:42,574 [WARN] ConditionMgr:1044 - genDependencies : Invalid condition id : UX DEVICE CLASS RTOS Condition cause : null
2025-07-03 00:18:42,574 [WARN] ConditionMgr:1044 - genDependencies : Invalid condition id : UX DEVICE CLASS RTOS Condition cause : null
2025-07-03 00:18:42,574 [WARN] ConditionMgr:1044 - genDependencies : Invalid condition id : UX DEVICE CLASS RTOS Condition cause : null
2025-07-03 00:18:42,576 [WARN] ConditionMgr:1044 - genDependencies : Invalid condition id : UX DEVICE CLASS RTOS Condition cause : null
2025-07-03 00:18:42,579 [WARN] PackLoader:240 - Cannot read IP mode file for STMicroelectronics.X-CUBE-GNSS1.7.0.1
2025-07-03 00:18:42,588 [WARN] PackLoader:240 - Cannot read IP mode file for STMicroelectronics.X-CUBE-TOUCHGFX.4.25.0
2025-07-03 00:18:42,594 [WARN] PackLoader:240 - Cannot read IP mode file for STMicroelectronics.FP-SNS-STBOX1.2.0.0
2025-07-03 00:18:42,607 [WARN] PackLoader:240 - Cannot read IP mode file for STMicroelectronics.X-CUBE-SUBG2.5.0.0
2025-07-03 00:18:42,628 [WARN] PackLoader:240 - Cannot read IP mode file for STMicroelectronics.X-CUBE-AZRTOS-H7RS.1.1.0
2025-07-03 00:18:42,636 [WARN] PackLoader:240 - Cannot read IP mode file for Cesanta.I-CUBE-Mongoose.7.13.0
2025-07-03 00:18:42,648 [WARN] PackLoader:240 - Cannot read IP mode file for STMicroelectronics.X-CUBE-AZRTOS-G4.2.0.0
2025-07-03 00:18:42,653 [WARN] PackLoader:240 - Cannot read IP mode file for STMicroelectronics.X-CUBE-NFC7.2.0.0
2025-07-03 00:18:42,657 [WARN] PackLoader:240 - Cannot read IP mode file for STMicroelectronics.X-CUBE-ISPU.2.0.0
2025-07-03 00:18:42,668 [WARN] PackLoader:240 - Cannot read IP mode file for STMicroelectronics.X-CUBE-IPS.3.1.0
2025-07-03 00:18:42,679 [WARN] PackLoader:240 - Cannot read IP mode file for STMicroelectronics.X-CUBE-ALS.1.0.2
2025-07-03 00:18:42,682 [WARN] PackLoader:240 - Cannot read IP mode file for STMicroelectronics.X-CUBE-TOUCHGFX.4.24.0
2025-07-03 00:18:42,688 [WARN] PackLoader:240 - Cannot read IP mode file for wolfSSL.I-CUBE-wolfTPM.3.4.0
2025-07-03 00:18:42,694 [WARN] PackLoader:240 - Cannot read IP mode file for portGmbH.I-Cube-SoM-uGOAL.1.1.0
2025-07-03 00:18:42,708 [WARN] PackLoader:240 - Cannot read IP mode file for STMicroelectronics.X-CUBE-AZRTOS-H7RS.1.0.0
2025-07-03 00:18:42,714 [WARN] PackLoader:240 - Cannot read IP mode file for STMicroelectronics.FP-ATR-ASTRA1.2.0.0
2025-07-03 00:18:42,723 [WARN] PackLoader:240 - Cannot read IP mode file for STMicroelectronics.X-CUBE-TOF1.3.4.2
2025-07-03 00:18:42,738 [WARN] PackLoader:240 - Cannot read IP mode file for STMicroelectronics.X-CUBE-TOF1.3.4.3
2025-07-03 00:18:42,760 [WARN] PackLoader:240 - Cannot read IP mode file for Infineon.AIROC-Wi-Fi-Bluetooth-STM32.1.6.1
2025-07-03 00:18:42,768 [WARN] PackLoader:240 - Cannot read IP mode file for wolfSSL.I-CUBE-wolfSSH.1.4.17
2025-07-03 00:18:42,769 [INFO] ThirdParty:978 - Integrity check success = true
2025-07-03 00:18:42,769 [INFO] IntegrityCheckThread:100 - exiting critical section [integrity check]
2025-07-03 00:18:42,769 [INFO] IntegrityCheckThread:103 - End integrity checks thread
2025-07-03 00:35:17,337 [INFO] McuFinderGlobals:63 - Set McuFinder mode to 2 (CubeIDE integrated)
2025-07-03 00:35:17,344 [INFO] MainUpdater:2872 - connection check result : 10
2025-07-03 00:35:17,345 [INFO] MainUpdater:2872 - connection check result : 10
2025-07-03 00:35:17,387 [INFO] MicroXplorer:468 - Change Database Path : 
2025-07-03 00:35:17,387 [INFO] MicroXplorer:498 - Change Database Version : DB.6.0.141
2025-07-03 00:35:17,395 [WARN] ThirdParty:871 - waiting for thirdparty lock release [close project]
2025-07-03 00:35:17,396 [INFO] ThirdParty:873 - entering critical section [close project]
2025-07-03 00:35:17,399 [INFO] ThirdParty:883 - exiting critical section [close project]
2025-07-03 00:35:17,404 [INFO] PinOutPanel:1589 - setPackage(No Configuration,No Configuration)
2025-07-03 00:35:17,412 [INFO] UtilMem:75 - Begin LoadConfig() Used Memory: 847840768 Bytes (993001472)
2025-07-03 00:35:17,414 [INFO] MicroXplorer:468 - Change Database Path : 
2025-07-03 00:35:17,414 [INFO] MicroXplorer:498 - Change Database Version : DB.6.0.141
2025-07-03 00:35:17,414 [INFO] OpenFileManager:354 - Change cursor
2025-07-03 00:35:17,480 [INFO] Mcu:2011 - Initializing MCU STM32F407V(E-G)Tx STM32F407VGTx STM32F407VGT6
2025-07-03 00:35:19,628 [INFO] Context:756 - Trying to add GPIOservice into a context  which must be forbidden
2025-07-03 00:35:20,093 [INFO] ImportTextPane:218 - (OptionalMessage_ERROR) Pin26 (VP_RIF_VS_RIF1) cannot be retrieved for this MCU
2025-07-03 00:35:20,326 [INFO] RtosManager:558 - Registered RTOS mode: class=CMSIS, group=RTOS, mode=CMSIS_V1, owner=FREERTOS
2025-07-03 00:35:20,326 [INFO] RtosManager:558 - Registered RTOS mode: class=CMSIS, group=RTOS2, mode=CMSIS_V2, owner=FREERTOS
2025-07-03 00:35:20,326 [INFO] RtosManager:558 - Registered RTOS mode: class=RTOS, group=Core, mode=CMSIS_V1, owner=FREERTOS
2025-07-03 00:35:20,326 [INFO] RtosManager:558 - Registered RTOS mode: class=RTOS, group=Core, mode=CMSIS_V2, owner=FREERTOS
2025-07-03 00:35:20,327 [WARN] ModelIntegratedComponent:184 - Missing modes for component STMicroelectronics:FreeRTOS:0.0.1:STMicroelectronics:RTOS:FreeRTOS:Core:::10.2.0:
2025-07-03 00:35:20,336 [WARN] ModelIntegratedComponent:63 - No mode defined for component null
2025-07-03 00:35:20,336 [WARN] ModelIntegratedComponent:63 - No mode defined for component null
2025-07-03 00:35:20,336 [WARN] ModelIntegratedComponent:63 - No mode defined for component null
2025-07-03 00:35:20,336 [WARN] ModelIntegratedComponent:63 - No mode defined for component null
2025-07-03 00:35:20,336 [WARN] ModelIntegratedComponent:63 - No mode defined for component null
2025-07-03 00:35:20,336 [WARN] ModelIntegratedComponent:63 - No mode defined for component null
2025-07-03 00:35:20,336 [WARN] ModelIntegratedComponent:63 - No mode defined for component null
2025-07-03 00:35:20,336 [WARN] ModelIntegratedComponent:63 - No mode defined for component null
2025-07-03 00:35:20,337 [WARN] ModelIntegratedComponent:63 - No mode defined for component null
2025-07-03 00:35:20,337 [WARN] ModelIntegratedComponent:63 - No mode defined for component null
2025-07-03 00:35:20,337 [WARN] ModelIntegratedComponent:63 - No mode defined for component null
2025-07-03 00:35:20,337 [WARN] ModelIntegratedComponent:63 - No mode defined for component null
2025-07-03 00:35:20,337 [WARN] ModelIntegratedComponent:63 - No mode defined for component null
2025-07-03 00:35:20,337 [WARN] ModelIntegratedComponent:63 - No mode defined for component null
2025-07-03 00:35:20,338 [WARN] ModelIntegratedComponent:63 - No mode defined for component null
2025-07-03 00:35:20,338 [WARN] ModelIntegratedComponent:63 - No mode defined for component null
2025-07-03 00:35:20,338 [WARN] ModelIntegratedComponent:63 - No mode defined for component null
2025-07-03 00:35:20,338 [WARN] ModelIntegratedComponent:63 - No mode defined for component null
2025-07-03 00:35:20,339 [WARN] ModelIntegratedComponent:63 - No mode defined for component null
2025-07-03 00:35:20,339 [WARN] ModelIntegratedComponent:63 - No mode defined for component null
2025-07-03 00:35:20,339 [WARN] ModelIntegratedComponent:63 - No mode defined for component null
2025-07-03 00:35:20,339 [WARN] ModelIntegratedComponent:63 - No mode defined for component null
2025-07-03 00:35:20,339 [WARN] ModelIntegratedComponent:63 - No mode defined for component null
2025-07-03 00:35:20,339 [WARN] ModelIntegratedComponent:63 - No mode defined for component null
2025-07-03 00:35:20,339 [WARN] ModelIntegratedComponent:63 - No mode defined for component null
2025-07-03 00:35:20,339 [WARN] ModelIntegratedComponent:63 - No mode defined for component null
2025-07-03 00:35:20,339 [WARN] ModelIntegratedComponent:63 - No mode defined for component null
2025-07-03 00:35:20,339 [WARN] ModelIntegratedComponent:63 - No mode defined for component null
2025-07-03 00:35:20,339 [WARN] ModelIntegratedComponent:63 - No mode defined for component null
2025-07-03 00:35:20,339 [WARN] ModelIntegratedComponent:63 - No mode defined for component null
2025-07-03 00:35:20,339 [WARN] ModelIntegratedComponent:63 - No mode defined for component null
2025-07-03 00:35:20,339 [WARN] ModelIntegratedComponent:63 - No mode defined for component null
2025-07-03 00:35:20,340 [WARN] ModelIntegratedComponent:63 - No mode defined for component null
2025-07-03 00:35:20,340 [WARN] ModelIntegratedComponent:63 - No mode defined for component null
2025-07-03 00:35:20,340 [WARN] ModelIntegratedComponent:63 - No mode defined for component null
2025-07-03 00:35:20,340 [WARN] ModelPack:524 - Component already loaded: STMicroelectronics:HAL Drivers:0.0.0:STMicroelectronics:Device:STMicro_Driver:XSPI:HAL::0.0.1:HAL_XSPI
2025-07-03 00:35:20,540 [INFO] ThirdPartyModel:298 - Start build external matchings
2025-07-03 00:35:21,560 [INFO] ThirdPartyModel:316 - End build external matchings
2025-07-03 00:35:21,603 [INFO] ImportTextPane:218 - (OptionalMessage_ERROR) IP (DMA) : Parameter (Instance) has Id (SPI2_RX) currently not set
2025-07-03 00:35:21,604 [INFO] ImportTextPane:218 - (OptionalMessage_ERROR) IP (DMA) : Parameter (Channel) has Id (SPI2_RX) currently not set
2025-07-03 00:35:21,604 [INFO] ImportTextPane:218 - (OptionalMessage_ERROR) IP (DMA) : Parameter (Direction) has Id (SPI2_RX) currently not set
2025-07-03 00:35:21,604 [INFO] ImportTextPane:218 - (OptionalMessage_ERROR) IP (DMA) : Parameter (PeriphInc) has Id (SPI2_RX) currently not set
2025-07-03 00:35:21,604 [INFO] ImportTextPane:218 - (OptionalMessage_ERROR) IP (DMA) : Parameter (MemInc) has Id (SPI2_RX) currently not set
2025-07-03 00:35:21,604 [INFO] ImportTextPane:218 - (OptionalMessage_ERROR) IP (DMA) : Parameter (PeriphDataAlignment) has Id (SPI2_RX) currently not set
2025-07-03 00:35:21,604 [INFO] ImportTextPane:218 - (OptionalMessage_ERROR) IP (DMA) : Parameter (MemDataAlignment) has Id (SPI2_RX) currently not set
2025-07-03 00:35:21,604 [INFO] ImportTextPane:218 - (OptionalMessage_ERROR) IP (DMA) : Parameter (Mode) has Id (SPI2_RX) currently not set
2025-07-03 00:35:21,604 [INFO] ImportTextPane:218 - (OptionalMessage_ERROR) IP (DMA) : Parameter (Priority) has Id (SPI2_RX) currently not set
2025-07-03 00:35:21,604 [INFO] ImportTextPane:218 - (OptionalMessage_ERROR) IP (DMA) : Parameter (FIFOMode) has Id (SPI2_RX) currently not set
2025-07-03 00:35:21,608 [INFO] ImportTextPane:218 - (OptionalMessage_ERROR) IP (RCC) : Parameter (RTCHSEDivFreq_Value) has invalid value (4000000)
2025-07-03 00:35:21,939 [INFO] ApiDb:581 - Connected to CubeFinder SQLite database (C:\Users\Tomas\.stmcufinder\plugins\mcufinder\mcu\cube-finder-db.db)
2025-07-03 00:35:22,034 [INFO] ApiDb:668 - CubeFinder database Data Model version=2.1
2025-07-03 00:35:22,034 [INFO] ApiDb:669 - CubeFinder database Configuration version=3.0.39
2025-07-03 00:35:22,035 [INFO] ApiDb:670 - CubeFinder database generation date=2025-04-23 (1745419778)
2025-07-03 00:35:22,035 [INFO] ApiDb:671 - CubeFinder database FW Pack versions=[FP-ATR-ASTRA1_V2.0.0, FP-SNS-FLIGHT1_V5.1.0, FP-SNS-MOTENV1_V5.0.0, FP-SNS-MOTENVWB1_V1.4.0, FP-SNS-SMARTAG2_V1.2.0, FP-SNS-STBOX1_V2.0.0, STM32Cube_FW_C0_V1.4.0, STM32Cube_FW_F4_V1.28.1, STM32Cube_FW_F7_V1.17.2, STM32Cube_FW_G0_V1.6.2, STM32Cube_FW_G4_V1.6.1, STM32Cube_FW_H5_V1.5.0, STM32Cube_FW_H7RS_V1.2.0, STM32Cube_FW_H7_V1.12.1, STM32Cube_FW_L0_V1.12.2, STM32Cube_FW_L4_V1.18.1, STM32Cube_FW_L5_V1.5.1, STM32Cube_FW_N6_V1.1.1, STM32Cube_FW_U0_V1.2.0, STM32Cube_FW_U3_V1.1.0, STM32Cube_FW_U5_V1.7.0, STM32Cube_FW_WB0_V1.2.0, STM32Cube_FW_WBA_V1.6.0, STM32Cube_FW_WB_V1.22.0, STM32Cube_FW_WL3_V1.1.0, STM32Cube_FW_WL_V1.3.1, X-CUBE-ALGOBUILD_V1.4.0, X-CUBE-ALS_V1.0.2, X-CUBE-AZRTOS-F4_V1.1.0, X-CUBE-AZRTOS-F7_V1.1.0, X-CUBE-AZRTOS-G0_V1.1.0, X-CUBE-AZRTOS-G4_V2.0.0, X-CUBE-AZRTOS-H7RS_V1.1.0, X-CUBE-AZRTOS-H7_V3.3.0, X-CUBE-AZRTOS-L4_V2.0.0, X-CUBE-AZRTOS-L5_V2.0.0, X-CUBE-AZRTOS-WB_V2.0.0, X-CUBE-AZRTOS-WL_V2.0.0, X-CUBE-BLE1_V7.1.0, X-CUBE-BLE2_V3.3.0, X-CUBE-BLEMGR_V4.0.0, X-CUBE-EEPRMA1_V5.1.0, X-CUBE-FREERTOS_V1.3.0, X-CUBE-GNSS1_V6.0.0, X-CUBE-MEMS1_V11.2.0, X-CUBE-NFC4_V3.0.0, X-CUBE-NFC7_V1.0.1, X-CUBE-SFXS2LP1_V4.0.0, X-CUBE-SUBG2_V5.0.0, X-CUBE-TOF1_V3.4.3]
2025-07-03 00:35:22,162 [INFO] DbBoardsSqlite:226 - include board P-NUCLEO-WB55-NUCLEO as a kit item of type 'Nucleo-64'
2025-07-03 00:35:22,162 [INFO] DbBoardsSqlite:226 - include board P-NUCLEO-WB55-USBDONGLE as a kit item of type 'Nucleo USB Dongle'
2025-07-03 00:35:22,163 [INFO] DbBoardsSqlite:226 - include board STEVAL-IDP005V1 as a kit item of type 'Evaluation Board'
2025-07-03 00:35:22,163 [INFO] DbBoardsSqlite:226 - include board STEVAL-IDP005V2 as a kit item of type 'Evaluation Board'
2025-07-03 00:35:22,799 [INFO] ApiDb:240 - Found 895 in-development CPN: [B-G473E-ZEST1S, B-WB1M-WPAN1, B-WBA5M-WPAN, B-WL5M-SUBG1, NUCLEO-C031C6, NUCLEO-C051C8, NUCLEO-C071RB, NUCLEO-C092RC, NUCLEO-H503RB, NUCLEO-H533RE, NUCLEO-H563ZI, NUCLEO-H7S3L8, NUCLEO-N657X0-Q, NUCLEO-U031R8, NUCLEO-U083RC, NUCLEO-U385RG-Q, NUCLEO-U545RE-Q, NUCLEO-U5A5ZJ-Q, NUCLEO-WB05KZ, NUCLEO-WB07CC, NUCLEO-WB09KE, NUCLEO-WBA52CG, NUCLEO-WBA55CG, NUCLEO-WBA65RI, NUCLEO-WL33CC1, NUCLEO-WL33CC2, STEVAL-PROTEUS1, STEVAL-SMARTAG2, STEVAL-STWINBX1, STM320518-EVAL, STM32C0116-DK, STM32C011D6Y3TR, STM32C011D6Y6TR, STM32C011F4P3, STM32C011F4P6, STM32C011F4U3, STM32C011F4U6TR, STM32C011F6P3, STM32C011F6P6, STM32C011F6U3, STM32C011F6U6TR, STM32C011J4M3, STM32C011J4M6, STM32C011J6M3, STM32C011J6M6, STM32C0316-DK, STM32C031C4T3, STM32C031C4T6, STM32C031C4U3, STM32C031C4U6, STM32C031C6T3, STM32C031C6T6, STM32C031C6U3, STM32C031C6U6, STM32C031F4P3, STM32C031F4P6, STM32C031F6P3, STM32C031F6P6, STM32C031G4U3, STM32C031G4U6, STM32C031G6U3, STM32C031G6U6, STM32C031K4T3, STM32C031K4T6, STM32C031K4U3, STM32C031K4U6, STM32C031K6T3, STM32C031K6T6, STM32C031K6U3, STM32C031K6U6, STM32C051C6T6, STM32C051C6U6, STM32C051C8T6, STM32C051C8U6, STM32C051D8Y6TR, STM32C051F6P6, STM32C051F8P6, STM32C051G6U6, STM32C051G8U6, STM32C051K6T6, STM32C051K6U6, STM32C051K8T6, STM32C071C8T6, STM32C071C8T6N, STM32C071C8U6, STM32C071C8U6N, STM32C071CBT6, STM32C071CBT6N, STM32C071CBU6, STM32C071CBU6N, STM32C071F8P6, STM32C071F8P6N, STM32C071FBP6, STM32C071FBP6N, STM32C071FBY6TR, STM32C071G8U6, STM32C071G8U6N, STM32C071GBU6, STM32C071GBU6N, STM32C071K8T6, STM32C071K8T6N, STM32C071K8U6, STM32C071K8U6N, STM32C071KBT6, STM32C071KBT6N, STM32C071KBU6, STM32C071KBU6N, STM32C071R8T6, STM32C071R8T6N, STM32C071RBI6N, STM32C071RBT6, STM32C071RBT6N, STM32C091CBT6, STM32C091CBU6, STM32C091CCT6, STM32C091CCU6, STM32C091ECY6TR, STM32C091FBP6, STM32C091FCP6, STM32C091GBU6, STM32C091GCU6, STM32C091KBT6, STM32C091KBU6, STM32C091KCT6, STM32C091KCU6, STM32C091RBT6, STM32C091RCI6, STM32C091RCT6, STM32C092CBT6, STM32C092CBU6, STM32C092CCT6, STM32C092CCU6, STM32C092ECY6TR, STM32C092FBP6, STM32C092FCP6, STM32C092GBU6, STM32C092GCU6, STM32C092KBT6, STM32C092KBU6, STM32C092KCT6, STM32C092KCU6, STM32C092RBT6, STM32C092RCI6, STM32C092RCT6, STM32G071K8TXN, STM32G071K8UXN, STM32G081GBU6N, STM32G081KBT6N, STM32G081KBUXN, STM32G0B1CCT6N, STM32G0B1KCT6, STM32G0B1NEY6TR, STM32G0B1RCT6N, STM32G0C1CCT6, STM32G0C1CCT6N, STM32G0C1CCU6N, STM32G0C1CET6N, STM32G0C1CEU6N, STM32G0C1KCT6, STM32G0C1NEY6TR, STM32G0C1RCI6N, STM32G0C1RCT6N, STM32G0C1REI6N, STM32G0C1RET6N, STM32G0C1VCI6, STM32G0C1VEI6, STM32G411C6T3, STM32G411C6T6, STM32G411C6U3, STM32G411C6U6, STM32G411C8T3, STM32G411C8T6, STM32G411C8U3, STM32G411C8U6, STM32G411CBT3, STM32G411CBT6, STM32G411CBU3, STM32G411CBU6, STM32G411CCT3, STM32G411CCT6, STM32G411CCU3, STM32G411CCU6, STM32G411K6T3, STM32G411K6T6, STM32G411K6U3, STM32G411K6U6, STM32G411K8T3, STM32G411K8T6, STM32G411K8U3, STM32G411K8U6, STM32G411KBT3, STM32G411KBT6, STM32G411KBU3, STM32G411KBU6, STM32G411M6T3, STM32G411M6T6, STM32G411M8T3, STM32G411M8T6, STM32G411MBT3, STM32G411MBT6, STM32G411MCT3, STM32G411MCT6, STM32G411R6T3, STM32G411R6T6, STM32G411R8T3, STM32G411R8T6, STM32G411RBT3, STM32G411RBT6, STM32G411RCT3, STM32G411RCT6, STM32G414CBT3, STM32G414CBT6, STM32G414CBU3, STM32G414CBU6, STM32G414CCT3, STM32G414CCT6, STM32G414CCU3, STM32G414CCU6, STM32G414MBT3, STM32G414MBT6, STM32G414MCT3, STM32G414MCT6, STM32G414RBT3, STM32G414RBT6, STM32G414RCT3, STM32G414RCT6, STM32G414VBT3, STM32G414VBT6, STM32G414VCT3, STM32G414VCT6, STM32G431CBT3Z, STM32G431RBT3Z, STM32G471CCT6, STM32G471CCU6, STM32G471CET3, STM32G471CET6, STM32G471CEU3, STM32G471CEU6, STM32G471MCT6, STM32G471MET3, STM32G471MET6, STM32G471MEY6TR, STM32G471QCT6, STM32G471QET3, STM32G471RCT6, STM32G471RET3, STM32G471RET6, STM32G471VCH6, STM32G471VCI6, STM32G471VCT6, STM32G471VEH3, STM32G471VEH6, STM32G471VEI3, STM32G471VEI6, STM32G471VET3, STM32G471VET6, STM32G473QET3Z, STM32G473RET3Z, STM32G474CCT6, STM32G491RET3Z, STM32H503CBT6, STM32H503CBU6, STM32H503EBY6TR, STM32H503KBU6, STM32H503RBT6, STM32H523CCT6, STM32H523CCU6, STM32H523CET6, STM32H523CEU6, STM32H523HEY6TR, STM32H523RCT6, STM32H523RET6, STM32H523VCI6, STM32H523VCT6, STM32H523VEI6, STM32H523VET6, STM32H523ZCJ6, STM32H523ZCT6, STM32H523ZEJ6, STM32H523ZET6, STM32H533CET6, STM32H533CEU6, STM32H533HEY6TR, STM32H533RET6, STM32H533VEI6, STM32H533VET6, STM32H533ZEJ6, STM32H533ZET6, STM32H562AGI6, STM32H562AII6, STM32H562IGK6, STM32H562IGT6, STM32H562IIK6, STM32H562IIT6, STM32H562RGT6, STM32H562RGV6, STM32H562RIT6, STM32H562RIV6, STM32H562VGT6, STM32H562VIT6, STM32H562ZGT6, STM32H562ZIT6, STM32H563AGI6, STM32H563AII3Q, STM32H563AII6, STM32H563IGK6, STM32H563IGT6, STM32H563IIK3Q, STM32H563IIK6, STM32H563IIT3Q, STM32H563IIT6, STM32H563MIY3QTR, STM32H563RGT6, STM32H563RGV6, STM32H563RIT6, STM32H563RIV6, STM32H563VGT6, STM32H563VIT3Q, STM32H563VIT6, STM32H563ZGT6, STM32H563ZIT3Q, STM32H563ZIT6, STM32H573AII3Q, STM32H573AII6, STM32H573I-DK, STM32H573IIK3Q, STM32H573IIK6, STM32H573IIT3Q, STM32H573IIT6, STM32H573MIY3QTR, STM32H573RIT6, STM32H573RIV6, STM32H573VIT3Q, STM32H573VIT6, STM32H573ZIT3Q, STM32H573ZIT6, STM32H7R3A8I6, STM32H7R3I8K6, STM32H7R3I8T6, STM32H7R3L8H6, STM32H7R3L8H6H, STM32H7R3R8V6, STM32H7R3V8H6, STM32H7R3V8T6, STM32H7R3V8Y6TR, STM32H7R3Z8J6, STM32H7R3Z8T6, STM32H7R7A8I6, STM32H7R7I8K6, STM32H7R7I8T6, STM32H7R7L8H6, STM32H7R7L8H6H, STM32H7R7Z8J6, STM32H7S3A8I6, STM32H7S3I8K6, STM32H7S3I8T6, STM32H7S3L8H6, STM32H7S3L8H6H, STM32H7S3R8V6, STM32H7S3V8H6, STM32H7S3V8T6, STM32H7S3V8Y6TR, STM32H7S3Z8J6, STM32H7S3Z8T6, STM32H7S78-DK, STM32H7S7A8I6, STM32H7S7I8K6, STM32H7S7I8T6, STM32H7S7L8H6, STM32H7S7L8H6H, STM32H7S7Z8J6, STM32L4R5QGI6STR, STM32MP131AAE3, STM32MP131AAF3, STM32MP131AAG3, STM32MP131CAE3, STM32MP131CAF3, STM32MP131CAG3, STM32MP131DAE7, STM32MP131DAF7, STM32MP131DAG7, STM32MP131FAE7, STM32MP131FAF7, STM32MP131FAG7, STM32MP133AAE3, STM32MP133AAF3, STM32MP133AAG3, STM32MP133CAE3, STM32MP133CAF3, STM32MP133CAG3, STM32MP133DAE7, STM32MP133DAF7, STM32MP133DAG7, STM32MP133FAE7, STM32MP133FAF7, STM32MP133FAG7, STM32MP135AAE3, STM32MP135AAF3, STM32MP135AAG3, STM32MP135CAE3, STM32MP135CAF3, STM32MP135CAG3, STM32MP135DAE7, STM32MP135DAF7, STM32MP135DAG7, STM32MP135F-DK, STM32MP135FAE7, STM32MP135FAF7, STM32MP135FAF7T, STM32MP135FAF7U, STM32MP135FAG7, STM32MP231AAJ3, STM32MP231AAK3, STM32MP231AAL3, STM32MP231CAJ3, STM32MP231CAK3, STM32MP231CAL3, STM32MP231DAJ3, STM32MP231DAK3, STM32MP231DAL3, STM32MP231FAJ3, STM32MP231FAK3, STM32MP231FAL3, STM32MP233AAJ3, STM32MP233AAK3, STM32MP233AAL3, STM32MP233CAJ3, STM32MP233CAK3, STM32MP233CAL3, STM32MP233DAJ3, STM32MP233DAK3, STM32MP233DAL3, STM32MP233FAJ3, STM32MP233FAK3, STM32MP233FAL3, STM32MP235AAJ3, STM32MP235AAK3, STM32MP235AAL3, STM32MP235CAJ3, STM32MP235CAK3, STM32MP235CAL3, STM32MP235DAJ3, STM32MP235DAK3, STM32MP235DAL3, STM32MP235FAJ3, STM32MP235FAK3, STM32MP235FAL3, STM32MP251AAI3, STM32MP251AAJ3, STM32MP251AAK3, STM32MP251AAL3, STM32MP251CAI3, STM32MP251CAJ3, STM32MP251CAK3, STM32MP251CAL3, STM32MP251DAI3, STM32MP251DAJ3, STM32MP251DAK3, STM32MP251DAL3, STM32MP251FAI3, STM32MP251FAJ3, STM32MP251FAK3, STM32MP251FAL3, STM32MP253AAI3, STM32MP253AAJ3, STM32MP253AAK3, STM32MP253AAL3, STM32MP253CAI3, STM32MP253CAJ3, STM32MP253CAK3, STM32MP253CAL3, STM32MP253DAI3, STM32MP253DAJ3, STM32MP253DAK3, STM32MP253DAL3, STM32MP253FAI3, STM32MP253FAJ3, STM32MP253FAK3, STM32MP253FAL3, STM32MP255AAI3, STM32MP255AAJ3, STM32MP255AAK3, STM32MP255AAL3, STM32MP255CAI3, STM32MP255CAJ3, STM32MP255CAK3, STM32MP255CAL3, STM32MP255DAI3, STM32MP255DAJ3, STM32MP255DAK3, STM32MP255DAL3, STM32MP255FAI3, STM32MP255FAJ3, STM32MP255FAK3, STM32MP255FAL3, STM32MP257AAI3, STM32MP257AAJ3, STM32MP257AAK3, STM32MP257AAL3, STM32MP257CAI3, STM32MP257CAJ3, STM32MP257CAK3, STM32MP257CAL3, STM32MP257DAI3, STM32MP257DAJ3, STM32MP257DAK3, STM32MP257DAL3, STM32MP257F-DK, STM32MP257F-EV1, STM32MP257FAI3, STM32MP257FAJ3, STM32MP257FAK3, STM32MP257FAL3, STM32N645A0H3Q, STM32N645B0H3Q, STM32N645I0H3Q, STM32N645L0H3Q, STM32N645X0H3Q, STM32N645Z0H3Q, STM32N647A0H3Q, STM32N647B0H3Q, STM32N647I0H3Q, STM32N647L0H3Q, STM32N647X0H3Q, STM32N647Z0H3Q, STM32N655A0H3Q, STM32N655B0H3Q, STM32N655I0H3Q, STM32N655L0H3Q, STM32N655X0H3Q, STM32N655Z0H3Q, STM32N6570-DK, STM32N657A0H3Q, STM32N657B0H3Q, STM32N657I0H3Q, STM32N657L0H3Q, STM32N657X0H3Q, STM32N657Z0H3Q, STM32U031C6T6, STM32U031C6U6, STM32U031C8T6, STM32U031C8U6, STM32U031F4P6, STM32U031F6P6, STM32U031F8P6, STM32U031G6Y6TR, STM32U031G8Y6TR, STM32U031K4U6, STM32U031K6U6, STM32U031K8U6, STM32U031R6I6, STM32U031R6T6, STM32U031R8I6, STM32U031R8T6, STM32U073C8T6, STM32U073C8U6, STM32U073CBT6, STM32U073CBU6, STM32U073CCT6, STM32U073CCU6, STM32U073H8Y6TR, STM32U073HBY6TR, STM32U073HCY6TR, STM32U073K8U6, STM32U073KBU6, STM32U073KCU6, STM32U073M8I6, STM32U073M8T6, STM32U073MBI6, STM32U073MBT6, STM32U073MCI6, STM32U073MCT6, STM32U073R8I6, STM32U073R8T6, STM32U073RBI6, STM32U073RBT6, STM32U073RCI6, STM32U073RCT6, STM32U083C-DK, STM32U083CCT6, STM32U083CCU6, STM32U083HCY6TR, STM32U083KCU6, STM32U083MCI6, STM32U083MCT6, STM32U083RCI6, STM32U083RCT6, STM32U375CET6, STM32U375CET6Q, STM32U375CEU6, STM32U375CEU6Q, STM32U375CEY6QTR, STM32U375CGT6, STM32U375CGT6Q, STM32U375CGU6, STM32U375CGU6Q, STM32U375CGY6QTR, STM32U375KEU6, STM32U375KGU6, STM32U375REI6, STM32U375REI6Q, STM32U375RET6, STM32U375RET6Q, STM32U375REY6GTR, STM32U375REY6QTR, STM32U375RGI6, STM32U375RGI6Q, STM32U375RGT6, STM32U375RGT6Q, STM32U375RGY6GTR, STM32U375RGY6QTR, STM32U375VEI6, STM32U375VEI6Q, STM32U375VET6, STM32U375VET6Q, STM32U375VGI6, STM32U375VGI6Q, STM32U375VGT6, STM32U375VGT6Q, STM32U385CGT6, STM32U385CGT6Q, STM32U385CGU6, STM32U385CGU6Q, STM32U385CGY6QTR, STM32U385KGU6, STM32U385RGI6, STM32U385RGI6Q, STM32U385RGT6, STM32U385RGT6Q, STM32U385RGY6GTR, STM32U385RGY6QTR, STM32U385VGI6, STM32U385VGI6Q, STM32U385VGT6, STM32U385VGT6Q, STM32U535CBT6, STM32U535CBT6Q, STM32U535CBU6, STM32U535CBU6Q, STM32U535CCT6, STM32U535CCT6Q, STM32U535CCU6, STM32U535CCU6Q, STM32U535CET6, STM32U535CET6Q, STM32U535CEU6, STM32U535CEU6Q, STM32U535JEY6QTR, STM32U535NCY6QTR, STM32U535NEY6QTR, STM32U535RBI6, STM32U535RBI6Q, STM32U535RBT6, STM32U535RBT6Q, STM32U535RCI6, STM32U535RCI6Q, STM32U535RCT6, STM32U535RCT6Q, STM32U535REI6, STM32U535REI6Q, STM32U535RET6, STM32U535RET6Q, STM32U535VCI6, STM32U535VCI6Q, STM32U535VCT6, STM32U535VCT6Q, STM32U535VEI6, STM32U535VEI6Q, STM32U535VET6, STM32U535VET6Q, STM32U545CET6, STM32U545CET6Q, STM32U545CEU6, STM32U545CEU6Q, STM32U545JEY6QTR, STM32U545NEY6QTR, STM32U545REI6, STM32U545REI6Q, STM32U545RET6, STM32U545RET6Q, STM32U545VEI6, STM32U545VEI6Q, STM32U545VET6, STM32U545VET6Q, STM32U595AIH6, STM32U595AIH6Q, STM32U595AJH6, STM32U595AJH6Q, STM32U595QII6, STM32U595QII6Q, STM32U595QJI6, STM32U595QJI6Q, STM32U595RIT6, STM32U595RIT6Q, STM32U595RJT6, STM32U595RJT6Q, STM32U595VIT6, STM32U595VIT6Q, STM32U595VJT6, STM32U595VJT6Q, STM32U595ZIT6, STM32U595ZIT6Q, STM32U595ZIY6QTR, STM32U595ZJT6, STM32U595ZJT6Q, STM32U595ZJY6QTR, STM32U599BJY6QTR, STM32U599NIH6Q, STM32U599NJH6Q, STM32U599VIT6Q, STM32U599VJT6, STM32U599VJT6Q, STM32U599ZIT6Q, STM32U599ZIY6QTR, STM32U599ZJT6Q, STM32U599ZJY6QTR, STM32U5A5AJH6, STM32U5A5AJH6Q, STM32U5A5QII3Q , STM32U5A5QJI6, STM32U5A5QJI6Q, STM32U5A5RJT6, STM32U5A5RJT6Q, STM32U5A5VJT6, STM32U5A5VJT6Q, STM32U5A5ZJT6, STM32U5A5ZJT6Q, STM32U5A5ZJY6QTR, STM32U5A9BJY6QTR, STM32U5A9J-DK, STM32U5A9NJH6Q, STM32U5A9VJT6Q, STM32U5A9ZJT6Q, STM32U5A9ZJY6QTR, STM32U5F7VIT6, STM32U5F7VIT6Q, STM32U5F7VJT6, STM32U5F7VJT6Q, STM32U5F9BJY6QTR, STM32U5F9NJH6Q, STM32U5F9VIT6Q, STM32U5F9VJT6Q, STM32U5F9ZIJ6QTR, STM32U5F9ZIT6Q, STM32U5F9ZJJ6QTR, STM32U5F9ZJT6Q, STM32U5G7VJT6, STM32U5G7VJT6Q, STM32U5G9BJY6QTR, STM32U5G9J-DK1, STM32U5G9J-DK2, STM32U5G9NJH6Q, STM32U5G9VJT6Q, STM32U5G9ZJJ6QTR, STM32U5G9ZJT6Q, STM32WB05KZV6TR, STM32WB05KZV7TR, STM32WB05TZF6TR, STM32WB05TZF7TR, STM32WB06CCF6TR, STM32WB06CCF7TR, STM32WB06CCV6TR, STM32WB06CCV7TR, STM32WB06KCV6TR, STM32WB06KCV7TR, STM32WB07CCF6TR, STM32WB07CCF7TR, STM32WB07CCV6TR, STM32WB07CCV7TR, STM32WB07KCV6TR, STM32WB07KCV7TR, STM32WB09KEV6TR, STM32WB09KEV7TR, STM32WB09TEF6TR, STM32WB09TEF7TR, STM32WB1MMCH6, STM32WBA50KGU6, STM32WBA50KGU6TR, STM32WBA52CEU6, STM32WBA52CEU6TR, STM32WBA52CEU7, STM32WBA52CEU7TR, STM32WBA52CGU6, STM32WBA52CGU6TR, STM32WBA52CGU6U, STM32WBA52CGU7, STM32WBA52CGU7TR, STM32WBA52KEU6, STM32WBA52KEU6TR, STM32WBA52KGU6, STM32WBA52KGU6TR, STM32WBA54CEU6, STM32WBA54CEU6TR, STM32WBA54CEU7, STM32WBA54CEU7TR, STM32WBA54CGU6, STM32WBA54CGU6TR, STM32WBA54CGU7, STM32WBA54CGU7TR, STM32WBA54KEU6, STM32WBA54KEU6TR, STM32WBA54KEU7, STM32WBA54KEU7TR, STM32WBA54KGU6, STM32WBA54KGU6TR, STM32WBA54KGU7, STM32WBA54KGU7TR, STM32WBA55CEU6, STM32WBA55CEU6TR, STM32WBA55CEU7, STM32WBA55CEU7TR, STM32WBA55CGU6, STM32WBA55CGU6TR, STM32WBA55CGU6U, STM32WBA55CGU7, STM32WBA55CGU7TR, STM32WBA55G-DK1, STM32WBA55HEF6, STM32WBA55HEF7, STM32WBA55HGF6, STM32WBA55HGF7, STM32WBA55UEI6, STM32WBA55UEI6TR, STM32WBA55UEI7, STM32WBA55UEI7TR, STM32WBA55UGI6, STM32WBA55UGI6TR, STM32WBA55UGI7, STM32WBA55UGI7TR, STM32WBA5MJGH6TR, STM32WBA62CGU6, STM32WBA62CIU6, STM32WBA62MGF6, STM32WBA62MIF6, STM32WBA62PGI6, STM32WBA62PII6, STM32WBA63CGU6, STM32WBA63CGU7, STM32WBA63CIU6, STM32WBA63CIU7, STM32WBA64CGU6, STM32WBA64CGU7, STM32WBA64CIU6, STM32WBA64CIU7, STM32WBA65CGU6, STM32WBA65CGU7, STM32WBA65CIU6, STM32WBA65CIU7, STM32WBA65I-DK1, STM32WBA65MGF6, STM32WBA65MGF7, STM32WBA65MIF6, STM32WBA65MIF7, STM32WBA65PGI6, STM32WBA65PGI7, STM32WBA65PII6, STM32WBA65PII7, STM32WBA65RGV6, STM32WBA65RGV7, STM32WBA65RIV6, STM32WBA65RIV7, STM32WL30K8V6, STM32WL30KBV6, STM32WL31C8V6, STM32WL31CBV6, STM32WL31K8V6, STM32WL31KBV6, STM32WL33C8V6, STM32WL33C8V6TR, STM32WL33C8V7, STM32WL33C8V7TR, STM32WL33CBV6, STM32WL33CBV6TR, STM32WL33CBV7, STM32WL33CBV7TR, STM32WL33CCV6, STM32WL33CCV6TR, STM32WL33CCV7, STM32WL33CCV7A, STM32WL33CCV7ATR, STM32WL33CCV7TR, STM32WL33K8V6, STM32WL33K8V6TR, STM32WL33K8V7, STM32WL33K8V7TR, STM32WL33KBV6, STM32WL33KBV6TR, STM32WL33KBV7, STM32WL33KBV7TR, STM32WL33KCV6, STM32WL33KCV6TR, STM32WL33KCV7, STM32WL33KCV7TR, STM32WL5MOCH6, STM32WL5MOCH6TR]
2025-07-03 00:35:23,020 [INFO] BoardInfo:889 - No configuration file found for board P-NUCLEO-WB55
2025-07-03 00:35:23,021 [INFO] DbBoards:161 - Kit is not supported: P-NUCLEO-WB55
2025-07-03 00:35:23,028 [INFO] BoardInfo:889 - No configuration file found for board STEVAL-BFA001V1B
2025-07-03 00:35:23,029 [INFO] DbBoards:161 - Kit is not supported: STEVAL-BFA001V1B
2025-07-03 00:35:23,030 [INFO] BoardInfo:889 - No configuration file found for board STEVAL-BFA001V2B
2025-07-03 00:35:23,031 [INFO] DbBoards:161 - Kit is not supported: STEVAL-BFA001V2B
2025-07-03 00:35:23,232 [INFO] DbBoards:168 - Found 211 boards, 208 are supported
2025-07-03 00:35:23,232 [INFO] DbBoards:169 - Found 211 boards, 43 of them is supported for  Bsp
2025-07-03 00:35:23,237 [INFO] ApiDb:668 - CubeFinder database Data Model version=2.1
2025-07-03 00:35:23,237 [INFO] ApiDb:669 - CubeFinder database Configuration version=3.0.39
2025-07-03 00:35:23,237 [INFO] ApiDb:670 - CubeFinder database generation date=2025-04-23 (1745419778)
2025-07-03 00:35:23,237 [INFO] ApiDb:671 - CubeFinder database FW Pack versions=[FP-ATR-ASTRA1_V2.0.0, FP-SNS-FLIGHT1_V5.1.0, FP-SNS-MOTENV1_V5.0.0, FP-SNS-MOTENVWB1_V1.4.0, FP-SNS-SMARTAG2_V1.2.0, FP-SNS-STBOX1_V2.0.0, STM32Cube_FW_C0_V1.4.0, STM32Cube_FW_F4_V1.28.1, STM32Cube_FW_F7_V1.17.2, STM32Cube_FW_G0_V1.6.2, STM32Cube_FW_G4_V1.6.1, STM32Cube_FW_H5_V1.5.0, STM32Cube_FW_H7RS_V1.2.0, STM32Cube_FW_H7_V1.12.1, STM32Cube_FW_L0_V1.12.2, STM32Cube_FW_L4_V1.18.1, STM32Cube_FW_L5_V1.5.1, STM32Cube_FW_N6_V1.1.1, STM32Cube_FW_U0_V1.2.0, STM32Cube_FW_U3_V1.1.0, STM32Cube_FW_U5_V1.7.0, STM32Cube_FW_WB0_V1.2.0, STM32Cube_FW_WBA_V1.6.0, STM32Cube_FW_WB_V1.22.0, STM32Cube_FW_WL3_V1.1.0, STM32Cube_FW_WL_V1.3.1, X-CUBE-ALGOBUILD_V1.4.0, X-CUBE-ALS_V1.0.2, X-CUBE-AZRTOS-F4_V1.1.0, X-CUBE-AZRTOS-F7_V1.1.0, X-CUBE-AZRTOS-G0_V1.1.0, X-CUBE-AZRTOS-G4_V2.0.0, X-CUBE-AZRTOS-H7RS_V1.1.0, X-CUBE-AZRTOS-H7_V3.3.0, X-CUBE-AZRTOS-L4_V2.0.0, X-CUBE-AZRTOS-L5_V2.0.0, X-CUBE-AZRTOS-WB_V2.0.0, X-CUBE-AZRTOS-WL_V2.0.0, X-CUBE-BLE1_V7.1.0, X-CUBE-BLE2_V3.3.0, X-CUBE-BLEMGR_V4.0.0, X-CUBE-EEPRMA1_V5.1.0, X-CUBE-FREERTOS_V1.3.0, X-CUBE-GNSS1_V6.0.0, X-CUBE-MEMS1_V11.2.0, X-CUBE-NFC4_V3.0.0, X-CUBE-NFC7_V1.0.1, X-CUBE-SFXS2LP1_V4.0.0, X-CUBE-SUBG2_V5.0.0, X-CUBE-TOF1_V3.4.3]
2025-07-03 00:35:24,939 [INFO] ApiDb:240 - Found 895 in-development CPN: [B-G473E-ZEST1S, B-WB1M-WPAN1, B-WBA5M-WPAN, B-WL5M-SUBG1, NUCLEO-C031C6, NUCLEO-C051C8, NUCLEO-C071RB, NUCLEO-C092RC, NUCLEO-H503RB, NUCLEO-H533RE, NUCLEO-H563ZI, NUCLEO-H7S3L8, NUCLEO-N657X0-Q, NUCLEO-U031R8, NUCLEO-U083RC, NUCLEO-U385RG-Q, NUCLEO-U545RE-Q, NUCLEO-U5A5ZJ-Q, NUCLEO-WB05KZ, NUCLEO-WB07CC, NUCLEO-WB09KE, NUCLEO-WBA52CG, NUCLEO-WBA55CG, NUCLEO-WBA65RI, NUCLEO-WL33CC1, NUCLEO-WL33CC2, STEVAL-PROTEUS1, STEVAL-SMARTAG2, STEVAL-STWINBX1, STM320518-EVAL, STM32C0116-DK, STM32C011D6Y3TR, STM32C011D6Y6TR, STM32C011F4P3, STM32C011F4P6, STM32C011F4U3, STM32C011F4U6TR, STM32C011F6P3, STM32C011F6P6, STM32C011F6U3, STM32C011F6U6TR, STM32C011J4M3, STM32C011J4M6, STM32C011J6M3, STM32C011J6M6, STM32C0316-DK, STM32C031C4T3, STM32C031C4T6, STM32C031C4U3, STM32C031C4U6, STM32C031C6T3, STM32C031C6T6, STM32C031C6U3, STM32C031C6U6, STM32C031F4P3, STM32C031F4P6, STM32C031F6P3, STM32C031F6P6, STM32C031G4U3, STM32C031G4U6, STM32C031G6U3, STM32C031G6U6, STM32C031K4T3, STM32C031K4T6, STM32C031K4U3, STM32C031K4U6, STM32C031K6T3, STM32C031K6T6, STM32C031K6U3, STM32C031K6U6, STM32C051C6T6, STM32C051C6U6, STM32C051C8T6, STM32C051C8U6, STM32C051D8Y6TR, STM32C051F6P6, STM32C051F8P6, STM32C051G6U6, STM32C051G8U6, STM32C051K6T6, STM32C051K6U6, STM32C051K8T6, STM32C071C8T6, STM32C071C8T6N, STM32C071C8U6, STM32C071C8U6N, STM32C071CBT6, STM32C071CBT6N, STM32C071CBU6, STM32C071CBU6N, STM32C071F8P6, STM32C071F8P6N, STM32C071FBP6, STM32C071FBP6N, STM32C071FBY6TR, STM32C071G8U6, STM32C071G8U6N, STM32C071GBU6, STM32C071GBU6N, STM32C071K8T6, STM32C071K8T6N, STM32C071K8U6, STM32C071K8U6N, STM32C071KBT6, STM32C071KBT6N, STM32C071KBU6, STM32C071KBU6N, STM32C071R8T6, STM32C071R8T6N, STM32C071RBI6N, STM32C071RBT6, STM32C071RBT6N, STM32C091CBT6, STM32C091CBU6, STM32C091CCT6, STM32C091CCU6, STM32C091ECY6TR, STM32C091FBP6, STM32C091FCP6, STM32C091GBU6, STM32C091GCU6, STM32C091KBT6, STM32C091KBU6, STM32C091KCT6, STM32C091KCU6, STM32C091RBT6, STM32C091RCI6, STM32C091RCT6, STM32C092CBT6, STM32C092CBU6, STM32C092CCT6, STM32C092CCU6, STM32C092ECY6TR, STM32C092FBP6, STM32C092FCP6, STM32C092GBU6, STM32C092GCU6, STM32C092KBT6, STM32C092KBU6, STM32C092KCT6, STM32C092KCU6, STM32C092RBT6, STM32C092RCI6, STM32C092RCT6, STM32G071K8TXN, STM32G071K8UXN, STM32G081GBU6N, STM32G081KBT6N, STM32G081KBUXN, STM32G0B1CCT6N, STM32G0B1KCT6, STM32G0B1NEY6TR, STM32G0B1RCT6N, STM32G0C1CCT6, STM32G0C1CCT6N, STM32G0C1CCU6N, STM32G0C1CET6N, STM32G0C1CEU6N, STM32G0C1KCT6, STM32G0C1NEY6TR, STM32G0C1RCI6N, STM32G0C1RCT6N, STM32G0C1REI6N, STM32G0C1RET6N, STM32G0C1VCI6, STM32G0C1VEI6, STM32G411C6T3, STM32G411C6T6, STM32G411C6U3, STM32G411C6U6, STM32G411C8T3, STM32G411C8T6, STM32G411C8U3, STM32G411C8U6, STM32G411CBT3, STM32G411CBT6, STM32G411CBU3, STM32G411CBU6, STM32G411CCT3, STM32G411CCT6, STM32G411CCU3, STM32G411CCU6, STM32G411K6T3, STM32G411K6T6, STM32G411K6U3, STM32G411K6U6, STM32G411K8T3, STM32G411K8T6, STM32G411K8U3, STM32G411K8U6, STM32G411KBT3, STM32G411KBT6, STM32G411KBU3, STM32G411KBU6, STM32G411M6T3, STM32G411M6T6, STM32G411M8T3, STM32G411M8T6, STM32G411MBT3, STM32G411MBT6, STM32G411MCT3, STM32G411MCT6, STM32G411R6T3, STM32G411R6T6, STM32G411R8T3, STM32G411R8T6, STM32G411RBT3, STM32G411RBT6, STM32G411RCT3, STM32G411RCT6, STM32G414CBT3, STM32G414CBT6, STM32G414CBU3, STM32G414CBU6, STM32G414CCT3, STM32G414CCT6, STM32G414CCU3, STM32G414CCU6, STM32G414MBT3, STM32G414MBT6, STM32G414MCT3, STM32G414MCT6, STM32G414RBT3, STM32G414RBT6, STM32G414RCT3, STM32G414RCT6, STM32G414VBT3, STM32G414VBT6, STM32G414VCT3, STM32G414VCT6, STM32G431CBT3Z, STM32G431RBT3Z, STM32G471CCT6, STM32G471CCU6, STM32G471CET3, STM32G471CET6, STM32G471CEU3, STM32G471CEU6, STM32G471MCT6, STM32G471MET3, STM32G471MET6, STM32G471MEY6TR, STM32G471QCT6, STM32G471QET3, STM32G471RCT6, STM32G471RET3, STM32G471RET6, STM32G471VCH6, STM32G471VCI6, STM32G471VCT6, STM32G471VEH3, STM32G471VEH6, STM32G471VEI3, STM32G471VEI6, STM32G471VET3, STM32G471VET6, STM32G473QET3Z, STM32G473RET3Z, STM32G474CCT6, STM32G491RET3Z, STM32H503CBT6, STM32H503CBU6, STM32H503EBY6TR, STM32H503KBU6, STM32H503RBT6, STM32H523CCT6, STM32H523CCU6, STM32H523CET6, STM32H523CEU6, STM32H523HEY6TR, STM32H523RCT6, STM32H523RET6, STM32H523VCI6, STM32H523VCT6, STM32H523VEI6, STM32H523VET6, STM32H523ZCJ6, STM32H523ZCT6, STM32H523ZEJ6, STM32H523ZET6, STM32H533CET6, STM32H533CEU6, STM32H533HEY6TR, STM32H533RET6, STM32H533VEI6, STM32H533VET6, STM32H533ZEJ6, STM32H533ZET6, STM32H562AGI6, STM32H562AII6, STM32H562IGK6, STM32H562IGT6, STM32H562IIK6, STM32H562IIT6, STM32H562RGT6, STM32H562RGV6, STM32H562RIT6, STM32H562RIV6, STM32H562VGT6, STM32H562VIT6, STM32H562ZGT6, STM32H562ZIT6, STM32H563AGI6, STM32H563AII3Q, STM32H563AII6, STM32H563IGK6, STM32H563IGT6, STM32H563IIK3Q, STM32H563IIK6, STM32H563IIT3Q, STM32H563IIT6, STM32H563MIY3QTR, STM32H563RGT6, STM32H563RGV6, STM32H563RIT6, STM32H563RIV6, STM32H563VGT6, STM32H563VIT3Q, STM32H563VIT6, STM32H563ZGT6, STM32H563ZIT3Q, STM32H563ZIT6, STM32H573AII3Q, STM32H573AII6, STM32H573I-DK, STM32H573IIK3Q, STM32H573IIK6, STM32H573IIT3Q, STM32H573IIT6, STM32H573MIY3QTR, STM32H573RIT6, STM32H573RIV6, STM32H573VIT3Q, STM32H573VIT6, STM32H573ZIT3Q, STM32H573ZIT6, STM32H7R3A8I6, STM32H7R3I8K6, STM32H7R3I8T6, STM32H7R3L8H6, STM32H7R3L8H6H, STM32H7R3R8V6, STM32H7R3V8H6, STM32H7R3V8T6, STM32H7R3V8Y6TR, STM32H7R3Z8J6, STM32H7R3Z8T6, STM32H7R7A8I6, STM32H7R7I8K6, STM32H7R7I8T6, STM32H7R7L8H6, STM32H7R7L8H6H, STM32H7R7Z8J6, STM32H7S3A8I6, STM32H7S3I8K6, STM32H7S3I8T6, STM32H7S3L8H6, STM32H7S3L8H6H, STM32H7S3R8V6, STM32H7S3V8H6, STM32H7S3V8T6, STM32H7S3V8Y6TR, STM32H7S3Z8J6, STM32H7S3Z8T6, STM32H7S78-DK, STM32H7S7A8I6, STM32H7S7I8K6, STM32H7S7I8T6, STM32H7S7L8H6, STM32H7S7L8H6H, STM32H7S7Z8J6, STM32L4R5QGI6STR, STM32MP131AAE3, STM32MP131AAF3, STM32MP131AAG3, STM32MP131CAE3, STM32MP131CAF3, STM32MP131CAG3, STM32MP131DAE7, STM32MP131DAF7, STM32MP131DAG7, STM32MP131FAE7, STM32MP131FAF7, STM32MP131FAG7, STM32MP133AAE3, STM32MP133AAF3, STM32MP133AAG3, STM32MP133CAE3, STM32MP133CAF3, STM32MP133CAG3, STM32MP133DAE7, STM32MP133DAF7, STM32MP133DAG7, STM32MP133FAE7, STM32MP133FAF7, STM32MP133FAG7, STM32MP135AAE3, STM32MP135AAF3, STM32MP135AAG3, STM32MP135CAE3, STM32MP135CAF3, STM32MP135CAG3, STM32MP135DAE7, STM32MP135DAF7, STM32MP135DAG7, STM32MP135F-DK, STM32MP135FAE7, STM32MP135FAF7, STM32MP135FAF7T, STM32MP135FAF7U, STM32MP135FAG7, STM32MP231AAJ3, STM32MP231AAK3, STM32MP231AAL3, STM32MP231CAJ3, STM32MP231CAK3, STM32MP231CAL3, STM32MP231DAJ3, STM32MP231DAK3, STM32MP231DAL3, STM32MP231FAJ3, STM32MP231FAK3, STM32MP231FAL3, STM32MP233AAJ3, STM32MP233AAK3, STM32MP233AAL3, STM32MP233CAJ3, STM32MP233CAK3, STM32MP233CAL3, STM32MP233DAJ3, STM32MP233DAK3, STM32MP233DAL3, STM32MP233FAJ3, STM32MP233FAK3, STM32MP233FAL3, STM32MP235AAJ3, STM32MP235AAK3, STM32MP235AAL3, STM32MP235CAJ3, STM32MP235CAK3, STM32MP235CAL3, STM32MP235DAJ3, STM32MP235DAK3, STM32MP235DAL3, STM32MP235FAJ3, STM32MP235FAK3, STM32MP235FAL3, STM32MP251AAI3, STM32MP251AAJ3, STM32MP251AAK3, STM32MP251AAL3, STM32MP251CAI3, STM32MP251CAJ3, STM32MP251CAK3, STM32MP251CAL3, STM32MP251DAI3, STM32MP251DAJ3, STM32MP251DAK3, STM32MP251DAL3, STM32MP251FAI3, STM32MP251FAJ3, STM32MP251FAK3, STM32MP251FAL3, STM32MP253AAI3, STM32MP253AAJ3, STM32MP253AAK3, STM32MP253AAL3, STM32MP253CAI3, STM32MP253CAJ3, STM32MP253CAK3, STM32MP253CAL3, STM32MP253DAI3, STM32MP253DAJ3, STM32MP253DAK3, STM32MP253DAL3, STM32MP253FAI3, STM32MP253FAJ3, STM32MP253FAK3, STM32MP253FAL3, STM32MP255AAI3, STM32MP255AAJ3, STM32MP255AAK3, STM32MP255AAL3, STM32MP255CAI3, STM32MP255CAJ3, STM32MP255CAK3, STM32MP255CAL3, STM32MP255DAI3, STM32MP255DAJ3, STM32MP255DAK3, STM32MP255DAL3, STM32MP255FAI3, STM32MP255FAJ3, STM32MP255FAK3, STM32MP255FAL3, STM32MP257AAI3, STM32MP257AAJ3, STM32MP257AAK3, STM32MP257AAL3, STM32MP257CAI3, STM32MP257CAJ3, STM32MP257CAK3, STM32MP257CAL3, STM32MP257DAI3, STM32MP257DAJ3, STM32MP257DAK3, STM32MP257DAL3, STM32MP257F-DK, STM32MP257F-EV1, STM32MP257FAI3, STM32MP257FAJ3, STM32MP257FAK3, STM32MP257FAL3, STM32N645A0H3Q, STM32N645B0H3Q, STM32N645I0H3Q, STM32N645L0H3Q, STM32N645X0H3Q, STM32N645Z0H3Q, STM32N647A0H3Q, STM32N647B0H3Q, STM32N647I0H3Q, STM32N647L0H3Q, STM32N647X0H3Q, STM32N647Z0H3Q, STM32N655A0H3Q, STM32N655B0H3Q, STM32N655I0H3Q, STM32N655L0H3Q, STM32N655X0H3Q, STM32N655Z0H3Q, STM32N6570-DK, STM32N657A0H3Q, STM32N657B0H3Q, STM32N657I0H3Q, STM32N657L0H3Q, STM32N657X0H3Q, STM32N657Z0H3Q, STM32U031C6T6, STM32U031C6U6, STM32U031C8T6, STM32U031C8U6, STM32U031F4P6, STM32U031F6P6, STM32U031F8P6, STM32U031G6Y6TR, STM32U031G8Y6TR, STM32U031K4U6, STM32U031K6U6, STM32U031K8U6, STM32U031R6I6, STM32U031R6T6, STM32U031R8I6, STM32U031R8T6, STM32U073C8T6, STM32U073C8U6, STM32U073CBT6, STM32U073CBU6, STM32U073CCT6, STM32U073CCU6, STM32U073H8Y6TR, STM32U073HBY6TR, STM32U073HCY6TR, STM32U073K8U6, STM32U073KBU6, STM32U073KCU6, STM32U073M8I6, STM32U073M8T6, STM32U073MBI6, STM32U073MBT6, STM32U073MCI6, STM32U073MCT6, STM32U073R8I6, STM32U073R8T6, STM32U073RBI6, STM32U073RBT6, STM32U073RCI6, STM32U073RCT6, STM32U083C-DK, STM32U083CCT6, STM32U083CCU6, STM32U083HCY6TR, STM32U083KCU6, STM32U083MCI6, STM32U083MCT6, STM32U083RCI6, STM32U083RCT6, STM32U375CET6, STM32U375CET6Q, STM32U375CEU6, STM32U375CEU6Q, STM32U375CEY6QTR, STM32U375CGT6, STM32U375CGT6Q, STM32U375CGU6, STM32U375CGU6Q, STM32U375CGY6QTR, STM32U375KEU6, STM32U375KGU6, STM32U375REI6, STM32U375REI6Q, STM32U375RET6, STM32U375RET6Q, STM32U375REY6GTR, STM32U375REY6QTR, STM32U375RGI6, STM32U375RGI6Q, STM32U375RGT6, STM32U375RGT6Q, STM32U375RGY6GTR, STM32U375RGY6QTR, STM32U375VEI6, STM32U375VEI6Q, STM32U375VET6, STM32U375VET6Q, STM32U375VGI6, STM32U375VGI6Q, STM32U375VGT6, STM32U375VGT6Q, STM32U385CGT6, STM32U385CGT6Q, STM32U385CGU6, STM32U385CGU6Q, STM32U385CGY6QTR, STM32U385KGU6, STM32U385RGI6, STM32U385RGI6Q, STM32U385RGT6, STM32U385RGT6Q, STM32U385RGY6GTR, STM32U385RGY6QTR, STM32U385VGI6, STM32U385VGI6Q, STM32U385VGT6, STM32U385VGT6Q, STM32U535CBT6, STM32U535CBT6Q, STM32U535CBU6, STM32U535CBU6Q, STM32U535CCT6, STM32U535CCT6Q, STM32U535CCU6, STM32U535CCU6Q, STM32U535CET6, STM32U535CET6Q, STM32U535CEU6, STM32U535CEU6Q, STM32U535JEY6QTR, STM32U535NCY6QTR, STM32U535NEY6QTR, STM32U535RBI6, STM32U535RBI6Q, STM32U535RBT6, STM32U535RBT6Q, STM32U535RCI6, STM32U535RCI6Q, STM32U535RCT6, STM32U535RCT6Q, STM32U535REI6, STM32U535REI6Q, STM32U535RET6, STM32U535RET6Q, STM32U535VCI6, STM32U535VCI6Q, STM32U535VCT6, STM32U535VCT6Q, STM32U535VEI6, STM32U535VEI6Q, STM32U535VET6, STM32U535VET6Q, STM32U545CET6, STM32U545CET6Q, STM32U545CEU6, STM32U545CEU6Q, STM32U545JEY6QTR, STM32U545NEY6QTR, STM32U545REI6, STM32U545REI6Q, STM32U545RET6, STM32U545RET6Q, STM32U545VEI6, STM32U545VEI6Q, STM32U545VET6, STM32U545VET6Q, STM32U595AIH6, STM32U595AIH6Q, STM32U595AJH6, STM32U595AJH6Q, STM32U595QII6, STM32U595QII6Q, STM32U595QJI6, STM32U595QJI6Q, STM32U595RIT6, STM32U595RIT6Q, STM32U595RJT6, STM32U595RJT6Q, STM32U595VIT6, STM32U595VIT6Q, STM32U595VJT6, STM32U595VJT6Q, STM32U595ZIT6, STM32U595ZIT6Q, STM32U595ZIY6QTR, STM32U595ZJT6, STM32U595ZJT6Q, STM32U595ZJY6QTR, STM32U599BJY6QTR, STM32U599NIH6Q, STM32U599NJH6Q, STM32U599VIT6Q, STM32U599VJT6, STM32U599VJT6Q, STM32U599ZIT6Q, STM32U599ZIY6QTR, STM32U599ZJT6Q, STM32U599ZJY6QTR, STM32U5A5AJH6, STM32U5A5AJH6Q, STM32U5A5QII3Q , STM32U5A5QJI6, STM32U5A5QJI6Q, STM32U5A5RJT6, STM32U5A5RJT6Q, STM32U5A5VJT6, STM32U5A5VJT6Q, STM32U5A5ZJT6, STM32U5A5ZJT6Q, STM32U5A5ZJY6QTR, STM32U5A9BJY6QTR, STM32U5A9J-DK, STM32U5A9NJH6Q, STM32U5A9VJT6Q, STM32U5A9ZJT6Q, STM32U5A9ZJY6QTR, STM32U5F7VIT6, STM32U5F7VIT6Q, STM32U5F7VJT6, STM32U5F7VJT6Q, STM32U5F9BJY6QTR, STM32U5F9NJH6Q, STM32U5F9VIT6Q, STM32U5F9VJT6Q, STM32U5F9ZIJ6QTR, STM32U5F9ZIT6Q, STM32U5F9ZJJ6QTR, STM32U5F9ZJT6Q, STM32U5G7VJT6, STM32U5G7VJT6Q, STM32U5G9BJY6QTR, STM32U5G9J-DK1, STM32U5G9J-DK2, STM32U5G9NJH6Q, STM32U5G9VJT6Q, STM32U5G9ZJJ6QTR, STM32U5G9ZJT6Q, STM32WB05KZV6TR, STM32WB05KZV7TR, STM32WB05TZF6TR, STM32WB05TZF7TR, STM32WB06CCF6TR, STM32WB06CCF7TR, STM32WB06CCV6TR, STM32WB06CCV7TR, STM32WB06KCV6TR, STM32WB06KCV7TR, STM32WB07CCF6TR, STM32WB07CCF7TR, STM32WB07CCV6TR, STM32WB07CCV7TR, STM32WB07KCV6TR, STM32WB07KCV7TR, STM32WB09KEV6TR, STM32WB09KEV7TR, STM32WB09TEF6TR, STM32WB09TEF7TR, STM32WB1MMCH6, STM32WBA50KGU6, STM32WBA50KGU6TR, STM32WBA52CEU6, STM32WBA52CEU6TR, STM32WBA52CEU7, STM32WBA52CEU7TR, STM32WBA52CGU6, STM32WBA52CGU6TR, STM32WBA52CGU6U, STM32WBA52CGU7, STM32WBA52CGU7TR, STM32WBA52KEU6, STM32WBA52KEU6TR, STM32WBA52KGU6, STM32WBA52KGU6TR, STM32WBA54CEU6, STM32WBA54CEU6TR, STM32WBA54CEU7, STM32WBA54CEU7TR, STM32WBA54CGU6, STM32WBA54CGU6TR, STM32WBA54CGU7, STM32WBA54CGU7TR, STM32WBA54KEU6, STM32WBA54KEU6TR, STM32WBA54KEU7, STM32WBA54KEU7TR, STM32WBA54KGU6, STM32WBA54KGU6TR, STM32WBA54KGU7, STM32WBA54KGU7TR, STM32WBA55CEU6, STM32WBA55CEU6TR, STM32WBA55CEU7, STM32WBA55CEU7TR, STM32WBA55CGU6, STM32WBA55CGU6TR, STM32WBA55CGU6U, STM32WBA55CGU7, STM32WBA55CGU7TR, STM32WBA55G-DK1, STM32WBA55HEF6, STM32WBA55HEF7, STM32WBA55HGF6, STM32WBA55HGF7, STM32WBA55UEI6, STM32WBA55UEI6TR, STM32WBA55UEI7, STM32WBA55UEI7TR, STM32WBA55UGI6, STM32WBA55UGI6TR, STM32WBA55UGI7, STM32WBA55UGI7TR, STM32WBA5MJGH6TR, STM32WBA62CGU6, STM32WBA62CIU6, STM32WBA62MGF6, STM32WBA62MIF6, STM32WBA62PGI6, STM32WBA62PII6, STM32WBA63CGU6, STM32WBA63CGU7, STM32WBA63CIU6, STM32WBA63CIU7, STM32WBA64CGU6, STM32WBA64CGU7, STM32WBA64CIU6, STM32WBA64CIU7, STM32WBA65CGU6, STM32WBA65CGU7, STM32WBA65CIU6, STM32WBA65CIU7, STM32WBA65I-DK1, STM32WBA65MGF6, STM32WBA65MGF7, STM32WBA65MIF6, STM32WBA65MIF7, STM32WBA65PGI6, STM32WBA65PGI7, STM32WBA65PII6, STM32WBA65PII7, STM32WBA65RGV6, STM32WBA65RGV7, STM32WBA65RIV6, STM32WBA65RIV7, STM32WL30K8V6, STM32WL30KBV6, STM32WL31C8V6, STM32WL31CBV6, STM32WL31K8V6, STM32WL31KBV6, STM32WL33C8V6, STM32WL33C8V6TR, STM32WL33C8V7, STM32WL33C8V7TR, STM32WL33CBV6, STM32WL33CBV6TR, STM32WL33CBV7, STM32WL33CBV7TR, STM32WL33CCV6, STM32WL33CCV6TR, STM32WL33CCV7, STM32WL33CCV7A, STM32WL33CCV7ATR, STM32WL33CCV7TR, STM32WL33K8V6, STM32WL33K8V6TR, STM32WL33K8V7, STM32WL33K8V7TR, STM32WL33KBV6, STM32WL33KBV6TR, STM32WL33KBV7, STM32WL33KBV7TR, STM32WL33KCV6, STM32WL33KCV6TR, STM32WL33KCV7, STM32WL33KCV7TR, STM32WL5MOCH6, STM32WL5MOCH6TR]
2025-07-03 00:35:24,943 [INFO] DbMcus:218 - Found 4686 MCUs, 4686 are supported
2025-07-03 00:35:24,944 [INFO] ApiDb:423 - Load user favorites file C:\Users\Tomas/.stm32cubeide/favorites.mcus.txt: 1 item(s)
2025-07-03 00:35:24,945 [INFO] ApiDb:427 - User favorites MCUs=[STM32L476RGT6]
2025-07-03 00:35:24,945 [INFO] DbMcus:224 - Set 1 / 1 favorites MCUs
2025-07-03 00:35:25,296 [INFO] ApiDb:423 - Load user favorites file C:\Users\Tomas/.stm32cubeide/favorites.boards.txt: 2 item(s)
2025-07-03 00:35:25,296 [INFO] ApiDb:427 - User favorites Boards=[NUCLEO-L476RG, STM32F407G-DISC1]
2025-07-03 00:35:25,297 [INFO] DbBoards:198 - Set 2 / 2 favorites Boards
2025-07-03 00:35:25,389 [INFO] UtilMem:75 - End LoadConfig() Used Memory: 261332456 Bytes (870318080)
2025-07-03 00:35:25,526 [WARN] ThirdParty:833 - waiting for thirdparty lock release [change project]
2025-07-03 00:35:25,526 [INFO] ThirdParty:835 - entering critical section [change project]
2025-07-03 00:35:25,526 [INFO] ThirdParty:1030 - CMSIS Pack Vendor :STMicroelectronics X-CUBE-PM33A1 1.0.0
2025-07-03 00:35:25,526 [INFO] ThirdParty:1030 - CMSIS Pack Vendor :STMicroelectronics USBPD 4.1
2025-07-03 00:35:25,526 [INFO] ThirdParty:1030 - CMSIS Pack Vendor :STMicroelectronics X-CUBE-GNSS1 6.0.0
2025-07-03 00:35:25,526 [INFO] ThirdParty:1030 - CMSIS Pack Vendor :STMicroelectronics USB_HOST 2.0.0
2025-07-03 00:35:25,526 [INFO] ThirdParty:1030 - CMSIS Pack Vendor :STMicroelectronics FP-SNS-MOTENVWB1 1.4.0
2025-07-03 00:35:25,526 [INFO] ThirdParty:1030 - CMSIS Pack Vendor :STMicroelectronics X-CUBE-AZRTOS-F4 1.1.0
2025-07-03 00:35:25,526 [INFO] ThirdParty:1030 - CMSIS Pack Vendor :STMicroelectronics LIBJPEG 8.0.0
2025-07-03 00:35:25,526 [INFO] ThirdParty:1030 - CMSIS Pack Vendor :STMicroelectronics FP-ATR-ASTRA1 2.0.2
2025-07-03 00:35:25,526 [INFO] ThirdParty:1030 - CMSIS Pack Vendor :Avnet-IotConnect X-CUBE-IoTC-DA16k-PMOD 1.0.0
2025-07-03 00:35:25,526 [INFO] ThirdParty:1030 - CMSIS Pack Vendor :STMicroelectronics X-CUBE-SMBUS 2.1.0
2025-07-03 00:35:25,526 [INFO] ThirdParty:1030 - CMSIS Pack Vendor :STMicroelectronics X-CUBE-WB05N 1.1.0
2025-07-03 00:35:25,526 [INFO] ThirdParty:1030 - CMSIS Pack Vendor :STMicroelectronics X-CUBE-ISPU 2.1.0
2025-07-03 00:35:25,526 [INFO] ThirdParty:1030 - CMSIS Pack Vendor :STMicroelectronics X-CUBE-FREERTOS 1.2.0
2025-07-03 00:35:25,526 [INFO] ThirdParty:1030 - CMSIS Pack Vendor :STMicroelectronics X-CUBE-ST60 1.0.0
2025-07-03 00:35:25,526 [INFO] ThirdParty:1030 - CMSIS Pack Vendor :STMicroelectronics X-CUBE-AZRTOS-F7 1.1.0
2025-07-03 00:35:25,526 [INFO] ThirdParty:1030 - CMSIS Pack Vendor :STMicroelectronics X-CUBE-AZRTOS-L5 2.0.0
2025-07-03 00:35:25,527 [INFO] ThirdParty:1030 - CMSIS Pack Vendor :STMicroelectronics USB_DEVICE 2.0.0
2025-07-03 00:35:25,527 [INFO] ThirdParty:1030 - CMSIS Pack Vendor :STMicroelectronics X-CUBE-NFC6 3.1.0
2025-07-03 00:35:25,527 [INFO] ThirdParty:1030 - CMSIS Pack Vendor :STMicroelectronics X-CUBE-MEMS1 11.0.0
2025-07-03 00:35:25,527 [INFO] ThirdParty:1030 - CMSIS Pack Vendor :STMicroelectronics FreeRTOS 0.0.1
2025-07-03 00:35:25,527 [INFO] ThirdParty:1030 - CMSIS Pack Vendor :STMicroelectronics X-CUBE-DPower 1.2.0
2025-07-03 00:35:25,527 [INFO] ThirdParty:1030 - CMSIS Pack Vendor :STMicroelectronics FP-SNS-FLIGHT1 5.0.2
2025-07-03 00:35:25,527 [INFO] ThirdParty:1030 - CMSIS Pack Vendor :STMicroelectronics X-CUBE-AI 9.0.0
2025-07-03 00:35:25,527 [INFO] ThirdParty:1030 - CMSIS Pack Vendor :STMicroelectronics PDM2PCM 3.3.0
2025-07-03 00:35:25,527 [INFO] ThirdParty:1030 - CMSIS Pack Vendor :STMicroelectronics X-CUBE-DISPLAY 3.0.0
2025-07-03 00:35:25,527 [INFO] ThirdParty:1030 - CMSIS Pack Vendor :STMicroelectronics X-CUBE-BLE1 7.0.0
2025-07-03 00:35:25,527 [INFO] ThirdParty:1030 - CMSIS Pack Vendor :STMicroelectronics X-CUBE-NFC10 1.0.0
2025-07-03 00:35:25,527 [INFO] ThirdParty:1030 - CMSIS Pack Vendor :STMicroelectronics X-CUBE-BLEMGR 4.0.0
2025-07-03 00:35:25,527 [INFO] ThirdParty:1030 - CMSIS Pack Vendor :STMicroelectronics X-CUBE-FREERTOS 1.3.1
2025-07-03 00:35:25,527 [INFO] ThirdParty:1030 - CMSIS Pack Vendor :STMicroelectronics HAL Drivers 0.0.0
2025-07-03 00:35:25,527 [INFO] ThirdParty:1030 - CMSIS Pack Vendor :emotas I-CUBE-CANOPEN 1.3.0
2025-07-03 00:35:25,527 [INFO] ThirdParty:1030 - CMSIS Pack Vendor :STMicroelectronics X-CUBE-FREERTOS 1.3.0
2025-07-03 00:35:25,527 [INFO] ThirdParty:1030 - CMSIS Pack Vendor :STMicroelectronics X-CUBE-NFC7 1.0.1
2025-07-03 00:35:25,527 [INFO] ThirdParty:1030 - CMSIS Pack Vendor :STMicroelectronics MBEDTLS 2.14.1
2025-07-03 00:35:25,527 [INFO] ThirdParty:1030 - CMSIS Pack Vendor :quantropi X-CUBE-qispace-sdk-base 2.0.0
2025-07-03 00:35:25,527 [INFO] ThirdParty:1030 - CMSIS Pack Vendor :STMicroelectronics X-CUBE-BLEMGR 3.1.0
2025-07-03 00:35:25,527 [INFO] ThirdParty:1030 - CMSIS Pack Vendor :STMicroelectronics X-CUBE-AI 10.0.0
2025-07-03 00:35:25,527 [INFO] ThirdParty:1030 - CMSIS Pack Vendor :STMicroelectronics FP-SNS-STAIOTCFT 1.0.0
2025-07-03 00:35:25,527 [INFO] ThirdParty:1030 - CMSIS Pack Vendor :STMicroelectronics FP-SNS-SMARTAG2 1.2.0
2025-07-03 00:35:25,527 [INFO] ThirdParty:1030 - CMSIS Pack Vendor :STMicroelectronics FP-SNS-FLIGHT1 5.1.0
2025-07-03 00:35:25,527 [INFO] ThirdParty:1030 - CMSIS Pack Vendor :STMicroelectronics X-CUBE-MEMS1 11.1.0
2025-07-03 00:35:25,527 [INFO] ThirdParty:1030 - CMSIS Pack Vendor :STMicroelectronics X-CUBE-AZRTOS-WL 2.0.0
2025-07-03 00:35:25,527 [INFO] ThirdParty:1030 - CMSIS Pack Vendor :STMicroelectronics X-CUBE-DPower 1.3.0
2025-07-03 00:35:25,527 [INFO] ThirdParty:1030 - CMSIS Pack Vendor :STMicroelectronics FP-SNS-MOTENV1 5.0.0
2025-07-03 00:35:25,527 [INFO] ThirdParty:1030 - CMSIS Pack Vendor :STMicroelectronics USB_DEVICE 1.0.0
2025-07-03 00:35:25,527 [INFO] ThirdParty:1030 - CMSIS Pack Vendor :wolfSSL I-CUBE-wolfMQTT 1.19.0
2025-07-03 00:35:25,528 [INFO] ThirdParty:1030 - CMSIS Pack Vendor :STMicroelectronics X-CUBE-AZRTOS-L4 2.0.0
2025-07-03 00:35:25,528 [INFO] ThirdParty:1030 - CMSIS Pack Vendor :STMicroelectronics ThreadX 0.0.2
2025-07-03 00:35:25,528 [INFO] ThirdParty:1030 - CMSIS Pack Vendor :WES I-CUBE-Cesium 1.3.0
2025-07-03 00:35:25,528 [INFO] ThirdParty:1030 - CMSIS Pack Vendor :STMicroelectronics lwIP 2.1.2
2025-07-03 00:35:25,528 [INFO] ThirdParty:1030 - CMSIS Pack Vendor :STMicroelectronics X-CUBE-SFXS2LP1 4.0.0
2025-07-03 00:35:25,528 [INFO] ThirdParty:1030 - CMSIS Pack Vendor :STMicroelectronics X-CUBE-BLE2 3.3.0
2025-07-03 00:35:25,528 [INFO] ThirdParty:1030 - CMSIS Pack Vendor :STMicroelectronics PDM2PCM 3.2.0
2025-07-03 00:35:25,528 [INFO] ThirdParty:1030 - CMSIS Pack Vendor :STMicroelectronics X-CUBE-AZRTOS-H7 3.3.0
2025-07-03 00:35:25,528 [INFO] ThirdParty:1030 - CMSIS Pack Vendor :STMicroelectronics X-CUBE-NFC9 1.0.0
2025-07-03 00:35:25,528 [INFO] ThirdParty:1030 - CMSIS Pack Vendor :STMicroelectronics X-CUBE-BLE1 7.1.0
2025-07-03 00:35:25,528 [INFO] ThirdParty:1030 - CMSIS Pack Vendor :STMicroelectronics USB_DEVICE 3.0.0
2025-07-03 00:35:25,528 [INFO] ThirdParty:1030 - CMSIS Pack Vendor :STMicroelectronics X-CUBE-TCPP 4.1.0
2025-07-03 00:35:25,528 [INFO] ThirdParty:1030 - CMSIS Pack Vendor :STMicroelectronics X-CUBE-AZRTOS-WB 2.0.0
2025-07-03 00:35:25,528 [INFO] ThirdParty:1030 - CMSIS Pack Vendor :STMicroelectronics X-CUBE-GNSS1 7.0.1
2025-07-03 00:35:25,528 [INFO] ThirdParty:1030 - CMSIS Pack Vendor :STMicroelectronics X-CUBE-TOUCHGFX 4.25.0
2025-07-03 00:35:25,528 [INFO] ThirdParty:1030 - CMSIS Pack Vendor :STMicroelectronics X-CUBE-AI 10.1.0
2025-07-03 00:35:25,528 [INFO] ThirdParty:1030 - CMSIS Pack Vendor :STMicroelectronics FP-SNS-STBOX1 2.0.0
2025-07-03 00:35:25,528 [INFO] ThirdParty:1030 - CMSIS Pack Vendor :STMicroelectronics X-CUBE-MEMS1 11.2.0
2025-07-03 00:35:25,528 [INFO] ThirdParty:1030 - CMSIS Pack Vendor :STMicroelectronics X-CUBE-AZRTOS-G0 1.1.0
2025-07-03 00:35:25,528 [INFO] ThirdParty:1030 - CMSIS Pack Vendor :STMicroelectronics X-CUBE-SAFEA1 1.2.2
2025-07-03 00:35:25,528 [INFO] ThirdParty:1030 - CMSIS Pack Vendor :STMicroelectronics X-CUBE-NFC4 3.0.0
2025-07-03 00:35:25,528 [INFO] ThirdParty:1030 - CMSIS Pack Vendor :STMicroelectronics X-CUBE-SUBG2 5.0.0
2025-07-03 00:35:25,528 [INFO] ThirdParty:1030 - CMSIS Pack Vendor :STMicroelectronics X-CUBE-AZRTOS-H7RS 1.1.0
2025-07-03 00:35:25,528 [INFO] ThirdParty:1030 - CMSIS Pack Vendor :STMicroelectronics STM32_WPAN 1.0.0
2025-07-03 00:35:25,529 [INFO] ThirdParty:1030 - CMSIS Pack Vendor :EmbeddedOffice I-CUBE-FS-RTOS 1.0.1
2025-07-03 00:35:25,529 [INFO] ThirdParty:1030 - CMSIS Pack Vendor :STMicroelectronics lwIP 2.0.3
2025-07-03 00:35:25,529 [INFO] ThirdParty:1030 - CMSIS Pack Vendor :Cesanta I-CUBE-Mongoose 7.13.0
2025-07-03 00:35:25,529 [INFO] ThirdParty:1030 - CMSIS Pack Vendor :STMicroelectronics USB_HOST 1.0.0
2025-07-03 00:35:25,529 [INFO] ThirdParty:1030 - CMSIS Pack Vendor :STMicroelectronics X-CUBE-AZRTOS-G4 2.0.0
2025-07-03 00:35:25,529 [INFO] ThirdParty:1030 - CMSIS Pack Vendor :STMicroelectronics X-CUBE-WB05N 2.0.0
2025-07-03 00:35:25,529 [INFO] ThirdParty:1030 - CMSIS Pack Vendor :STMicroelectronics PDM2PCM 3.1.0
2025-07-03 00:35:25,529 [INFO] ThirdParty:1030 - CMSIS Pack Vendor :STMicroelectronics X-CUBE-NFC7 2.0.0
2025-07-03 00:35:25,529 [INFO] ThirdParty:1030 - CMSIS Pack Vendor :STMicroelectronics X-CUBE-TCPP 4.2.0
2025-07-03 00:35:25,529 [INFO] ThirdParty:1030 - CMSIS Pack Vendor :RealThread X-CUBE-RT-Thread_Nano 4.1.1
2025-07-03 00:35:25,529 [INFO] ThirdParty:1030 - CMSIS Pack Vendor :STMicroelectronics FP-ATR-SIGFOX1 3.2.0
2025-07-03 00:35:25,529 [INFO] ThirdParty:1030 - CMSIS Pack Vendor :wolfSSL I-CUBE-wolfSSL 5.7.2
2025-07-03 00:35:25,529 [INFO] ThirdParty:1030 - CMSIS Pack Vendor :STMicroelectronics X-CUBE-ISPU 2.0.0
2025-07-03 00:35:25,529 [INFO] ThirdParty:1030 - CMSIS Pack Vendor :STMicroelectronics X-CUBE-EEPRMA1 5.1.0
2025-07-03 00:35:25,529 [INFO] ThirdParty:1030 - CMSIS Pack Vendor :STMicroelectronics MBEDTLS 2.16.2
2025-07-03 00:35:25,530 [INFO] ThirdParty:1030 - CMSIS Pack Vendor :STMicroelectronics X-CUBE-IPS 3.1.0
2025-07-03 00:35:25,530 [INFO] ThirdParty:1030 - CMSIS Pack Vendor :STMicroelectronics X-CUBE-ALS 1.0.2
2025-07-03 00:35:25,530 [INFO] ThirdParty:1030 - CMSIS Pack Vendor :STMicroelectronics X-CUBE-TOUCHGFX 4.24.0
2025-07-03 00:35:25,530 [INFO] ThirdParty:1030 - CMSIS Pack Vendor :ITTIA_DB I-CUBE-ITTIADB 8.9.0
2025-07-03 00:35:25,530 [INFO] ThirdParty:1030 - CMSIS Pack Vendor :wolfSSL I-CUBE-wolfTPM 3.4.0
2025-07-03 00:35:25,530 [INFO] ThirdParty:1030 - CMSIS Pack Vendor :portGmbH I-Cube-SoM-uGOAL 1.1.0
2025-07-03 00:35:25,530 [INFO] ThirdParty:1030 - CMSIS Pack Vendor :STMicroelectronics X-CUBE-ST67W61 1.0.0
2025-07-03 00:35:25,530 [INFO] ThirdParty:1030 - CMSIS Pack Vendor :STMicroelectronics ThreadX 1.0.0
2025-07-03 00:35:25,530 [INFO] ThirdParty:1030 - CMSIS Pack Vendor :SEGGER I-CUBE-embOS 1.3.1
2025-07-03 00:35:25,530 [INFO] ThirdParty:1030 - CMSIS Pack Vendor :STMicroelectronics X-CUBE-ALGOBUILD 1.4.0
2025-07-03 00:35:25,530 [INFO] ThirdParty:1030 - CMSIS Pack Vendor :STMicroelectronics X-CUBE-MEMS1 11.3.0
2025-07-03 00:35:25,530 [INFO] ThirdParty:1030 - CMSIS Pack Vendor :STMicroelectronics X-CUBE-AZRTOS-H7RS 1.0.0
2025-07-03 00:35:25,530 [INFO] ThirdParty:1030 - CMSIS Pack Vendor :STMicroelectronics FP-ATR-ASTRA1 2.0.0
2025-07-03 00:35:25,530 [INFO] ThirdParty:1030 - CMSIS Pack Vendor :STMicroelectronics X-CUBE-TOF1 3.4.2
2025-07-03 00:35:25,530 [INFO] ThirdParty:1030 - CMSIS Pack Vendor :STMicroelectronics X-CUBE-TOF1 3.4.3
2025-07-03 00:35:25,530 [INFO] ThirdParty:1030 - CMSIS Pack Vendor :Infineon AIROC-Wi-Fi-Bluetooth-STM32 1.6.1
2025-07-03 00:35:25,530 [INFO] ThirdParty:1030 - CMSIS Pack Vendor :wolfSSL I-CUBE-wolfSSH 1.4.17
2025-07-03 00:35:25,531 [INFO] ThirdParty:841 - exiting critical section [change project]
2025-07-03 00:35:26,030 [INFO] PinOutPanel:1589 - setPackage(No Configuration,No Configuration)
2025-07-03 00:35:26,037 [INFO] PinOutPanel:1589 - setPackage(STM32F407VGTx,LQFP100)
2025-07-03 00:35:26,546 [INFO] UtilMem:75 - Before build in PCC Used Memory: 524822512 Bytes (870318080)
2025-07-03 00:35:27,446 [INFO] UtilMem:75 - After build in PCC Used Memory: 589834144 Bytes (870318080)
2025-07-03 00:35:27,568 [INFO] ApiDbMcu:508 - Load IP Config File for PDM2PCM
2025-07-03 00:35:27,598 [INFO] IPUIPlugin:80 - create IPUIPlugin
2025-07-03 00:35:27,598 [INFO] IPUIPlugin:80 - create IPUIPlugin
2025-07-03 00:35:27,599 [INFO] IPUIPlugin:80 - create IPUIPlugin
2025-07-03 00:35:27,599 [INFO] IPUIPlugin:80 - create IPUIPlugin
2025-07-03 00:35:27,599 [INFO] IPUIPlugin:80 - create IPUIPlugin
2025-07-03 00:35:27,599 [INFO] IPUIPlugin:80 - create IPUIPlugin
2025-07-03 00:35:27,599 [INFO] IPUIPlugin:80 - create IPUIPlugin
2025-07-03 00:35:27,599 [INFO] IPUIPlugin:80 - create IPUIPlugin
2025-07-03 00:35:27,599 [INFO] IPUIPlugin:80 - create IPUIPlugin
2025-07-03 00:35:27,599 [INFO] IPUIPlugin:80 - create IPUIPlugin
2025-07-03 00:35:27,599 [INFO] IPUIPlugin:80 - create IPUIPlugin
2025-07-03 00:35:27,600 [INFO] IPUIPlugin:80 - create IPUIPlugin
2025-07-03 00:35:27,600 [INFO] IPUIPlugin:80 - create IPUIPlugin
2025-07-03 00:35:27,600 [INFO] IPUIPlugin:80 - create IPUIPlugin
2025-07-03 00:35:27,600 [INFO] IPUIPlugin:80 - create IPUIPlugin
2025-07-03 00:35:27,600 [INFO] IPUIPlugin:80 - create IPUIPlugin
2025-07-03 00:35:27,600 [INFO] IPUIPlugin:80 - create IPUIPlugin
2025-07-03 00:35:27,600 [INFO] IPUIPlugin:80 - create IPUIPlugin
2025-07-03 00:35:27,600 [INFO] IPUIPlugin:80 - create IPUIPlugin
2025-07-03 00:35:27,600 [INFO] IPUIPlugin:80 - create IPUIPlugin
2025-07-03 00:35:27,600 [INFO] IPUIPlugin:80 - create IPUIPlugin
2025-07-03 00:35:27,601 [INFO] IPUIPlugin:80 - create IPUIPlugin
2025-07-03 00:35:27,601 [INFO] IPUIPlugin:80 - create IPUIPlugin
2025-07-03 00:35:27,601 [INFO] IPUIPlugin:80 - create IPUIPlugin
2025-07-03 00:35:27,601 [INFO] IPUIPlugin:80 - create IPUIPlugin
2025-07-03 00:35:27,601 [INFO] IPUIPlugin:80 - create IPUIPlugin
2025-07-03 00:35:27,601 [INFO] IPUIPlugin:80 - create IPUIPlugin
2025-07-03 00:35:27,601 [INFO] IPUIPlugin:80 - create IPUIPlugin
2025-07-03 00:35:27,601 [INFO] IPUIPlugin:80 - create IPUIPlugin
2025-07-03 00:35:27,602 [INFO] IPUIPlugin:80 - create IPUIPlugin
2025-07-03 00:35:27,602 [INFO] IPUIPlugin:80 - create IPUIPlugin
2025-07-03 00:35:27,602 [INFO] IPUIPlugin:80 - create IPUIPlugin
2025-07-03 00:35:27,602 [INFO] IPUIPlugin:80 - create IPUIPlugin
2025-07-03 00:35:27,602 [INFO] IPUIPlugin:80 - create IPUIPlugin
2025-07-03 00:35:27,602 [INFO] IPUIPlugin:80 - create IPUIPlugin
2025-07-03 00:35:27,602 [INFO] IPUIPlugin:80 - create IPUIPlugin
2025-07-03 00:35:27,603 [INFO] IPUIPlugin:80 - create IPUIPlugin
2025-07-03 00:35:27,603 [INFO] IPUIPlugin:80 - create IPUIPlugin
2025-07-03 00:35:27,603 [INFO] IPUIPlugin:80 - create IPUIPlugin
2025-07-03 00:35:27,603 [INFO] IPUIPlugin:80 - create IPUIPlugin
2025-07-03 00:35:27,603 [INFO] IPUIPlugin:80 - create IPUIPlugin
2025-07-03 00:35:27,604 [INFO] IPUIPlugin:80 - create IPUIPlugin
2025-07-03 00:35:27,604 [INFO] IPUIPlugin:80 - create IPUIPlugin
2025-07-03 00:35:27,604 [INFO] IPUIPlugin:80 - create IPUIPlugin
2025-07-03 00:35:27,604 [INFO] IPUIPlugin:80 - create IPUIPlugin
2025-07-03 00:35:27,604 [INFO] IPUIPlugin:80 - create IPUIPlugin
2025-07-03 00:35:27,604 [INFO] IPUIPlugin:80 - create IPUIPlugin
2025-07-03 00:35:27,604 [INFO] IPUIPlugin:80 - create IPUIPlugin
2025-07-03 00:35:27,604 [INFO] IPUIPlugin:80 - create IPUIPlugin
2025-07-03 00:35:27,604 [INFO] IPUIPlugin:80 - create IPUIPlugin
2025-07-03 00:35:27,606 [INFO] IPUIPlugin:80 - create IPUIPlugin
2025-07-03 00:35:27,606 [INFO] IPUIPlugin:80 - create IPUIPlugin
2025-07-03 00:35:27,606 [INFO] IPUIPlugin:80 - create IPUIPlugin
2025-07-03 00:35:27,606 [INFO] IPUIPlugin:80 - create IPUIPlugin
2025-07-03 00:35:27,606 [INFO] IPUIPlugin:80 - create IPUIPlugin
2025-07-03 00:35:27,606 [INFO] IPUIPlugin:80 - create IPUIPlugin
2025-07-03 00:35:27,607 [INFO] IPUIPlugin:80 - create IPUIPlugin
2025-07-03 00:35:27,607 [INFO] IPUIPlugin:80 - create IPUIPlugin
2025-07-03 00:35:27,622 [WARN] IP:2250 - I2C_Coeff_DF not found: check if there is a RefParameter without a condition.
2025-07-03 00:35:27,623 [WARN] IP:2250 - Analog_Filter not found: check if there is a RefParameter without a condition.
2025-07-03 00:35:27,635 [INFO] I2sManager:658 - 9.6E7
2025-07-03 00:35:27,636 [INFO] I2sManager:195 - I2S Clock Value : 9.6E7
2025-07-03 00:35:27,639 [INFO] I2sManager:553 - AudioClock : 63829Divider : 23Odd : 1
2025-07-03 00:35:27,890 [INFO] CADModel:165 - CPN selected for project levelSTM32F407VGT6
2025-07-03 00:35:27,890 [INFO] CADModel:114 - Register for checkConnection events
2025-07-03 00:35:27,959 [INFO] OpenFileManager:385 - Restore cursor
2025-07-03 00:35:28,117 [WARN] IP:2250 - I2C_Coeff_DF not found: check if there is a RefParameter without a condition.
2025-07-03 00:35:28,117 [WARN] IP:2250 - Analog_Filter not found: check if there is a RefParameter without a condition.
2025-07-03 00:35:28,117 [WARN] IP:2250 - I2C_Coeff_DF not found: check if there is a RefParameter without a condition.
2025-07-03 00:35:28,117 [WARN] IP:2250 - Analog_Filter not found: check if there is a RefParameter without a condition.
2025-07-03 00:35:44,186 [INFO] Gpio:277 - dependency for GPIO [I2C1, I2S2, RCC, SPI1, USART2]
2025-07-03 00:36:55,391 [INFO] Gpio:277 - dependency for GPIO [I2C1, I2S2, RCC, SPI1, USART2]
2025-07-03 00:36:55,679 [WARN] IP:2250 - I2C_Coeff_DF not found: check if there is a RefParameter without a condition.
2025-07-03 00:36:55,679 [WARN] IP:2250 - Analog_Filter not found: check if there is a RefParameter without a condition.
2025-07-03 00:36:55,679 [WARN] IP:2250 - I2C_Coeff_DF not found: check if there is a RefParameter without a condition.
2025-07-03 00:36:55,679 [WARN] IP:2250 - Analog_Filter not found: check if there is a RefParameter without a condition.
2025-07-03 00:36:55,727 [WARN] IP:2250 - I2C_Coeff_DF not found: check if there is a RefParameter without a condition.
2025-07-03 00:36:55,728 [WARN] IP:2250 - Analog_Filter not found: check if there is a RefParameter without a condition.
2025-07-03 00:36:55,768 [WARN] IP:2250 - I2C_Coeff_DF not found: check if there is a RefParameter without a condition.
2025-07-03 00:36:55,768 [WARN] IP:2250 - Analog_Filter not found: check if there is a RefParameter without a condition.
2025-07-03 00:36:55,830 [INFO] Gpio:277 - dependency for GPIO [I2C1, I2S2, RCC, SPI1, USART2]
2025-07-03 00:36:58,479 [INFO] Gpio:277 - dependency for GPIO [I2C1, I2S2, RCC, SPI1, USART2]
2025-07-03 00:45:45,536 [INFO] WebApp:194 - Connection lost
2025-07-03 00:45:45,649 [INFO] WebApp:191 - Connection restablished
2025-07-03 00:48:45,698 [INFO] MainUpdater:2872 - connection check result : 10
2025-07-03 00:48:45,699 [INFO] MainUpdater:2872 - connection check result : 10
2025-07-03 00:48:45,791 [INFO] I2sManager:658 - 9.6E7
2025-07-03 00:48:45,791 [INFO] I2sManager:195 - I2S Clock Value : 9.6E7
2025-07-03 00:48:45,792 [INFO] I2sManager:553 - AudioClock : 63829Divider : 23Odd : 1
2025-07-03 00:48:45,795 [INFO] MicroXplorer:468 - Change Database Path : 
2025-07-03 00:48:45,795 [INFO] MicroXplorer:498 - Change Database Version : DB.6.0.141
2025-07-03 00:48:45,844 [ERROR] ProjectManagerView:395 - 
java.lang.NullPointerException: Cannot invoke "javax.swing.JTextField.getText()" because the return value of "java.util.List.get(int)" is null
	at com.st.microxplorer.plugins.projectmanager.gui.ProjectChoiceTab$9.caretUpdate(ProjectChoiceTab.java:2678) ~[filemanager.jar:?]
	at javax.swing.text.JTextComponent.fireCaretUpdate(JTextComponent.java:408) ~[?:?]
	at javax.swing.text.JTextComponent$MutableCaretEvent.fire(JTextComponent.java:4484) ~[?:?]
	at javax.swing.text.JTextComponent$MutableCaretEvent.stateChanged(JTextComponent.java:4506) ~[?:?]
	at javax.swing.text.DefaultCaret.fireStateChanged(DefaultCaret.java:857) ~[?:?]
	at javax.swing.text.DefaultCaret.changeCaretPosition(DefaultCaret.java:1343) ~[?:?]
	at javax.swing.text.DefaultCaret.handleSetDot(DefaultCaret.java:1242) ~[?:?]
	at javax.swing.text.DefaultCaret.setDot(DefaultCaret.java:1223) ~[?:?]
	at javax.swing.text.DefaultCaret$Handler.insertUpdate(DefaultCaret.java:1819) ~[?:?]
	at javax.swing.text.AbstractDocument.fireInsertUpdate(AbstractDocument.java:227) ~[?:?]
	at javax.swing.text.AbstractDocument.handleInsertString(AbstractDocument.java:781) ~[?:?]
	at javax.swing.text.AbstractDocument.insertString(AbstractDocument.java:740) ~[?:?]
	at javax.swing.text.PlainDocument.insertString(PlainDocument.java:131) ~[?:?]
	at javax.swing.text.AbstractDocument.replace(AbstractDocument.java:699) ~[?:?]
	at javax.swing.text.JTextComponent.setText(JTextComponent.java:1725) ~[?:?]
	at com.st.microxplorer.plugins.projectmanager.gui.ProjectChoiceTab.createHeapStackFields(ProjectChoiceTab.java:979) ~[filemanager.jar:?]
	at com.st.microxplorer.plugins.projectmanager.gui.ProjectChoiceTab.buildLinkSettingsPanel(ProjectChoiceTab.java:3766) ~[filemanager.jar:?]
	at com.st.microxplorer.plugins.projectmanager.gui.ProjectChoiceTab.defineWindowsFields(ProjectChoiceTab.java:1962) ~[filemanager.jar:?]
	at com.st.microxplorer.plugins.projectmanager.gui.ProjectChoiceTab.updateSettings(ProjectChoiceTab.java:555) ~[filemanager.jar:?]
	at com.st.microxplorer.plugins.projectmanager.gui.ProjectSettingsPanel.UpdateDialog(ProjectSettingsPanel.java:245) ~[filemanager.jar:?]
	at com.st.microxplorer.plugins.projectmanager.ProjectManagerView.propertyChange(ProjectManagerView.java:392) ~[filemanager.jar:?]
	at java.beans.PropertyChangeSupport.fire(PropertyChangeSupport.java:343) ~[?:?]
	at java.beans.PropertyChangeSupport.firePropertyChange(PropertyChangeSupport.java:335) ~[?:?]
	at java.beans.PropertyChangeSupport.firePropertyChange(PropertyChangeSupport.java:268) ~[?:?]
	at com.st.microxplorer.util.MXPropertyChangeSupport.firePropertyChange(MXPropertyChangeSupport.java:54) ~[STM32CubeMX.jar:?]
	at com.st.microxplorer.mxsystem.MxSystem.closeConfig(MxSystem.java:899) ~[STM32CubeMX.jar:?]
	at com.st.microxplorer.maingui.MainPanel.closeConfig(MainPanel.java:789) ~[STM32CubeMX.jar:?]
	at com.st.microxplorer.plugins.filemanager.engine.OpenFileManager.loadConfigurationFile(OpenFileManager.java:287) ~[filemanager.jar:?]
	at com.st.microxplorer.plugins.filemanager.engine.MainFileManager.userLoadConfig(MainFileManager.java:341) ~[filemanager.jar:?]
	at com.st.microxplorer.plugins.filemanager.engine.MainFileManager.userLoadConfig(MainFileManager.java:319) ~[filemanager.jar:?]
	at com.st.microxplorer.plugins.filemanager.FileManagerView.getSpecificTask(FileManagerView.java:246) ~[filemanager.jar:?]
	at com.st.stm32cube.common.mx.editor.CubeMxEditor.getMxTabbedPaneInstance(CubeMxEditor.java:1198) ~[com.st.stm32cube.common.mx_6.14.1.202504091515/:?]
	at com.st.stm32cube.common.mx.editor.CubeMxEditor$12$1.createSwingComponent(CubeMxEditor.java:1068) ~[com.st.stm32cube.common.mx_6.14.1.202504091515/:?]
	at com.st.stm32cube.common.mx.oss.core.awtswtbridge.EmbeddedSwingComposite.doComponentCreation(EmbeddedSwingComposite.java:492) ~[com.st.stm32cube.common.mx.oss_6.14.1.202504091515/:?]
	at com.st.stm32cube.common.mx.oss.core.awtswtbridge.EmbeddedSwingComposite$4.run(EmbeddedSwingComposite.java:291) ~[com.st.stm32cube.common.mx.oss_6.14.1.202504091515/:?]
	at com.st.stm32cube.common.mx.oss.core.awtswtbridge.AwtEnvironment$2.run(AwtEnvironment.java:166) ~[com.st.stm32cube.common.mx.oss_6.14.1.202504091515/:?]
	at java.awt.event.InvocationEvent.dispatch(InvocationEvent.java:318) ~[?:?]
	at java.awt.EventQueue.dispatchEventImpl(EventQueue.java:773) ~[?:?]
	at java.awt.EventQueue$4.run(EventQueue.java:720) ~[?:?]
	at java.awt.EventQueue$4.run(EventQueue.java:714) ~[?:?]
	at java.security.AccessController.doPrivileged(AccessController.java:400) ~[?:?]
	at java.security.ProtectionDomain$JavaSecurityAccessImpl.doIntersectionPrivilege(ProtectionDomain.java:87) ~[?:?]
	at java.awt.EventQueue.dispatchEvent(EventQueue.java:742) ~[?:?]
	at java.awt.EventDispatchThread.pumpOneEventForFilters(EventDispatchThread.java:203) ~[?:?]
	at java.awt.EventDispatchThread.pumpEventsForFilter(EventDispatchThread.java:124) ~[?:?]
	at java.awt.EventDispatchThread.pumpEventsForHierarchy(EventDispatchThread.java:113) ~[?:?]
	at java.awt.EventDispatchThread.pumpEvents(EventDispatchThread.java:109) ~[?:?]
	at java.awt.EventDispatchThread.pumpEvents(EventDispatchThread.java:101) ~[?:?]
	at java.awt.EventDispatchThread.run(EventDispatchThread.java:90) ~[?:?]
2025-07-03 00:48:45,868 [WARN] ThirdParty:871 - waiting for thirdparty lock release [close project]
2025-07-03 00:48:45,868 [INFO] ThirdParty:873 - entering critical section [close project]
2025-07-03 00:48:45,868 [INFO] ThirdParty:883 - exiting critical section [close project]
2025-07-03 00:48:45,874 [INFO] PinOutPanel:1589 - setPackage(No Configuration,No Configuration)
2025-07-03 00:48:45,913 [WARN] IpParametersView:155 - Warning: This peripheral hasn't parameters
2025-07-03 00:48:46,033 [INFO] UtilMem:75 - Begin LoadConfig() Used Memory: 627739856 Bytes (867172352)
2025-07-03 00:48:46,034 [INFO] MicroXplorer:468 - Change Database Path : 
2025-07-03 00:48:46,034 [INFO] MicroXplorer:498 - Change Database Version : DB.6.0.141
2025-07-03 00:48:46,034 [INFO] OpenFileManager:354 - Change cursor
2025-07-03 00:48:46,048 [INFO] Mcu:2011 - Initializing MCU STM32F407V(E-G)Tx STM32F407VGTx STM32F407VGT6
2025-07-03 00:48:47,273 [INFO] Context:756 - Trying to add GPIOservice into a context  which must be forbidden
2025-07-03 00:48:47,735 [INFO] ImportTextPane:218 - (OptionalMessage_ERROR) Pin26 (VP_RIF_VS_RIF1) cannot be retrieved for this MCU
2025-07-03 00:48:47,864 [INFO] RtosManager:558 - Registered RTOS mode: class=CMSIS, group=RTOS, mode=CMSIS_V1, owner=FREERTOS
2025-07-03 00:48:47,864 [INFO] RtosManager:558 - Registered RTOS mode: class=CMSIS, group=RTOS2, mode=CMSIS_V2, owner=FREERTOS
2025-07-03 00:48:47,864 [INFO] RtosManager:558 - Registered RTOS mode: class=RTOS, group=Core, mode=CMSIS_V1, owner=FREERTOS
2025-07-03 00:48:47,864 [INFO] RtosManager:558 - Registered RTOS mode: class=RTOS, group=Core, mode=CMSIS_V2, owner=FREERTOS
2025-07-03 00:48:47,864 [WARN] ModelIntegratedComponent:184 - Missing modes for component STMicroelectronics:FreeRTOS:0.0.1:STMicroelectronics:RTOS:FreeRTOS:Core:::10.2.0:
2025-07-03 00:48:47,868 [WARN] ModelIntegratedComponent:63 - No mode defined for component null
2025-07-03 00:48:47,869 [WARN] ModelIntegratedComponent:63 - No mode defined for component null
2025-07-03 00:48:47,869 [WARN] ModelIntegratedComponent:63 - No mode defined for component null
2025-07-03 00:48:47,869 [WARN] ModelIntegratedComponent:63 - No mode defined for component null
2025-07-03 00:48:47,869 [WARN] ModelIntegratedComponent:63 - No mode defined for component null
2025-07-03 00:48:47,869 [WARN] ModelIntegratedComponent:63 - No mode defined for component null
2025-07-03 00:48:47,869 [WARN] ModelIntegratedComponent:63 - No mode defined for component null
2025-07-03 00:48:47,869 [WARN] ModelIntegratedComponent:63 - No mode defined for component null
2025-07-03 00:48:47,869 [WARN] ModelIntegratedComponent:63 - No mode defined for component null
2025-07-03 00:48:47,869 [WARN] ModelIntegratedComponent:63 - No mode defined for component null
2025-07-03 00:48:47,869 [WARN] ModelIntegratedComponent:63 - No mode defined for component null
2025-07-03 00:48:47,869 [WARN] ModelIntegratedComponent:63 - No mode defined for component null
2025-07-03 00:48:47,869 [WARN] ModelIntegratedComponent:63 - No mode defined for component null
2025-07-03 00:48:47,869 [WARN] ModelIntegratedComponent:63 - No mode defined for component null
2025-07-03 00:48:47,869 [WARN] ModelIntegratedComponent:63 - No mode defined for component null
2025-07-03 00:48:47,869 [WARN] ModelIntegratedComponent:63 - No mode defined for component null
2025-07-03 00:48:47,869 [WARN] ModelIntegratedComponent:63 - No mode defined for component null
2025-07-03 00:48:47,869 [WARN] ModelIntegratedComponent:63 - No mode defined for component null
2025-07-03 00:48:47,869 [WARN] ModelIntegratedComponent:63 - No mode defined for component null
2025-07-03 00:48:47,869 [WARN] ModelIntegratedComponent:63 - No mode defined for component null
2025-07-03 00:48:47,869 [WARN] ModelIntegratedComponent:63 - No mode defined for component null
2025-07-03 00:48:47,869 [WARN] ModelIntegratedComponent:63 - No mode defined for component null
2025-07-03 00:48:47,869 [WARN] ModelIntegratedComponent:63 - No mode defined for component null
2025-07-03 00:48:47,869 [WARN] ModelIntegratedComponent:63 - No mode defined for component null
2025-07-03 00:48:47,869 [WARN] ModelIntegratedComponent:63 - No mode defined for component null
2025-07-03 00:48:47,869 [WARN] ModelIntegratedComponent:63 - No mode defined for component null
2025-07-03 00:48:47,869 [WARN] ModelIntegratedComponent:63 - No mode defined for component null
2025-07-03 00:48:47,869 [WARN] ModelIntegratedComponent:63 - No mode defined for component null
2025-07-03 00:48:47,869 [WARN] ModelIntegratedComponent:63 - No mode defined for component null
2025-07-03 00:48:47,869 [WARN] ModelIntegratedComponent:63 - No mode defined for component null
2025-07-03 00:48:47,869 [WARN] ModelIntegratedComponent:63 - No mode defined for component null
2025-07-03 00:48:47,870 [WARN] ModelIntegratedComponent:63 - No mode defined for component null
2025-07-03 00:48:47,870 [WARN] ModelIntegratedComponent:63 - No mode defined for component null
2025-07-03 00:48:47,870 [WARN] ModelIntegratedComponent:63 - No mode defined for component null
2025-07-03 00:48:47,870 [WARN] ModelIntegratedComponent:63 - No mode defined for component null
2025-07-03 00:48:47,870 [WARN] ModelPack:524 - Component already loaded: STMicroelectronics:HAL Drivers:0.0.0:STMicroelectronics:Device:STMicro_Driver:XSPI:HAL::0.0.1:HAL_XSPI
2025-07-03 00:48:48,077 [INFO] ThirdPartyModel:298 - Start build external matchings
2025-07-03 00:48:49,011 [INFO] ThirdPartyModel:316 - End build external matchings
2025-07-03 00:48:49,076 [INFO] ImportTextPane:218 - (OptionalMessage_ERROR) IP (DMA) : Parameter (Instance) has Id (SPI2_RX) currently not set
2025-07-03 00:48:49,076 [INFO] ImportTextPane:218 - (OptionalMessage_ERROR) IP (DMA) : Parameter (Channel) has Id (SPI2_RX) currently not set
2025-07-03 00:48:49,076 [INFO] ImportTextPane:218 - (OptionalMessage_ERROR) IP (DMA) : Parameter (Direction) has Id (SPI2_RX) currently not set
2025-07-03 00:48:49,076 [INFO] ImportTextPane:218 - (OptionalMessage_ERROR) IP (DMA) : Parameter (PeriphInc) has Id (SPI2_RX) currently not set
2025-07-03 00:48:49,076 [INFO] ImportTextPane:218 - (OptionalMessage_ERROR) IP (DMA) : Parameter (MemInc) has Id (SPI2_RX) currently not set
2025-07-03 00:48:49,076 [INFO] ImportTextPane:218 - (OptionalMessage_ERROR) IP (DMA) : Parameter (PeriphDataAlignment) has Id (SPI2_RX) currently not set
2025-07-03 00:48:49,076 [INFO] ImportTextPane:218 - (OptionalMessage_ERROR) IP (DMA) : Parameter (MemDataAlignment) has Id (SPI2_RX) currently not set
2025-07-03 00:48:49,077 [INFO] ImportTextPane:218 - (OptionalMessage_ERROR) IP (DMA) : Parameter (Mode) has Id (SPI2_RX) currently not set
2025-07-03 00:48:49,077 [INFO] ImportTextPane:218 - (OptionalMessage_ERROR) IP (DMA) : Parameter (Priority) has Id (SPI2_RX) currently not set
2025-07-03 00:48:49,077 [INFO] ImportTextPane:218 - (OptionalMessage_ERROR) IP (DMA) : Parameter (FIFOMode) has Id (SPI2_RX) currently not set
2025-07-03 00:48:49,079 [INFO] ImportTextPane:218 - (OptionalMessage_ERROR) IP (RCC) : Parameter (RTCHSEDivFreq_Value) has invalid value (4000000)
2025-07-03 00:48:49,402 [INFO] UtilMem:75 - End LoadConfig() Used Memory: 537388008 Bytes (867172352)
2025-07-03 00:48:49,476 [WARN] ThirdParty:833 - waiting for thirdparty lock release [change project]
2025-07-03 00:48:49,476 [INFO] ThirdParty:835 - entering critical section [change project]
2025-07-03 00:48:49,476 [INFO] ThirdParty:1030 - CMSIS Pack Vendor :STMicroelectronics X-CUBE-PM33A1 1.0.0
2025-07-03 00:48:49,476 [INFO] ThirdParty:1030 - CMSIS Pack Vendor :STMicroelectronics USBPD 4.1
2025-07-03 00:48:49,476 [INFO] ThirdParty:1030 - CMSIS Pack Vendor :STMicroelectronics X-CUBE-GNSS1 6.0.0
2025-07-03 00:48:49,476 [INFO] ThirdParty:1030 - CMSIS Pack Vendor :STMicroelectronics USB_HOST 2.0.0
2025-07-03 00:48:49,476 [INFO] ThirdParty:1030 - CMSIS Pack Vendor :STMicroelectronics FP-SNS-MOTENVWB1 1.4.0
2025-07-03 00:48:49,476 [INFO] ThirdParty:1030 - CMSIS Pack Vendor :STMicroelectronics X-CUBE-AZRTOS-F4 1.1.0
2025-07-03 00:48:49,476 [INFO] ThirdParty:1030 - CMSIS Pack Vendor :STMicroelectronics LIBJPEG 8.0.0
2025-07-03 00:48:49,476 [INFO] ThirdParty:1030 - CMSIS Pack Vendor :STMicroelectronics FP-ATR-ASTRA1 2.0.2
2025-07-03 00:48:49,476 [INFO] ThirdParty:1030 - CMSIS Pack Vendor :Avnet-IotConnect X-CUBE-IoTC-DA16k-PMOD 1.0.0
2025-07-03 00:48:49,476 [INFO] ThirdParty:1030 - CMSIS Pack Vendor :STMicroelectronics X-CUBE-SMBUS 2.1.0
2025-07-03 00:48:49,476 [INFO] ThirdParty:1030 - CMSIS Pack Vendor :STMicroelectronics X-CUBE-WB05N 1.1.0
2025-07-03 00:48:49,476 [INFO] ThirdParty:1030 - CMSIS Pack Vendor :STMicroelectronics X-CUBE-ISPU 2.1.0
2025-07-03 00:48:49,477 [INFO] ThirdParty:1030 - CMSIS Pack Vendor :STMicroelectronics X-CUBE-FREERTOS 1.2.0
2025-07-03 00:48:49,477 [INFO] ThirdParty:1030 - CMSIS Pack Vendor :STMicroelectronics X-CUBE-ST60 1.0.0
2025-07-03 00:48:49,477 [INFO] ThirdParty:1030 - CMSIS Pack Vendor :STMicroelectronics X-CUBE-AZRTOS-F7 1.1.0
2025-07-03 00:48:49,477 [INFO] ThirdParty:1030 - CMSIS Pack Vendor :STMicroelectronics X-CUBE-AZRTOS-L5 2.0.0
2025-07-03 00:48:49,477 [INFO] ThirdParty:1030 - CMSIS Pack Vendor :STMicroelectronics USB_DEVICE 2.0.0
2025-07-03 00:48:49,477 [INFO] ThirdParty:1030 - CMSIS Pack Vendor :STMicroelectronics X-CUBE-NFC6 3.1.0
2025-07-03 00:48:49,477 [INFO] ThirdParty:1030 - CMSIS Pack Vendor :STMicroelectronics X-CUBE-MEMS1 11.0.0
2025-07-03 00:48:49,477 [INFO] ThirdParty:1030 - CMSIS Pack Vendor :STMicroelectronics FreeRTOS 0.0.1
2025-07-03 00:48:49,477 [INFO] ThirdParty:1030 - CMSIS Pack Vendor :STMicroelectronics X-CUBE-DPower 1.2.0
2025-07-03 00:48:49,477 [INFO] ThirdParty:1030 - CMSIS Pack Vendor :STMicroelectronics FP-SNS-FLIGHT1 5.0.2
2025-07-03 00:48:49,477 [INFO] ThirdParty:1030 - CMSIS Pack Vendor :STMicroelectronics X-CUBE-AI 9.0.0
2025-07-03 00:48:49,477 [INFO] ThirdParty:1030 - CMSIS Pack Vendor :STMicroelectronics PDM2PCM 3.3.0
2025-07-03 00:48:49,477 [INFO] ThirdParty:1030 - CMSIS Pack Vendor :STMicroelectronics X-CUBE-DISPLAY 3.0.0
2025-07-03 00:48:49,477 [INFO] ThirdParty:1030 - CMSIS Pack Vendor :STMicroelectronics X-CUBE-BLE1 7.0.0
2025-07-03 00:48:49,478 [INFO] ThirdParty:1030 - CMSIS Pack Vendor :STMicroelectronics X-CUBE-NFC10 1.0.0
2025-07-03 00:48:49,478 [INFO] ThirdParty:1030 - CMSIS Pack Vendor :STMicroelectronics X-CUBE-BLEMGR 4.0.0
2025-07-03 00:48:49,478 [INFO] ThirdParty:1030 - CMSIS Pack Vendor :STMicroelectronics X-CUBE-FREERTOS 1.3.1
2025-07-03 00:48:49,478 [INFO] ThirdParty:1030 - CMSIS Pack Vendor :STMicroelectronics HAL Drivers 0.0.0
2025-07-03 00:48:49,478 [INFO] ThirdParty:1030 - CMSIS Pack Vendor :emotas I-CUBE-CANOPEN 1.3.0
2025-07-03 00:48:49,478 [INFO] ThirdParty:1030 - CMSIS Pack Vendor :STMicroelectronics X-CUBE-FREERTOS 1.3.0
2025-07-03 00:48:49,478 [INFO] ThirdParty:1030 - CMSIS Pack Vendor :STMicroelectronics X-CUBE-NFC7 1.0.1
2025-07-03 00:48:49,478 [INFO] ThirdParty:1030 - CMSIS Pack Vendor :STMicroelectronics MBEDTLS 2.14.1
2025-07-03 00:48:49,478 [INFO] ThirdParty:1030 - CMSIS Pack Vendor :quantropi X-CUBE-qispace-sdk-base 2.0.0
2025-07-03 00:48:49,478 [INFO] ThirdParty:1030 - CMSIS Pack Vendor :STMicroelectronics X-CUBE-BLEMGR 3.1.0
2025-07-03 00:48:49,478 [INFO] ThirdParty:1030 - CMSIS Pack Vendor :STMicroelectronics X-CUBE-AI 10.0.0
2025-07-03 00:48:49,478 [INFO] ThirdParty:1030 - CMSIS Pack Vendor :STMicroelectronics FP-SNS-STAIOTCFT 1.0.0
2025-07-03 00:48:49,478 [INFO] ThirdParty:1030 - CMSIS Pack Vendor :STMicroelectronics FP-SNS-SMARTAG2 1.2.0
2025-07-03 00:48:49,478 [INFO] ThirdParty:1030 - CMSIS Pack Vendor :STMicroelectronics FP-SNS-FLIGHT1 5.1.0
2025-07-03 00:48:49,478 [INFO] ThirdParty:1030 - CMSIS Pack Vendor :STMicroelectronics X-CUBE-MEMS1 11.1.0
2025-07-03 00:48:49,478 [INFO] ThirdParty:1030 - CMSIS Pack Vendor :STMicroelectronics X-CUBE-AZRTOS-WL 2.0.0
2025-07-03 00:48:49,478 [INFO] ThirdParty:1030 - CMSIS Pack Vendor :STMicroelectronics X-CUBE-DPower 1.3.0
2025-07-03 00:48:49,478 [INFO] ThirdParty:1030 - CMSIS Pack Vendor :STMicroelectronics FP-SNS-MOTENV1 5.0.0
2025-07-03 00:48:49,478 [INFO] ThirdParty:1030 - CMSIS Pack Vendor :STMicroelectronics USB_DEVICE 1.0.0
2025-07-03 00:48:49,478 [INFO] ThirdParty:1030 - CMSIS Pack Vendor :wolfSSL I-CUBE-wolfMQTT 1.19.0
2025-07-03 00:48:49,478 [INFO] ThirdParty:1030 - CMSIS Pack Vendor :STMicroelectronics X-CUBE-AZRTOS-L4 2.0.0
2025-07-03 00:48:49,478 [INFO] ThirdParty:1030 - CMSIS Pack Vendor :STMicroelectronics ThreadX 0.0.2
2025-07-03 00:48:49,478 [INFO] ThirdParty:1030 - CMSIS Pack Vendor :WES I-CUBE-Cesium 1.3.0
2025-07-03 00:48:49,478 [INFO] ThirdParty:1030 - CMSIS Pack Vendor :STMicroelectronics lwIP 2.1.2
2025-07-03 00:48:49,478 [INFO] ThirdParty:1030 - CMSIS Pack Vendor :STMicroelectronics X-CUBE-SFXS2LP1 4.0.0
2025-07-03 00:48:49,478 [INFO] ThirdParty:1030 - CMSIS Pack Vendor :STMicroelectronics X-CUBE-BLE2 3.3.0
2025-07-03 00:48:49,478 [INFO] ThirdParty:1030 - CMSIS Pack Vendor :STMicroelectronics PDM2PCM 3.2.0
2025-07-03 00:48:49,478 [INFO] ThirdParty:1030 - CMSIS Pack Vendor :STMicroelectronics X-CUBE-AZRTOS-H7 3.3.0
2025-07-03 00:48:49,478 [INFO] ThirdParty:1030 - CMSIS Pack Vendor :STMicroelectronics X-CUBE-NFC9 1.0.0
2025-07-03 00:48:49,478 [INFO] ThirdParty:1030 - CMSIS Pack Vendor :STMicroelectronics X-CUBE-BLE1 7.1.0
2025-07-03 00:48:49,478 [INFO] ThirdParty:1030 - CMSIS Pack Vendor :STMicroelectronics USB_DEVICE 3.0.0
2025-07-03 00:48:49,479 [INFO] ThirdParty:1030 - CMSIS Pack Vendor :STMicroelectronics X-CUBE-TCPP 4.1.0
2025-07-03 00:48:49,479 [INFO] ThirdParty:1030 - CMSIS Pack Vendor :STMicroelectronics X-CUBE-AZRTOS-WB 2.0.0
2025-07-03 00:48:49,479 [INFO] ThirdParty:1030 - CMSIS Pack Vendor :STMicroelectronics X-CUBE-GNSS1 7.0.1
2025-07-03 00:48:49,479 [INFO] ThirdParty:1030 - CMSIS Pack Vendor :STMicroelectronics X-CUBE-TOUCHGFX 4.25.0
2025-07-03 00:48:49,479 [INFO] ThirdParty:1030 - CMSIS Pack Vendor :STMicroelectronics X-CUBE-AI 10.1.0
2025-07-03 00:48:49,479 [INFO] ThirdParty:1030 - CMSIS Pack Vendor :STMicroelectronics FP-SNS-STBOX1 2.0.0
2025-07-03 00:48:49,479 [INFO] ThirdParty:1030 - CMSIS Pack Vendor :STMicroelectronics X-CUBE-MEMS1 11.2.0
2025-07-03 00:48:49,479 [INFO] ThirdParty:1030 - CMSIS Pack Vendor :STMicroelectronics X-CUBE-AZRTOS-G0 1.1.0
2025-07-03 00:48:49,479 [INFO] ThirdParty:1030 - CMSIS Pack Vendor :STMicroelectronics X-CUBE-SAFEA1 1.2.2
2025-07-03 00:48:49,479 [INFO] ThirdParty:1030 - CMSIS Pack Vendor :STMicroelectronics X-CUBE-NFC4 3.0.0
2025-07-03 00:48:49,479 [INFO] ThirdParty:1030 - CMSIS Pack Vendor :STMicroelectronics X-CUBE-SUBG2 5.0.0
2025-07-03 00:48:49,479 [INFO] ThirdParty:1030 - CMSIS Pack Vendor :STMicroelectronics X-CUBE-AZRTOS-H7RS 1.1.0
2025-07-03 00:48:49,479 [INFO] ThirdParty:1030 - CMSIS Pack Vendor :STMicroelectronics STM32_WPAN 1.0.0
2025-07-03 00:48:49,479 [INFO] ThirdParty:1030 - CMSIS Pack Vendor :EmbeddedOffice I-CUBE-FS-RTOS 1.0.1
2025-07-03 00:48:49,479 [INFO] ThirdParty:1030 - CMSIS Pack Vendor :STMicroelectronics lwIP 2.0.3
2025-07-03 00:48:49,479 [INFO] ThirdParty:1030 - CMSIS Pack Vendor :Cesanta I-CUBE-Mongoose 7.13.0
2025-07-03 00:48:49,479 [INFO] ThirdParty:1030 - CMSIS Pack Vendor :STMicroelectronics USB_HOST 1.0.0
2025-07-03 00:48:49,479 [INFO] ThirdParty:1030 - CMSIS Pack Vendor :STMicroelectronics X-CUBE-AZRTOS-G4 2.0.0
2025-07-03 00:48:49,479 [INFO] ThirdParty:1030 - CMSIS Pack Vendor :STMicroelectronics X-CUBE-WB05N 2.0.0
2025-07-03 00:48:49,479 [INFO] ThirdParty:1030 - CMSIS Pack Vendor :STMicroelectronics PDM2PCM 3.1.0
2025-07-03 00:48:49,480 [INFO] ThirdParty:1030 - CMSIS Pack Vendor :STMicroelectronics X-CUBE-NFC7 2.0.0
2025-07-03 00:48:49,480 [INFO] ThirdParty:1030 - CMSIS Pack Vendor :STMicroelectronics X-CUBE-TCPP 4.2.0
2025-07-03 00:48:49,480 [INFO] ThirdParty:1030 - CMSIS Pack Vendor :RealThread X-CUBE-RT-Thread_Nano 4.1.1
2025-07-03 00:48:49,480 [INFO] ThirdParty:1030 - CMSIS Pack Vendor :STMicroelectronics FP-ATR-SIGFOX1 3.2.0
2025-07-03 00:48:49,480 [INFO] ThirdParty:1030 - CMSIS Pack Vendor :wolfSSL I-CUBE-wolfSSL 5.7.2
2025-07-03 00:48:49,480 [INFO] ThirdParty:1030 - CMSIS Pack Vendor :STMicroelectronics X-CUBE-ISPU 2.0.0
2025-07-03 00:48:49,480 [INFO] ThirdParty:1030 - CMSIS Pack Vendor :STMicroelectronics X-CUBE-EEPRMA1 5.1.0
2025-07-03 00:48:49,480 [INFO] ThirdParty:1030 - CMSIS Pack Vendor :STMicroelectronics MBEDTLS 2.16.2
2025-07-03 00:48:49,480 [INFO] ThirdParty:1030 - CMSIS Pack Vendor :STMicroelectronics X-CUBE-IPS 3.1.0
2025-07-03 00:48:49,480 [INFO] ThirdParty:1030 - CMSIS Pack Vendor :STMicroelectronics X-CUBE-ALS 1.0.2
2025-07-03 00:48:49,480 [INFO] ThirdParty:1030 - CMSIS Pack Vendor :STMicroelectronics X-CUBE-TOUCHGFX 4.24.0
2025-07-03 00:48:49,480 [INFO] ThirdParty:1030 - CMSIS Pack Vendor :ITTIA_DB I-CUBE-ITTIADB 8.9.0
2025-07-03 00:48:49,480 [INFO] ThirdParty:1030 - CMSIS Pack Vendor :wolfSSL I-CUBE-wolfTPM 3.4.0
2025-07-03 00:48:49,480 [INFO] ThirdParty:1030 - CMSIS Pack Vendor :portGmbH I-Cube-SoM-uGOAL 1.1.0
2025-07-03 00:48:49,480 [INFO] ThirdParty:1030 - CMSIS Pack Vendor :STMicroelectronics X-CUBE-ST67W61 1.0.0
2025-07-03 00:48:49,480 [INFO] ThirdParty:1030 - CMSIS Pack Vendor :STMicroelectronics ThreadX 1.0.0
2025-07-03 00:48:49,480 [INFO] ThirdParty:1030 - CMSIS Pack Vendor :SEGGER I-CUBE-embOS 1.3.1
2025-07-03 00:48:49,480 [INFO] ThirdParty:1030 - CMSIS Pack Vendor :STMicroelectronics X-CUBE-ALGOBUILD 1.4.0
2025-07-03 00:48:49,480 [INFO] ThirdParty:1030 - CMSIS Pack Vendor :STMicroelectronics X-CUBE-MEMS1 11.3.0
2025-07-03 00:48:49,480 [INFO] ThirdParty:1030 - CMSIS Pack Vendor :STMicroelectronics X-CUBE-AZRTOS-H7RS 1.0.0
2025-07-03 00:48:49,480 [INFO] ThirdParty:1030 - CMSIS Pack Vendor :STMicroelectronics FP-ATR-ASTRA1 2.0.0
2025-07-03 00:48:49,480 [INFO] ThirdParty:1030 - CMSIS Pack Vendor :STMicroelectronics X-CUBE-TOF1 3.4.2
2025-07-03 00:48:49,480 [INFO] ThirdParty:1030 - CMSIS Pack Vendor :STMicroelectronics X-CUBE-TOF1 3.4.3
2025-07-03 00:48:49,480 [INFO] ThirdParty:1030 - CMSIS Pack Vendor :Infineon AIROC-Wi-Fi-Bluetooth-STM32 1.6.1
2025-07-03 00:48:49,480 [INFO] ThirdParty:1030 - CMSIS Pack Vendor :wolfSSL I-CUBE-wolfSSH 1.4.17
2025-07-03 00:48:49,480 [INFO] ThirdParty:841 - exiting critical section [change project]
2025-07-03 00:48:49,672 [INFO] PinOutPanel:1589 - setPackage(No Configuration,No Configuration)
2025-07-03 00:48:49,673 [INFO] PinOutPanel:1589 - setPackage(STM32F407VGTx,LQFP100)
2025-07-03 00:48:49,936 [INFO] UtilMem:75 - Before build in PCC Used Memory: 301689240 Bytes (867172352)
2025-07-03 00:48:50,218 [INFO] UtilMem:75 - After build in PCC Used Memory: 352543128 Bytes (867172352)
2025-07-03 00:48:50,221 [INFO] ApiDbMcu:508 - Load IP Config File for PDM2PCM
2025-07-03 00:48:50,248 [INFO] IPUIPlugin:80 - create IPUIPlugin
2025-07-03 00:48:50,248 [INFO] IPUIPlugin:80 - create IPUIPlugin
2025-07-03 00:48:50,248 [INFO] IPUIPlugin:80 - create IPUIPlugin
2025-07-03 00:48:50,248 [INFO] IPUIPlugin:80 - create IPUIPlugin
2025-07-03 00:48:50,248 [INFO] IPUIPlugin:80 - create IPUIPlugin
2025-07-03 00:48:50,248 [INFO] IPUIPlugin:80 - create IPUIPlugin
2025-07-03 00:48:50,248 [INFO] IPUIPlugin:80 - create IPUIPlugin
2025-07-03 00:48:50,249 [INFO] IPUIPlugin:80 - create IPUIPlugin
2025-07-03 00:48:50,249 [INFO] IPUIPlugin:80 - create IPUIPlugin
2025-07-03 00:48:50,249 [INFO] IPUIPlugin:80 - create IPUIPlugin
2025-07-03 00:48:50,249 [INFO] IPUIPlugin:80 - create IPUIPlugin
2025-07-03 00:48:50,249 [INFO] IPUIPlugin:80 - create IPUIPlugin
2025-07-03 00:48:50,249 [INFO] IPUIPlugin:80 - create IPUIPlugin
2025-07-03 00:48:50,249 [INFO] IPUIPlugin:80 - create IPUIPlugin
2025-07-03 00:48:50,249 [INFO] IPUIPlugin:80 - create IPUIPlugin
2025-07-03 00:48:50,249 [INFO] IPUIPlugin:80 - create IPUIPlugin
2025-07-03 00:48:50,249 [INFO] IPUIPlugin:80 - create IPUIPlugin
2025-07-03 00:48:50,249 [INFO] IPUIPlugin:80 - create IPUIPlugin
2025-07-03 00:48:50,249 [INFO] IPUIPlugin:80 - create IPUIPlugin
2025-07-03 00:48:50,250 [INFO] IPUIPlugin:80 - create IPUIPlugin
2025-07-03 00:48:50,250 [INFO] IPUIPlugin:80 - create IPUIPlugin
2025-07-03 00:48:50,250 [INFO] IPUIPlugin:80 - create IPUIPlugin
2025-07-03 00:48:50,250 [INFO] IPUIPlugin:80 - create IPUIPlugin
2025-07-03 00:48:50,250 [INFO] IPUIPlugin:80 - create IPUIPlugin
2025-07-03 00:48:50,250 [INFO] IPUIPlugin:80 - create IPUIPlugin
2025-07-03 00:48:50,250 [INFO] IPUIPlugin:80 - create IPUIPlugin
2025-07-03 00:48:50,251 [INFO] IPUIPlugin:80 - create IPUIPlugin
2025-07-03 00:48:50,251 [INFO] IPUIPlugin:80 - create IPUIPlugin
2025-07-03 00:48:50,251 [INFO] IPUIPlugin:80 - create IPUIPlugin
2025-07-03 00:48:50,251 [INFO] IPUIPlugin:80 - create IPUIPlugin
2025-07-03 00:48:50,251 [INFO] IPUIPlugin:80 - create IPUIPlugin
2025-07-03 00:48:50,251 [INFO] IPUIPlugin:80 - create IPUIPlugin
2025-07-03 00:48:50,251 [INFO] IPUIPlugin:80 - create IPUIPlugin
2025-07-03 00:48:50,252 [INFO] IPUIPlugin:80 - create IPUIPlugin
2025-07-03 00:48:50,252 [INFO] IPUIPlugin:80 - create IPUIPlugin
2025-07-03 00:48:50,252 [INFO] IPUIPlugin:80 - create IPUIPlugin
2025-07-03 00:48:50,252 [INFO] IPUIPlugin:80 - create IPUIPlugin
2025-07-03 00:48:50,252 [INFO] IPUIPlugin:80 - create IPUIPlugin
2025-07-03 00:48:50,252 [INFO] IPUIPlugin:80 - create IPUIPlugin
2025-07-03 00:48:50,253 [INFO] IPUIPlugin:80 - create IPUIPlugin
2025-07-03 00:48:50,253 [INFO] IPUIPlugin:80 - create IPUIPlugin
2025-07-03 00:48:50,253 [INFO] IPUIPlugin:80 - create IPUIPlugin
2025-07-03 00:48:50,253 [INFO] IPUIPlugin:80 - create IPUIPlugin
2025-07-03 00:48:50,253 [INFO] IPUIPlugin:80 - create IPUIPlugin
2025-07-03 00:48:50,254 [INFO] IPUIPlugin:80 - create IPUIPlugin
2025-07-03 00:48:50,254 [INFO] IPUIPlugin:80 - create IPUIPlugin
2025-07-03 00:48:50,254 [INFO] IPUIPlugin:80 - create IPUIPlugin
2025-07-03 00:48:50,254 [INFO] IPUIPlugin:80 - create IPUIPlugin
2025-07-03 00:48:50,254 [INFO] IPUIPlugin:80 - create IPUIPlugin
2025-07-03 00:48:50,255 [INFO] IPUIPlugin:80 - create IPUIPlugin
2025-07-03 00:48:50,255 [INFO] IPUIPlugin:80 - create IPUIPlugin
2025-07-03 00:48:50,255 [INFO] IPUIPlugin:80 - create IPUIPlugin
2025-07-03 00:48:50,255 [INFO] IPUIPlugin:80 - create IPUIPlugin
2025-07-03 00:48:50,255 [INFO] IPUIPlugin:80 - create IPUIPlugin
2025-07-03 00:48:50,255 [INFO] IPUIPlugin:80 - create IPUIPlugin
2025-07-03 00:48:50,256 [INFO] IPUIPlugin:80 - create IPUIPlugin
2025-07-03 00:48:50,256 [INFO] IPUIPlugin:80 - create IPUIPlugin
2025-07-03 00:48:50,256 [INFO] IPUIPlugin:80 - create IPUIPlugin
2025-07-03 00:48:50,262 [WARN] IP:2250 - I2C_Coeff_DF not found: check if there is a RefParameter without a condition.
2025-07-03 00:48:50,263 [WARN] IP:2250 - Analog_Filter not found: check if there is a RefParameter without a condition.
2025-07-03 00:48:50,267 [INFO] I2sManager:658 - 9.6E7
2025-07-03 00:48:50,267 [INFO] I2sManager:195 - I2S Clock Value : 9.6E7
2025-07-03 00:48:50,268 [INFO] I2sManager:553 - AudioClock : 63829Divider : 23Odd : 1
2025-07-03 00:48:50,340 [INFO] CADModel:165 - CPN selected for project levelSTM32F407VGT6
2025-07-03 00:48:50,340 [INFO] CADModel:114 - Register for checkConnection events
2025-07-03 00:48:50,385 [INFO] OpenFileManager:385 - Restore cursor
2025-07-03 00:48:50,550 [WARN] IP:2250 - I2C_Coeff_DF not found: check if there is a RefParameter without a condition.
2025-07-03 00:48:50,550 [WARN] IP:2250 - Analog_Filter not found: check if there is a RefParameter without a condition.
2025-07-03 00:48:50,550 [WARN] IP:2250 - I2C_Coeff_DF not found: check if there is a RefParameter without a condition.
2025-07-03 00:48:50,550 [WARN] IP:2250 - Analog_Filter not found: check if there is a RefParameter without a condition.
2025-07-03 00:50:00,471 [WARN] IP:2250 - I2C_Coeff_DF not found: check if there is a RefParameter without a condition.
2025-07-03 00:50:00,472 [WARN] IP:2250 - Analog_Filter not found: check if there is a RefParameter without a condition.
2025-07-03 00:50:00,472 [WARN] IP:2250 - I2C_Coeff_DF not found: check if there is a RefParameter without a condition.
2025-07-03 00:50:00,473 [WARN] IP:2250 - Analog_Filter not found: check if there is a RefParameter without a condition.
2025-07-03 00:50:00,538 [WARN] IP:2250 - I2C_Coeff_DF not found: check if there is a RefParameter without a condition.
2025-07-03 00:50:00,540 [WARN] IP:2250 - Analog_Filter not found: check if there is a RefParameter without a condition.
2025-07-03 00:50:00,584 [WARN] IP:2250 - I2C_Coeff_DF not found: check if there is a RefParameter without a condition.
2025-07-03 00:50:00,584 [WARN] IP:2250 - Analog_Filter not found: check if there is a RefParameter without a condition.
2025-07-03 00:50:02,702 [WARN] IP:2250 - I2C_Coeff_DF not found: check if there is a RefParameter without a condition.
2025-07-03 00:50:02,703 [WARN] IP:2250 - Analog_Filter not found: check if there is a RefParameter without a condition.
2025-07-03 00:50:02,704 [WARN] IP:2250 - I2C_Coeff_DF not found: check if there is a RefParameter without a condition.
2025-07-03 00:50:02,704 [WARN] IP:2250 - Analog_Filter not found: check if there is a RefParameter without a condition.
2025-07-03 00:50:02,735 [WARN] IP:2250 - I2C_Coeff_DF not found: check if there is a RefParameter without a condition.
2025-07-03 00:50:02,736 [WARN] IP:2250 - Analog_Filter not found: check if there is a RefParameter without a condition.
2025-07-03 00:50:02,768 [WARN] IP:2250 - I2C_Coeff_DF not found: check if there is a RefParameter without a condition.
2025-07-03 00:50:02,768 [WARN] IP:2250 - Analog_Filter not found: check if there is a RefParameter without a condition.
2025-07-03 00:50:16,260 [INFO] UtilMem:75 - End SaveConfig() Used Memory: 625741224 Bytes (853540864)
2025-07-03 00:50:16,399 [INFO] UtilMem:75 - End SaveConfig() Used Memory: 656585720 Bytes (853540864)
2025-07-03 00:50:17,987 [INFO] UtilMem:75 - End SaveConfig() Used Memory: 297346968 Bytes (853540864)
2025-07-03 00:50:18,742 [INFO] BlockDiagram:2775 - set Specific Code input for plugin: SPI
2025-07-03 00:50:18,742 [INFO] BlockDiagram:2775 - set Specific Code input for plugin: I2S
2025-07-03 00:50:18,742 [INFO] BlockDiagram:2775 - set Specific Code input for plugin: SYS
2025-07-03 00:50:18,742 [INFO] BlockDiagram:2775 - set Specific Code input for plugin: RCC
2025-07-03 00:50:18,742 [INFO] BlockDiagram:2775 - set Specific Code input for plugin: CRC
2025-07-03 00:50:18,742 [INFO] BlockDiagram:2775 - set Specific Code input for plugin: I2C
2025-07-03 00:50:18,742 [INFO] BlockDiagram:2775 - set Specific Code input for plugin: NVIC
2025-07-03 00:50:18,742 [INFO] BlockDiagram:2775 - set Specific Code input for plugin: USART
2025-07-03 00:50:18,742 [INFO] BlockDiagram:2775 - set Specific Code input for plugin: DMA
2025-07-03 00:50:18,743 [INFO] BlockDiagram:2775 - set Specific Code input for plugin: GPIO
2025-07-03 00:50:18,743 [INFO] BlockDiagram:2775 - set Specific Code input for plugin: PDM2PCM
2025-07-03 00:50:18,745 [INFO] CodeGenerator:882 - code generatio: config db path: C:\ST\STM32CubeIDE_1.16.1\STM32CubeIDE\plugins\com.st.stm32cube.common.mx_6.14.1.202504091515\\db\
2025-07-03 00:50:18,760 [WARN] IP:2250 - I2C_Coeff_DF not found: check if there is a RefParameter without a condition.
2025-07-03 00:50:18,760 [WARN] IP:2250 - Analog_Filter not found: check if there is a RefParameter without a condition.
2025-07-03 00:50:18,988 [INFO] CodeEngine:263 - oldGeneratedFile, C:\Users\Tomas\STM32CubeIDE\workspace_1.16.1\HolaMundoFFTCMSIS5\PSD-construction-in-STM32F407G-DISC1\FFTplusMIC\MXTmpFiles\license.tmp_save
2025-07-03 00:50:19,616 [INFO] CodeEngine:287 - Generated code: C:\Users\Tomas\STM32CubeIDE\workspace_1.16.1\HolaMundoFFTCMSIS5\PSD-construction-in-STM32F407G-DISC1\FFTplusMIC\MXTmpFiles\license.tmp
2025-07-03 00:50:19,701 [INFO] CodeEngine:263 - oldGeneratedFile, C:\Users\Tomas\STM32CubeIDE\workspace_1.16.1\HolaMundoFFTCMSIS5\PSD-construction-in-STM32F407G-DISC1\FFTplusMIC\Core\Src\gpio.c_save
2025-07-03 00:50:19,867 [INFO] CodeEngine:287 - Generated code: C:\Users\Tomas\STM32CubeIDE\workspace_1.16.1\HolaMundoFFTCMSIS5\PSD-construction-in-STM32F407G-DISC1\FFTplusMIC\Core\Src\gpio.c
2025-07-03 00:50:19,877 [INFO] CodeEngine:263 - oldGeneratedFile, C:\Users\Tomas\STM32CubeIDE\workspace_1.16.1\HolaMundoFFTCMSIS5\PSD-construction-in-STM32F407G-DISC1\FFTplusMIC\Core\Inc\gpio.h_save
2025-07-03 00:50:19,972 [INFO] CodeEngine:287 - Generated code: C:\Users\Tomas\STM32CubeIDE\workspace_1.16.1\HolaMundoFFTCMSIS5\PSD-construction-in-STM32F407G-DISC1\FFTplusMIC\Core\Inc\gpio.h
2025-07-03 00:50:20,299 [INFO] Middleware:1452 - No code input for Bsp Dependency
2025-07-03 00:50:20,314 [INFO] CodeEngine:263 - oldGeneratedFile, C:\Users\Tomas\STM32CubeIDE\workspace_1.16.1\HolaMundoFFTCMSIS5\PSD-construction-in-STM32F407G-DISC1\FFTplusMIC\Core\Src\crc.c_save
2025-07-03 00:50:20,473 [INFO] CodeEngine:287 - Generated code: C:\Users\Tomas\STM32CubeIDE\workspace_1.16.1\HolaMundoFFTCMSIS5\PSD-construction-in-STM32F407G-DISC1\FFTplusMIC\Core\Src\crc.c
2025-07-03 00:50:20,484 [INFO] CodeEngine:263 - oldGeneratedFile, C:\Users\Tomas\STM32CubeIDE\workspace_1.16.1\HolaMundoFFTCMSIS5\PSD-construction-in-STM32F407G-DISC1\FFTplusMIC\Core\Inc\crc.h_save
2025-07-03 00:50:20,581 [INFO] CodeEngine:287 - Generated code: C:\Users\Tomas\STM32CubeIDE\workspace_1.16.1\HolaMundoFFTCMSIS5\PSD-construction-in-STM32F407G-DISC1\FFTplusMIC\Core\Inc\crc.h
2025-07-03 00:50:20,606 [INFO] CodeEngine:263 - oldGeneratedFile, C:\Users\Tomas\STM32CubeIDE\workspace_1.16.1\HolaMundoFFTCMSIS5\PSD-construction-in-STM32F407G-DISC1\FFTplusMIC\Core\Src\dma.c_save
2025-07-03 00:50:20,716 [INFO] CodeEngine:287 - Generated code: C:\Users\Tomas\STM32CubeIDE\workspace_1.16.1\HolaMundoFFTCMSIS5\PSD-construction-in-STM32F407G-DISC1\FFTplusMIC\Core\Src\dma.c
2025-07-03 00:50:20,724 [INFO] CodeEngine:263 - oldGeneratedFile, C:\Users\Tomas\STM32CubeIDE\workspace_1.16.1\HolaMundoFFTCMSIS5\PSD-construction-in-STM32F407G-DISC1\FFTplusMIC\Core\Inc\dma.h_save
2025-07-03 00:50:20,822 [INFO] CodeEngine:287 - Generated code: C:\Users\Tomas\STM32CubeIDE\workspace_1.16.1\HolaMundoFFTCMSIS5\PSD-construction-in-STM32F407G-DISC1\FFTplusMIC\Core\Inc\dma.h
2025-07-03 00:50:20,843 [INFO] CodeEngine:263 - oldGeneratedFile, C:\Users\Tomas\STM32CubeIDE\workspace_1.16.1\HolaMundoFFTCMSIS5\PSD-construction-in-STM32F407G-DISC1\FFTplusMIC\Core\Src\i2c.c_save
2025-07-03 00:50:20,998 [INFO] CodeEngine:287 - Generated code: C:\Users\Tomas\STM32CubeIDE\workspace_1.16.1\HolaMundoFFTCMSIS5\PSD-construction-in-STM32F407G-DISC1\FFTplusMIC\Core\Src\i2c.c
2025-07-03 00:50:21,008 [INFO] CodeEngine:263 - oldGeneratedFile, C:\Users\Tomas\STM32CubeIDE\workspace_1.16.1\HolaMundoFFTCMSIS5\PSD-construction-in-STM32F407G-DISC1\FFTplusMIC\Core\Inc\i2c.h_save
2025-07-03 00:50:21,113 [INFO] CodeEngine:287 - Generated code: C:\Users\Tomas\STM32CubeIDE\workspace_1.16.1\HolaMundoFFTCMSIS5\PSD-construction-in-STM32F407G-DISC1\FFTplusMIC\Core\Inc\i2c.h
2025-07-03 00:50:21,134 [INFO] CodeEngine:263 - oldGeneratedFile, C:\Users\Tomas\STM32CubeIDE\workspace_1.16.1\HolaMundoFFTCMSIS5\PSD-construction-in-STM32F407G-DISC1\FFTplusMIC\Core\Src\i2s.c_save
2025-07-03 00:50:21,279 [INFO] CodeEngine:287 - Generated code: C:\Users\Tomas\STM32CubeIDE\workspace_1.16.1\HolaMundoFFTCMSIS5\PSD-construction-in-STM32F407G-DISC1\FFTplusMIC\Core\Src\i2s.c
2025-07-03 00:50:21,291 [INFO] CodeEngine:263 - oldGeneratedFile, C:\Users\Tomas\STM32CubeIDE\workspace_1.16.1\HolaMundoFFTCMSIS5\PSD-construction-in-STM32F407G-DISC1\FFTplusMIC\Core\Inc\i2s.h_save
2025-07-03 00:50:21,387 [INFO] CodeEngine:287 - Generated code: C:\Users\Tomas\STM32CubeIDE\workspace_1.16.1\HolaMundoFFTCMSIS5\PSD-construction-in-STM32F407G-DISC1\FFTplusMIC\Core\Inc\i2s.h
2025-07-03 00:50:21,393 [INFO] Middleware:1452 - No code input for Bsp Dependency
2025-07-03 00:50:21,409 [INFO] CodeEngine:263 - oldGeneratedFile, C:\Users\Tomas\STM32CubeIDE\workspace_1.16.1\HolaMundoFFTCMSIS5\PSD-construction-in-STM32F407G-DISC1\FFTplusMIC\PDM2PCM\App\pdm2pcm.c_save
2025-07-03 00:50:21,509 [INFO] CodeEngine:287 - Generated code: C:\Users\Tomas\STM32CubeIDE\workspace_1.16.1\HolaMundoFFTCMSIS5\PSD-construction-in-STM32F407G-DISC1\FFTplusMIC\PDM2PCM\App\pdm2pcm.c
2025-07-03 00:50:21,519 [INFO] CodeEngine:263 - oldGeneratedFile, C:\Users\Tomas\STM32CubeIDE\workspace_1.16.1\HolaMundoFFTCMSIS5\PSD-construction-in-STM32F407G-DISC1\FFTplusMIC\PDM2PCM\App\pdm2pcm.h_save
2025-07-03 00:50:21,602 [INFO] CodeEngine:287 - Generated code: C:\Users\Tomas\STM32CubeIDE\workspace_1.16.1\HolaMundoFFTCMSIS5\PSD-construction-in-STM32F407G-DISC1\FFTplusMIC\PDM2PCM\App\pdm2pcm.h
2025-07-03 00:50:21,620 [INFO] CodeEngine:263 - oldGeneratedFile, C:\Users\Tomas\STM32CubeIDE\workspace_1.16.1\HolaMundoFFTCMSIS5\PSD-construction-in-STM32F407G-DISC1\FFTplusMIC\Core\Src\spi.c_save
2025-07-03 00:50:21,719 [INFO] CodeEngine:287 - Generated code: C:\Users\Tomas\STM32CubeIDE\workspace_1.16.1\HolaMundoFFTCMSIS5\PSD-construction-in-STM32F407G-DISC1\FFTplusMIC\Core\Src\spi.c
2025-07-03 00:50:21,728 [INFO] CodeEngine:263 - oldGeneratedFile, C:\Users\Tomas\STM32CubeIDE\workspace_1.16.1\HolaMundoFFTCMSIS5\PSD-construction-in-STM32F407G-DISC1\FFTplusMIC\Core\Inc\spi.h_save
2025-07-03 00:50:21,801 [INFO] CodeEngine:287 - Generated code: C:\Users\Tomas\STM32CubeIDE\workspace_1.16.1\HolaMundoFFTCMSIS5\PSD-construction-in-STM32F407G-DISC1\FFTplusMIC\Core\Inc\spi.h
2025-07-03 00:50:21,822 [INFO] CodeEngine:263 - oldGeneratedFile, C:\Users\Tomas\STM32CubeIDE\workspace_1.16.1\HolaMundoFFTCMSIS5\PSD-construction-in-STM32F407G-DISC1\FFTplusMIC\Core\Src\usart.c_save
2025-07-03 00:50:21,933 [INFO] CodeEngine:287 - Generated code: C:\Users\Tomas\STM32CubeIDE\workspace_1.16.1\HolaMundoFFTCMSIS5\PSD-construction-in-STM32F407G-DISC1\FFTplusMIC\Core\Src\usart.c
2025-07-03 00:50:21,943 [INFO] CodeEngine:263 - oldGeneratedFile, C:\Users\Tomas\STM32CubeIDE\workspace_1.16.1\HolaMundoFFTCMSIS5\PSD-construction-in-STM32F407G-DISC1\FFTplusMIC\Core\Inc\usart.h_save
2025-07-03 00:50:22,009 [INFO] CodeEngine:287 - Generated code: C:\Users\Tomas\STM32CubeIDE\workspace_1.16.1\HolaMundoFFTCMSIS5\PSD-construction-in-STM32F407G-DISC1\FFTplusMIC\Core\Inc\usart.h
2025-07-03 00:50:22,031 [INFO] CodeEngine:263 - oldGeneratedFile, C:\Users\Tomas\STM32CubeIDE\workspace_1.16.1\HolaMundoFFTCMSIS5\PSD-construction-in-STM32F407G-DISC1\FFTplusMIC\Core\Src\stm32f4xx_it.c_save
2025-07-03 00:50:22,134 [INFO] CodeEngine:287 - Generated code: C:\Users\Tomas\STM32CubeIDE\workspace_1.16.1\HolaMundoFFTCMSIS5\PSD-construction-in-STM32F407G-DISC1\FFTplusMIC\Core\Src\stm32f4xx_it.c
2025-07-03 00:50:22,143 [INFO] CodeEngine:263 - oldGeneratedFile, C:\Users\Tomas\STM32CubeIDE\workspace_1.16.1\HolaMundoFFTCMSIS5\PSD-construction-in-STM32F407G-DISC1\FFTplusMIC\Core\Inc\stm32f4xx_it.h_save
2025-07-03 00:50:22,211 [INFO] CodeEngine:287 - Generated code: C:\Users\Tomas\STM32CubeIDE\workspace_1.16.1\HolaMundoFFTCMSIS5\PSD-construction-in-STM32F407G-DISC1\FFTplusMIC\Core\Inc\stm32f4xx_it.h
2025-07-03 00:50:22,234 [INFO] CodeEngine:263 - oldGeneratedFile, C:\Users\Tomas\STM32CubeIDE\workspace_1.16.1\HolaMundoFFTCMSIS5\PSD-construction-in-STM32F407G-DISC1\FFTplusMIC\Core\Src\stm32f4xx_hal_msp.c_save
2025-07-03 00:50:22,308 [INFO] CodeEngine:287 - Generated code: C:\Users\Tomas\STM32CubeIDE\workspace_1.16.1\HolaMundoFFTCMSIS5\PSD-construction-in-STM32F407G-DISC1\FFTplusMIC\Core\Src\stm32f4xx_hal_msp.c
2025-07-03 00:50:22,314 [INFO] CodeEngine:263 - oldGeneratedFile, C:\Users\Tomas\STM32CubeIDE\workspace_1.16.1\HolaMundoFFTCMSIS5\PSD-construction-in-STM32F407G-DISC1\FFTplusMIC\MXTmpFiles\system.tmp_save
2025-07-03 00:50:22,362 [INFO] CodeEngine:287 - Generated code: C:\Users\Tomas\STM32CubeIDE\workspace_1.16.1\HolaMundoFFTCMSIS5\PSD-construction-in-STM32F407G-DISC1\FFTplusMIC\MXTmpFiles\system.tmp
2025-07-03 00:50:22,377 [INFO] CodeEngine:319 - oldGeneratedFile, C:\Users\Tomas\STM32CubeIDE\workspace_1.16.1\HolaMundoFFTCMSIS5\PSD-construction-in-STM32F407G-DISC1\FFTplusMIC\Core\Inc\stm32f4xx_hal_conf.h_save
2025-07-03 00:50:22,464 [INFO] CodeEngine:343 - Generated code: C:\Users\Tomas\STM32CubeIDE\workspace_1.16.1\HolaMundoFFTCMSIS5\PSD-construction-in-STM32F407G-DISC1\FFTplusMIC\Core\Inc\stm32f4xx_hal_conf.h
2025-07-03 00:50:22,501 [INFO] ApiDbMcu:508 - Load IP Config File for CRC
2025-07-03 00:50:22,504 [INFO] ApiDbMcu:508 - Load IP Config File for I2C1
2025-07-03 00:50:22,508 [INFO] ApiDbMcu:508 - Load IP Config File for I2S2
2025-07-03 00:50:22,511 [INFO] ApiDbMcu:508 - Load IP Config File for SPI1
2025-07-03 00:50:22,514 [INFO] ApiDbMcu:508 - Load IP Config File for USART2
2025-07-03 00:50:22,518 [INFO] ApiDbMcu:508 - Load IP Config File for RCC
2025-07-03 00:50:22,537 [INFO] CodeEngine:263 - oldGeneratedFile, C:\Users\Tomas\STM32CubeIDE\workspace_1.16.1\HolaMundoFFTCMSIS5\PSD-construction-in-STM32F407G-DISC1\FFTplusMIC\Core\Inc\main.h_save
2025-07-03 00:50:22,623 [INFO] CodeEngine:287 - Generated code: C:\Users\Tomas\STM32CubeIDE\workspace_1.16.1\HolaMundoFFTCMSIS5\PSD-construction-in-STM32F407G-DISC1\FFTplusMIC\Core\Inc\main.h
2025-07-03 00:50:22,633 [INFO] CodeEngine:263 - oldGeneratedFile, C:\Users\Tomas\STM32CubeIDE\workspace_1.16.1\HolaMundoFFTCMSIS5\PSD-construction-in-STM32F407G-DISC1\FFTplusMIC\Core\Src\main.c_save
2025-07-03 00:50:22,756 [INFO] CodeEngine:287 - Generated code: C:\Users\Tomas\STM32CubeIDE\workspace_1.16.1\HolaMundoFFTCMSIS5\PSD-construction-in-STM32F407G-DISC1\FFTplusMIC\Core\Src\main.c
2025-07-03 00:50:23,371 [INFO] ProjectBuilder:3324 - Time for Copy HAL[1] : 346mS.
2025-07-03 00:50:23,382 [INFO] ProjectBuilder:4912 - Project Generator version: 4.6.0.1-B1
2025-07-03 00:50:23,462 [INFO] ConfigFileManager:1590 - The Die is : DIE413
2025-07-03 00:50:23,469 [INFO] ApiDbMcu:508 - Load IP Config File for FATFS
2025-07-03 00:50:23,474 [INFO] ApiDbMcu:508 - Load IP Config File for FREERTOS
2025-07-03 00:50:23,477 [INFO] ApiDbMcu:508 - Load IP Config File for LIBJPEG
2025-07-03 00:50:23,483 [INFO] ApiDbMcu:508 - Load IP Config File for LWIP
2025-07-03 00:50:23,489 [INFO] ApiDbMcu:508 - Load IP Config File for MBEDTLS
2025-07-03 00:50:23,498 [INFO] ApiDbMcu:508 - Load IP Config File for USB_DEVICE
2025-07-03 00:50:23,503 [INFO] ApiDbMcu:508 - Load IP Config File for USB_HOST
2025-07-03 00:50:23,898 [INFO] LogOutputStream:77 - [STDOUT_REDIRECT] 
2025-07-03 00:50:28,252 [INFO] ProjectBuilder:5191 - Time for Generating toolchain IDE Files: 4869mS.
2025-07-03 00:50:28,253 [INFO] ProjectBuilder:3181 - Time for Copy CMSIS : 0mS.
2025-07-03 00:50:28,263 [INFO] ProjectBuilder:3181 - Time for Copy CMSIS : 0mS.
2025-07-03 00:50:37,386 [INFO] Gpio:277 - dependency for GPIO [I2C1, I2S2, RCC, SPI1, USART2]
2025-07-03 00:50:39,539 [INFO] NvicIntPanel:101 - NVIC parent = com.st.microxplorer.plugins.ip.nvic.MultiNvicIntPanel[,2,46,487x276,layout=javax.swing.BoxLayout,alignmentX=0.0,alignmentY=0.0,border=,flags=9,maximumSize=,minimumSize=,preferredSize=]
2025-07-03 00:50:40,665 [INFO] Gpio:277 - dependency for GPIO [I2C1, I2S2, RCC, SPI1, USART2]
2025-07-03 00:50:59,547 [INFO] Gpio:277 - dependency for GPIO [I2C1, I2S2, RCC, SPI1, USART2]
2025-07-03 00:51:02,860 [INFO] Gpio:277 - dependency for GPIO [I2C1, I2S2, RCC, SPI1, USART2]
2025-07-03 00:51:03,616 [INFO] NvicIntPanel:101 - NVIC parent = com.st.microxplorer.plugins.ip.nvic.MultiNvicIntPanel[,2,46,487x276,layout=javax.swing.BoxLayout,alignmentX=0.0,alignmentY=0.0,border=,flags=9,maximumSize=,minimumSize=,preferredSize=]
2025-07-03 00:51:04,323 [INFO] UtilMem:75 - End SaveConfig() Used Memory: 519614672 Bytes (853540864)
2025-07-03 00:51:04,424 [INFO] UtilMem:75 - End SaveConfig() Used Memory: 542161104 Bytes (853540864)
2025-07-03 00:51:05,547 [INFO] UtilMem:75 - End SaveConfig() Used Memory: 655415616 Bytes (853540864)
2025-07-03 00:51:05,956 [INFO] BlockDiagram:2775 - set Specific Code input for plugin: SPI
2025-07-03 00:51:05,956 [INFO] BlockDiagram:2775 - set Specific Code input for plugin: I2S
2025-07-03 00:51:05,956 [INFO] BlockDiagram:2775 - set Specific Code input for plugin: SYS
2025-07-03 00:51:05,956 [INFO] BlockDiagram:2775 - set Specific Code input for plugin: RCC
2025-07-03 00:51:05,956 [INFO] BlockDiagram:2775 - set Specific Code input for plugin: CRC
2025-07-03 00:51:05,956 [INFO] BlockDiagram:2775 - set Specific Code input for plugin: I2C
2025-07-03 00:51:05,956 [INFO] BlockDiagram:2775 - set Specific Code input for plugin: NVIC
2025-07-03 00:51:05,957 [INFO] BlockDiagram:2775 - set Specific Code input for plugin: USART
2025-07-03 00:51:05,957 [INFO] BlockDiagram:2775 - set Specific Code input for plugin: DMA
2025-07-03 00:51:05,957 [INFO] BlockDiagram:2775 - set Specific Code input for plugin: GPIO
2025-07-03 00:51:05,957 [INFO] BlockDiagram:2775 - set Specific Code input for plugin: PDM2PCM
2025-07-03 00:51:05,958 [INFO] CodeGenerator:882 - code generatio: config db path: C:\ST\STM32CubeIDE_1.16.1\STM32CubeIDE\plugins\com.st.stm32cube.common.mx_6.14.1.202504091515\\db\
2025-07-03 00:51:05,961 [WARN] IP:2250 - I2C_Coeff_DF not found: check if there is a RefParameter without a condition.
2025-07-03 00:51:05,961 [WARN] IP:2250 - Analog_Filter not found: check if there is a RefParameter without a condition.
2025-07-03 00:51:05,962 [INFO] Argument:325 - Argument : hdmavalue: null
2025-07-03 00:51:05,964 [INFO] Argument:327 - 	 sub Args: 
2025-07-03 00:51:05,964 [INFO] Argument:325 - Argument : Instancevalue: DMA1_Stream3
2025-07-03 00:51:05,964 [INFO] Argument:335 - Argument : Instancevalue: DMA1_Stream3
2025-07-03 00:51:05,964 [INFO] Argument:325 - Argument : Initvalue: null
2025-07-03 00:51:05,964 [INFO] Argument:327 - 	 sub Args: 
2025-07-03 00:51:05,964 [INFO] Argument:325 - Argument : Channelvalue: DMA_CHANNEL_0
2025-07-03 00:51:05,964 [INFO] Argument:335 - Argument : Channelvalue: DMA_CHANNEL_0
2025-07-03 00:51:05,964 [INFO] Argument:325 - Argument : Directionvalue: DMA_PERIPH_TO_MEMORY
2025-07-03 00:51:05,964 [INFO] Argument:335 - Argument : Directionvalue: DMA_PERIPH_TO_MEMORY
2025-07-03 00:51:05,964 [INFO] Argument:325 - Argument : PeriphIncvalue: DMA_PINC_DISABLE
2025-07-03 00:51:05,964 [INFO] Argument:335 - Argument : PeriphIncvalue: DMA_PINC_DISABLE
2025-07-03 00:51:05,964 [INFO] Argument:325 - Argument : MemIncvalue: DMA_MINC_ENABLE
2025-07-03 00:51:05,964 [INFO] Argument:335 - Argument : MemIncvalue: DMA_MINC_ENABLE
2025-07-03 00:51:05,965 [INFO] Argument:325 - Argument : PeriphDataAlignmentvalue: DMA_PDATAALIGN_HALFWORD
2025-07-03 00:51:05,965 [INFO] Argument:335 - Argument : PeriphDataAlignmentvalue: DMA_PDATAALIGN_HALFWORD
2025-07-03 00:51:05,965 [INFO] Argument:325 - Argument : MemDataAlignmentvalue: DMA_MDATAALIGN_HALFWORD
2025-07-03 00:51:05,965 [INFO] Argument:335 - Argument : MemDataAlignmentvalue: DMA_MDATAALIGN_HALFWORD
2025-07-03 00:51:05,965 [INFO] Argument:325 - Argument : Modevalue: DMA_CIRCULAR
2025-07-03 00:51:05,965 [INFO] Argument:335 - Argument : Modevalue: DMA_CIRCULAR
2025-07-03 00:51:05,965 [INFO] Argument:325 - Argument : Priorityvalue: DMA_PRIORITY_LOW
2025-07-03 00:51:05,965 [INFO] Argument:335 - Argument : Priorityvalue: DMA_PRIORITY_LOW
2025-07-03 00:51:05,965 [INFO] Argument:325 - Argument : FIFOModevalue: DMA_FIFOMODE_DISABLE
2025-07-03 00:51:05,965 [INFO] Argument:335 - Argument : FIFOModevalue: DMA_FIFOMODE_DISABLE
2025-07-03 00:51:05,965 [INFO] Argument:325 - Argument : FIFOThresholdvalue: null
2025-07-03 00:51:05,966 [INFO] Argument:335 - Argument : FIFOThresholdvalue: null
2025-07-03 00:51:05,966 [INFO] Argument:325 - Argument : MemBurstvalue: null
2025-07-03 00:51:05,966 [INFO] Argument:335 - Argument : MemBurstvalue: null
2025-07-03 00:51:05,966 [INFO] Argument:325 - Argument : PeriphBurstvalue: null
2025-07-03 00:51:05,966 [INFO] Argument:335 - Argument : PeriphBurstvalue: null
2025-07-03 00:51:05,966 [INFO] Argument:325 - Argument : Lockvalue: null
2025-07-03 00:51:05,966 [INFO] Argument:335 - Argument : Lockvalue: null
2025-07-03 00:51:05,966 [INFO] Argument:325 - Argument : Statevalue: null
2025-07-03 00:51:05,966 [INFO] Argument:335 - Argument : Statevalue: null
2025-07-03 00:51:05,966 [INFO] Argument:325 - Argument : Parentvalue: null
2025-07-03 00:51:05,966 [INFO] Argument:335 - Argument : Parentvalue: null
2025-07-03 00:51:05,966 [INFO] Argument:325 - Argument : XferCpltCallbackvalue: null
2025-07-03 00:51:05,966 [INFO] Argument:335 - Argument : XferCpltCallbackvalue: null
2025-07-03 00:51:05,966 [INFO] Argument:325 - Argument : XferHalfCpltCallbackvalue: null
2025-07-03 00:51:05,966 [INFO] Argument:335 - Argument : XferHalfCpltCallbackvalue: null
2025-07-03 00:51:05,966 [INFO] Argument:325 - Argument : XferM1CpltCallbackvalue: null
2025-07-03 00:51:05,967 [INFO] Argument:335 - Argument : XferM1CpltCallbackvalue: null
2025-07-03 00:51:05,967 [INFO] Argument:325 - Argument : XferErrorCallbackvalue: null
2025-07-03 00:51:05,967 [INFO] Argument:335 - Argument : XferErrorCallbackvalue: null
2025-07-03 00:51:05,967 [INFO] Argument:325 - Argument : ErrorCodevalue: null
2025-07-03 00:51:05,967 [INFO] Argument:335 - Argument : ErrorCodevalue: null
2025-07-03 00:51:06,058 [INFO] CodeEngine:263 - oldGeneratedFile, C:\Users\Tomas\STM32CubeIDE\workspace_1.16.1\HolaMundoFFTCMSIS5\PSD-construction-in-STM32F407G-DISC1\FFTplusMIC\MXTmpFiles\license.tmp_save
2025-07-03 00:51:06,125 [INFO] CodeEngine:287 - Generated code: C:\Users\Tomas\STM32CubeIDE\workspace_1.16.1\HolaMundoFFTCMSIS5\PSD-construction-in-STM32F407G-DISC1\FFTplusMIC\MXTmpFiles\license.tmp
2025-07-03 00:51:06,172 [INFO] CodeEngine:263 - oldGeneratedFile, C:\Users\Tomas\STM32CubeIDE\workspace_1.16.1\HolaMundoFFTCMSIS5\PSD-construction-in-STM32F407G-DISC1\FFTplusMIC\Core\Src\gpio.c_save
2025-07-03 00:51:06,238 [INFO] CodeEngine:287 - Generated code: C:\Users\Tomas\STM32CubeIDE\workspace_1.16.1\HolaMundoFFTCMSIS5\PSD-construction-in-STM32F407G-DISC1\FFTplusMIC\Core\Src\gpio.c
2025-07-03 00:51:06,247 [INFO] CodeEngine:263 - oldGeneratedFile, C:\Users\Tomas\STM32CubeIDE\workspace_1.16.1\HolaMundoFFTCMSIS5\PSD-construction-in-STM32F407G-DISC1\FFTplusMIC\Core\Inc\gpio.h_save
2025-07-03 00:51:06,312 [INFO] CodeEngine:287 - Generated code: C:\Users\Tomas\STM32CubeIDE\workspace_1.16.1\HolaMundoFFTCMSIS5\PSD-construction-in-STM32F407G-DISC1\FFTplusMIC\Core\Inc\gpio.h
2025-07-03 00:51:06,481 [INFO] Middleware:1452 - No code input for Bsp Dependency
2025-07-03 00:51:06,493 [INFO] CodeEngine:263 - oldGeneratedFile, C:\Users\Tomas\STM32CubeIDE\workspace_1.16.1\HolaMundoFFTCMSIS5\PSD-construction-in-STM32F407G-DISC1\FFTplusMIC\Core\Src\crc.c_save
2025-07-03 00:51:06,575 [INFO] CodeEngine:287 - Generated code: C:\Users\Tomas\STM32CubeIDE\workspace_1.16.1\HolaMundoFFTCMSIS5\PSD-construction-in-STM32F407G-DISC1\FFTplusMIC\Core\Src\crc.c
2025-07-03 00:51:06,584 [INFO] CodeEngine:263 - oldGeneratedFile, C:\Users\Tomas\STM32CubeIDE\workspace_1.16.1\HolaMundoFFTCMSIS5\PSD-construction-in-STM32F407G-DISC1\FFTplusMIC\Core\Inc\crc.h_save
2025-07-03 00:51:06,640 [INFO] CodeEngine:287 - Generated code: C:\Users\Tomas\STM32CubeIDE\workspace_1.16.1\HolaMundoFFTCMSIS5\PSD-construction-in-STM32F407G-DISC1\FFTplusMIC\Core\Inc\crc.h
2025-07-03 00:51:06,661 [INFO] CodeEngine:263 - oldGeneratedFile, C:\Users\Tomas\STM32CubeIDE\workspace_1.16.1\HolaMundoFFTCMSIS5\PSD-construction-in-STM32F407G-DISC1\FFTplusMIC\Core\Src\dma.c_save
2025-07-03 00:51:06,716 [INFO] CodeEngine:287 - Generated code: C:\Users\Tomas\STM32CubeIDE\workspace_1.16.1\HolaMundoFFTCMSIS5\PSD-construction-in-STM32F407G-DISC1\FFTplusMIC\Core\Src\dma.c
2025-07-03 00:51:06,723 [INFO] CodeEngine:263 - oldGeneratedFile, C:\Users\Tomas\STM32CubeIDE\workspace_1.16.1\HolaMundoFFTCMSIS5\PSD-construction-in-STM32F407G-DISC1\FFTplusMIC\Core\Inc\dma.h_save
2025-07-03 00:51:06,782 [INFO] CodeEngine:287 - Generated code: C:\Users\Tomas\STM32CubeIDE\workspace_1.16.1\HolaMundoFFTCMSIS5\PSD-construction-in-STM32F407G-DISC1\FFTplusMIC\Core\Inc\dma.h
2025-07-03 00:51:06,796 [INFO] CodeEngine:263 - oldGeneratedFile, C:\Users\Tomas\STM32CubeIDE\workspace_1.16.1\HolaMundoFFTCMSIS5\PSD-construction-in-STM32F407G-DISC1\FFTplusMIC\Core\Src\i2c.c_save
2025-07-03 00:51:06,871 [INFO] CodeEngine:287 - Generated code: C:\Users\Tomas\STM32CubeIDE\workspace_1.16.1\HolaMundoFFTCMSIS5\PSD-construction-in-STM32F407G-DISC1\FFTplusMIC\Core\Src\i2c.c
2025-07-03 00:51:06,878 [INFO] CodeEngine:263 - oldGeneratedFile, C:\Users\Tomas\STM32CubeIDE\workspace_1.16.1\HolaMundoFFTCMSIS5\PSD-construction-in-STM32F407G-DISC1\FFTplusMIC\Core\Inc\i2c.h_save
2025-07-03 00:51:06,932 [INFO] CodeEngine:287 - Generated code: C:\Users\Tomas\STM32CubeIDE\workspace_1.16.1\HolaMundoFFTCMSIS5\PSD-construction-in-STM32F407G-DISC1\FFTplusMIC\Core\Inc\i2c.h
2025-07-03 00:51:06,947 [INFO] CodeEngine:263 - oldGeneratedFile, C:\Users\Tomas\STM32CubeIDE\workspace_1.16.1\HolaMundoFFTCMSIS5\PSD-construction-in-STM32F407G-DISC1\FFTplusMIC\Core\Src\i2s.c_save
2025-07-03 00:51:07,020 [INFO] CodeEngine:287 - Generated code: C:\Users\Tomas\STM32CubeIDE\workspace_1.16.1\HolaMundoFFTCMSIS5\PSD-construction-in-STM32F407G-DISC1\FFTplusMIC\Core\Src\i2s.c
2025-07-03 00:51:07,028 [INFO] CodeEngine:263 - oldGeneratedFile, C:\Users\Tomas\STM32CubeIDE\workspace_1.16.1\HolaMundoFFTCMSIS5\PSD-construction-in-STM32F407G-DISC1\FFTplusMIC\Core\Inc\i2s.h_save
2025-07-03 00:51:07,084 [INFO] CodeEngine:287 - Generated code: C:\Users\Tomas\STM32CubeIDE\workspace_1.16.1\HolaMundoFFTCMSIS5\PSD-construction-in-STM32F407G-DISC1\FFTplusMIC\Core\Inc\i2s.h
2025-07-03 00:51:07,088 [INFO] Middleware:1452 - No code input for Bsp Dependency
2025-07-03 00:51:07,097 [INFO] CodeEngine:263 - oldGeneratedFile, C:\Users\Tomas\STM32CubeIDE\workspace_1.16.1\HolaMundoFFTCMSIS5\PSD-construction-in-STM32F407G-DISC1\FFTplusMIC\PDM2PCM\App\pdm2pcm.c_save
2025-07-03 00:51:07,156 [INFO] CodeEngine:287 - Generated code: C:\Users\Tomas\STM32CubeIDE\workspace_1.16.1\HolaMundoFFTCMSIS5\PSD-construction-in-STM32F407G-DISC1\FFTplusMIC\PDM2PCM\App\pdm2pcm.c
2025-07-03 00:51:07,164 [INFO] CodeEngine:263 - oldGeneratedFile, C:\Users\Tomas\STM32CubeIDE\workspace_1.16.1\HolaMundoFFTCMSIS5\PSD-construction-in-STM32F407G-DISC1\FFTplusMIC\PDM2PCM\App\pdm2pcm.h_save
2025-07-03 00:51:07,223 [INFO] CodeEngine:287 - Generated code: C:\Users\Tomas\STM32CubeIDE\workspace_1.16.1\HolaMundoFFTCMSIS5\PSD-construction-in-STM32F407G-DISC1\FFTplusMIC\PDM2PCM\App\pdm2pcm.h
2025-07-03 00:51:07,234 [INFO] CodeEngine:263 - oldGeneratedFile, C:\Users\Tomas\STM32CubeIDE\workspace_1.16.1\HolaMundoFFTCMSIS5\PSD-construction-in-STM32F407G-DISC1\FFTplusMIC\Core\Src\spi.c_save
2025-07-03 00:51:07,308 [INFO] CodeEngine:287 - Generated code: C:\Users\Tomas\STM32CubeIDE\workspace_1.16.1\HolaMundoFFTCMSIS5\PSD-construction-in-STM32F407G-DISC1\FFTplusMIC\Core\Src\spi.c
2025-07-03 00:51:07,314 [INFO] CodeEngine:263 - oldGeneratedFile, C:\Users\Tomas\STM32CubeIDE\workspace_1.16.1\HolaMundoFFTCMSIS5\PSD-construction-in-STM32F407G-DISC1\FFTplusMIC\Core\Inc\spi.h_save
2025-07-03 00:51:07,365 [INFO] CodeEngine:287 - Generated code: C:\Users\Tomas\STM32CubeIDE\workspace_1.16.1\HolaMundoFFTCMSIS5\PSD-construction-in-STM32F407G-DISC1\FFTplusMIC\Core\Inc\spi.h
2025-07-03 00:51:07,379 [INFO] CodeEngine:263 - oldGeneratedFile, C:\Users\Tomas\STM32CubeIDE\workspace_1.16.1\HolaMundoFFTCMSIS5\PSD-construction-in-STM32F407G-DISC1\FFTplusMIC\Core\Src\usart.c_save
2025-07-03 00:51:07,450 [INFO] CodeEngine:287 - Generated code: C:\Users\Tomas\STM32CubeIDE\workspace_1.16.1\HolaMundoFFTCMSIS5\PSD-construction-in-STM32F407G-DISC1\FFTplusMIC\Core\Src\usart.c
2025-07-03 00:51:07,456 [INFO] CodeEngine:263 - oldGeneratedFile, C:\Users\Tomas\STM32CubeIDE\workspace_1.16.1\HolaMundoFFTCMSIS5\PSD-construction-in-STM32F407G-DISC1\FFTplusMIC\Core\Inc\usart.h_save
2025-07-03 00:51:07,510 [INFO] CodeEngine:287 - Generated code: C:\Users\Tomas\STM32CubeIDE\workspace_1.16.1\HolaMundoFFTCMSIS5\PSD-construction-in-STM32F407G-DISC1\FFTplusMIC\Core\Inc\usart.h
2025-07-03 00:51:07,525 [INFO] CodeEngine:263 - oldGeneratedFile, C:\Users\Tomas\STM32CubeIDE\workspace_1.16.1\HolaMundoFFTCMSIS5\PSD-construction-in-STM32F407G-DISC1\FFTplusMIC\Core\Src\stm32f4xx_it.c_save
2025-07-03 00:51:07,599 [INFO] CodeEngine:287 - Generated code: C:\Users\Tomas\STM32CubeIDE\workspace_1.16.1\HolaMundoFFTCMSIS5\PSD-construction-in-STM32F407G-DISC1\FFTplusMIC\Core\Src\stm32f4xx_it.c
2025-07-03 00:51:07,606 [INFO] CodeEngine:263 - oldGeneratedFile, C:\Users\Tomas\STM32CubeIDE\workspace_1.16.1\HolaMundoFFTCMSIS5\PSD-construction-in-STM32F407G-DISC1\FFTplusMIC\Core\Inc\stm32f4xx_it.h_save
2025-07-03 00:51:07,656 [INFO] CodeEngine:287 - Generated code: C:\Users\Tomas\STM32CubeIDE\workspace_1.16.1\HolaMundoFFTCMSIS5\PSD-construction-in-STM32F407G-DISC1\FFTplusMIC\Core\Inc\stm32f4xx_it.h
2025-07-03 00:51:07,675 [INFO] CodeEngine:263 - oldGeneratedFile, C:\Users\Tomas\STM32CubeIDE\workspace_1.16.1\HolaMundoFFTCMSIS5\PSD-construction-in-STM32F407G-DISC1\FFTplusMIC\Core\Src\stm32f4xx_hal_msp.c_save
2025-07-03 00:51:07,743 [INFO] CodeEngine:287 - Generated code: C:\Users\Tomas\STM32CubeIDE\workspace_1.16.1\HolaMundoFFTCMSIS5\PSD-construction-in-STM32F407G-DISC1\FFTplusMIC\Core\Src\stm32f4xx_hal_msp.c
2025-07-03 00:51:07,748 [INFO] CodeEngine:263 - oldGeneratedFile, C:\Users\Tomas\STM32CubeIDE\workspace_1.16.1\HolaMundoFFTCMSIS5\PSD-construction-in-STM32F407G-DISC1\FFTplusMIC\MXTmpFiles\system.tmp_save
2025-07-03 00:51:07,793 [INFO] CodeEngine:287 - Generated code: C:\Users\Tomas\STM32CubeIDE\workspace_1.16.1\HolaMundoFFTCMSIS5\PSD-construction-in-STM32F407G-DISC1\FFTplusMIC\MXTmpFiles\system.tmp
2025-07-03 00:51:07,805 [INFO] CodeEngine:319 - oldGeneratedFile, C:\Users\Tomas\STM32CubeIDE\workspace_1.16.1\HolaMundoFFTCMSIS5\PSD-construction-in-STM32F407G-DISC1\FFTplusMIC\Core\Inc\stm32f4xx_hal_conf.h_save
2025-07-03 00:51:07,860 [INFO] CodeEngine:343 - Generated code: C:\Users\Tomas\STM32CubeIDE\workspace_1.16.1\HolaMundoFFTCMSIS5\PSD-construction-in-STM32F407G-DISC1\FFTplusMIC\Core\Inc\stm32f4xx_hal_conf.h
2025-07-03 00:51:07,889 [INFO] CodeEngine:263 - oldGeneratedFile, C:\Users\Tomas\STM32CubeIDE\workspace_1.16.1\HolaMundoFFTCMSIS5\PSD-construction-in-STM32F407G-DISC1\FFTplusMIC\Core\Inc\main.h_save
2025-07-03 00:51:07,944 [INFO] CodeEngine:287 - Generated code: C:\Users\Tomas\STM32CubeIDE\workspace_1.16.1\HolaMundoFFTCMSIS5\PSD-construction-in-STM32F407G-DISC1\FFTplusMIC\Core\Inc\main.h
2025-07-03 00:51:07,951 [INFO] CodeEngine:263 - oldGeneratedFile, C:\Users\Tomas\STM32CubeIDE\workspace_1.16.1\HolaMundoFFTCMSIS5\PSD-construction-in-STM32F407G-DISC1\FFTplusMIC\Core\Src\main.c_save
2025-07-03 00:51:08,040 [INFO] CodeEngine:287 - Generated code: C:\Users\Tomas\STM32CubeIDE\workspace_1.16.1\HolaMundoFFTCMSIS5\PSD-construction-in-STM32F407G-DISC1\FFTplusMIC\Core\Src\main.c
2025-07-03 00:51:08,368 [INFO] ProjectBuilder:3324 - Time for Copy HAL[1] : 190mS.
2025-07-03 00:51:08,375 [INFO] ProjectBuilder:4912 - Project Generator version: 4.6.0.1-B1
2025-07-03 00:51:08,439 [INFO] ConfigFileManager:1590 - The Die is : DIE413
2025-07-03 00:51:11,275 [INFO] ProjectBuilder:5191 - Time for Generating toolchain IDE Files: 2900mS.
2025-07-03 00:51:11,277 [INFO] ProjectBuilder:3181 - Time for Copy CMSIS : 0mS.
2025-07-03 00:51:11,286 [INFO] ProjectBuilder:3181 - Time for Copy CMSIS : 0mS.
2025-07-03 02:10:26,862 [ERROR] LogOutputStream:75 - [STDERR_REDIRECT] 
2025-07-03 02:10:26,863 [ERROR] LogOutputStream:75 - [STDERR_REDIRECT] 
2025-07-03 10:23:51,407 [INFO] Activator:176 - 


2025-07-03 10:23:51,409 [INFO] Activator:177 - !SESSION log4j initialized
2025-07-03 10:23:57,817 [INFO] LogOutputStream:77 - [STDOUT_REDIRECT] 
2025-07-03 10:24:02,947 [INFO] ApplicationProperties:184 - Using Application install path: C:\ST\STM32CubeIDE_1.16.1\STM32CubeIDE\plugins\com.st.stm32cube.common.mx_6.14.1.202504091515
2025-07-03 10:24:02,966 [INFO] DbMcusXml:78 - Set database path to: C:\ST\STM32CubeIDE_1.16.1\STM32CubeIDE\plugins\com.st.stm32cube.common.mx_6.14.1.202504091515\\db\/mcu/
2025-07-03 10:24:02,966 [INFO] ApiDb:274 - Set plugin database path to: C:\ST\STM32CubeIDE_1.16.1\STM32CubeIDE\plugins\com.st.stm32cube.common.mx_6.14.1.202504091515\\db\/plugins/boardmanager/
2025-07-03 10:24:02,966 [WARN] ApiDb:259 - Overriding images path with different value:  => C:\ST\STM32CubeIDE_1.16.1\STM32CubeIDE\plugins\com.st.stm32cube.common.mx_6.14.1.202504091515\\db\/plugins/mcufinder/images/
2025-07-03 10:24:02,976 [INFO] ApiDb:250 - Set database path to: C:\Users\Tomas\.stmcufinder\plugins\mcufinder//mcu/
2025-07-03 10:24:02,977 [INFO] DbMcusAds:125 - Set database path to: C:\Users\Tomas\.stmcufinder\plugins\mcufinder//mcu/
2025-07-03 10:24:02,979 [INFO] CrossReferenceDbSqlite:203 - Set database path to: C:\Users\Tomas\.stmcufinder\plugins\mcufinder//mcu/cs/
2025-07-03 10:24:03,072 [INFO] RulesReader:64 - Compatibility file has been processed (302 Rules)
2025-07-03 10:24:03,168 [INFO] DbMcusXml:78 - Set database path to: C:\ST\STM32CubeIDE_1.16.1\STM32CubeIDE\plugins\com.st.stm32cube.common.mx_6.14.1.202504091515\\db\/mcu/
2025-07-03 10:24:03,169 [INFO] ApiDb:274 - Set plugin database path to: C:\ST\STM32CubeIDE_1.16.1\STM32CubeIDE\plugins\com.st.stm32cube.common.mx_6.14.1.202504091515\\db\/plugins/boardmanager/
2025-07-03 10:24:03,169 [INFO] ApiDb:261 - Set plugin images path to: C:\ST\STM32CubeIDE_1.16.1\STM32CubeIDE\plugins\com.st.stm32cube.common.mx_6.14.1.202504091515\\db\/plugins/mcufinder/images/
2025-07-03 10:24:03,169 [WARN] DbFile:41 - Overriding database path with different value: C:\Users\Tomas\.stmcufinder\plugins\mcufinder/ => C:\Users\Tomas\.stmcufinder\plugins\mcufinder
2025-07-03 10:24:03,169 [INFO] ApiDb:250 - Set database path to: C:\Users\Tomas\.stmcufinder\plugins\mcufinder//mcu/
2025-07-03 10:24:03,169 [WARN] DbFile:41 - Overriding database path with different value: C:\Users\Tomas\.stmcufinder\plugins\mcufinder/ => C:\Users\Tomas\.stmcufinder\plugins\mcufinder
2025-07-03 10:24:03,169 [INFO] DbMcusAds:125 - Set database path to: C:\Users\Tomas\.stmcufinder\plugins\mcufinder//mcu/
2025-07-03 10:24:03,169 [WARN] DbFile:41 - Overriding database path with different value: C:\Users\Tomas\.stmcufinder\plugins\mcufinder/ => C:\Users\Tomas\.stmcufinder\plugins\mcufinder
2025-07-03 10:24:03,169 [WARN] DbFile:41 - Overriding database path with different value: C:\Users\Tomas\.stmcufinder\plugins\mcufinder/ => C:\Users\Tomas\.stmcufinder\plugins\mcufinder
2025-07-03 10:24:03,169 [INFO] CrossReferenceDbSqlite:203 - Set database path to: C:\Users\Tomas\.stmcufinder\plugins\mcufinder//mcu/cs/
2025-07-03 10:24:03,252 [INFO] MainPanel:272 - HeapMemory: 285212672
2025-07-03 10:24:03,366 [INFO] DbMcusXml:78 - Set database path to: C:\ST\STM32CubeIDE_1.16.1\STM32CubeIDE\plugins\com.st.stm32cube.common.mx_6.14.1.202504091515\\db\/mcu/
2025-07-03 10:24:03,366 [INFO] ApiDb:274 - Set plugin database path to: C:\ST\STM32CubeIDE_1.16.1\STM32CubeIDE\plugins\com.st.stm32cube.common.mx_6.14.1.202504091515\\db\/plugins/boardmanager/
2025-07-03 10:24:03,367 [INFO] ApiDb:261 - Set plugin images path to: C:\ST\STM32CubeIDE_1.16.1\STM32CubeIDE\plugins\com.st.stm32cube.common.mx_6.14.1.202504091515\\db\/plugins/mcufinder/images/
2025-07-03 10:24:03,367 [WARN] DbFile:41 - Overriding database path with different value: C:\Users\Tomas\.stmcufinder\plugins\mcufinder/ => C:\Users\Tomas\.stmcufinder\plugins\mcufinder
2025-07-03 10:24:03,367 [INFO] ApiDb:250 - Set database path to: C:\Users\Tomas\.stmcufinder\plugins\mcufinder//mcu/
2025-07-03 10:24:03,367 [WARN] DbFile:41 - Overriding database path with different value: C:\Users\Tomas\.stmcufinder\plugins\mcufinder/ => C:\Users\Tomas\.stmcufinder\plugins\mcufinder
2025-07-03 10:24:03,367 [INFO] DbMcusAds:125 - Set database path to: C:\Users\Tomas\.stmcufinder\plugins\mcufinder//mcu/
2025-07-03 10:24:03,367 [WARN] DbFile:41 - Overriding database path with different value: C:\Users\Tomas\.stmcufinder\plugins\mcufinder/ => C:\Users\Tomas\.stmcufinder\plugins\mcufinder
2025-07-03 10:24:03,367 [WARN] DbFile:41 - Overriding database path with different value: C:\Users\Tomas\.stmcufinder\plugins\mcufinder/ => C:\Users\Tomas\.stmcufinder\plugins\mcufinder
2025-07-03 10:24:03,367 [INFO] CrossReferenceDbSqlite:203 - Set database path to: C:\Users\Tomas\.stmcufinder\plugins\mcufinder//mcu/cs/
2025-07-03 10:24:03,388 [INFO] ApplicationProperties:184 - Using Application install path: C:\ST\STM32CubeIDE_1.16.1\STM32CubeIDE\plugins\com.st.stm32cube.common.mx_6.14.1.202504091515
2025-07-03 10:24:03,389 [INFO] PluginManage:196 - Search for loadable plugins [exclusion list=, ]
2025-07-03 10:24:03,391 [INFO] PluginManage:310 - Check plugin analytics
2025-07-03 10:24:03,557 [INFO] AnalyticsPlugin:253 - Accepted Software Licenses: 
2025-07-03 10:24:03,557 [INFO] AnalyticsPlugin:255 - Accepted CMSIS Pack Licenses: STMicroelectronics.X-CUBE-ALGOBUILD.1.4.0,STMicroelectronics.X-CUBE-MEMS1.11.2.0,STMicroelectronics.X-CUBE-AZRTOS-F4.1.1.0
2025-07-03 10:24:03,557 [INFO] AnalyticsPlugin:257 - Accepted Firmware Licenses: FW.L4.1.18.0,FW.F4.1.28.0
2025-07-03 10:24:03,560 [INFO] PluginManage:359 - Loaded plugin analytics (category:tool,tabindex:-1)
2025-07-03 10:24:03,560 [INFO] PluginManage:310 - Check plugin cadmodel
2025-07-03 10:24:03,568 [INFO] CADModel:105 - Init CAD model plugin
2025-07-03 10:24:03,568 [INFO] PluginManage:359 - Loaded plugin cadmodel (category:power,tabindex:5)
2025-07-03 10:24:03,568 [INFO] PluginManage:310 - Check plugin clock
2025-07-03 10:24:03,582 [INFO] PluginManage:359 - Loaded plugin clock (category:base,tabindex:2)
2025-07-03 10:24:03,582 [INFO] PluginManage:310 - Check plugin ddr
2025-07-03 10:24:03,586 [INFO] PluginManage:359 - Loaded plugin ddr (category:tool,tabindex:6)
2025-07-03 10:24:03,586 [INFO] PluginManage:310 - Check plugin filemanager
2025-07-03 10:24:03,739 [INFO] PluginManage:359 - Loaded plugin filemanager (category:base,tabindex:10)
2025-07-03 10:24:03,740 [INFO] PluginManage:310 - Check plugin ipmanager
2025-07-03 10:24:03,747 [INFO] PluginManage:359 - Loaded plugin ipmanager (category:base,tabindex:5)
2025-07-03 10:24:03,747 [INFO] PluginManage:310 - Check plugin lpbam
2025-07-03 10:24:03,755 [INFO] PluginManage:359 - Loaded plugin lpbam (category:base,tabindex:0)
2025-07-03 10:24:03,755 [INFO] PluginManage:310 - Check plugin memorymap
2025-07-03 10:24:03,769 [INFO] PluginManage:359 - Loaded plugin memorymap (category:base,tabindex:4)
2025-07-03 10:24:03,769 [INFO] PluginManage:310 - Check plugin pinoutandconfiguration
2025-07-03 10:24:03,779 [INFO] PluginManage:359 - Loaded plugin pinoutandconfiguration (category:base,tabindex:1)
2025-07-03 10:24:03,779 [INFO] PluginManage:310 - Check plugin pinoutconfig
2025-07-03 10:24:03,858 [WARN] SupportedApi:132 - Cannot load RTOS API schema: s4s-elt-must-match.1: The content of 'definitions' must match (annotation?, (simpleType | complexType)?, (unique | key | keyref)*)). A problem was found starting at: attribute.
2025-07-03 10:24:03,981 [INFO] PluginManage:359 - Loaded plugin pinoutconfig (category:base,tabindex:0)
2025-07-03 10:24:03,982 [INFO] PluginManage:310 - Check plugin power
2025-07-03 10:24:03,992 [INFO] PluginManage:359 - Loaded plugin power (category:power,tabindex:4)
2025-07-03 10:24:03,993 [INFO] PluginManage:310 - Check plugin projectmanager
2025-07-03 10:24:04,007 [INFO] PluginManage:359 - Loaded plugin projectmanager (category:projectmanager,tabindex:4)
2025-07-03 10:24:04,007 [INFO] PluginManage:310 - Check plugin rif
2025-07-03 10:24:04,016 [INFO] PluginManage:359 - Loaded plugin rif (category:base,tabindex:3)
2025-07-03 10:24:04,016 [INFO] PluginManage:310 - Check plugin thirdparty
2025-07-03 10:24:04,148 [INFO] PluginManage:359 - Loaded plugin thirdparty (category:base,tabindex:-1)
2025-07-03 10:24:04,148 [WARN] IntegrityCheckThread:84 - waiting for thirdparty lock release [integrity check]
2025-07-03 10:24:04,148 [INFO] PluginManage:310 - Check plugin tools
2025-07-03 10:24:04,148 [INFO] IntegrityCheckThread:86 - entering critical section [integrity check]
2025-07-03 10:24:04,148 [INFO] ThirdPartyUpdaterWithRetryManager:70 - Updater plugin not ready yet. [1/15]
2025-07-03 10:24:04,151 [INFO] PluginManage:359 - Loaded plugin tools (category:base,tabindex:7)
2025-07-03 10:24:04,151 [INFO] PluginManage:310 - Check plugin tutovideos
2025-07-03 10:24:04,342 [INFO] PluginManage:359 - Loaded plugin tutovideos (category:base,tabindex:-1)
2025-07-03 10:24:04,342 [INFO] PluginManage:310 - Check plugin updater
2025-07-03 10:24:04,362 [INFO] PluginManage:359 - Loaded plugin updater (category:base,tabindex:12)
2025-07-03 10:24:04,362 [INFO] PluginManage:310 - Check plugin userauth
2025-07-03 10:24:04,366 [INFO] UserAuth:118 - Init User Auth plugin
2025-07-03 10:24:04,367 [INFO] PluginManage:359 - Loaded plugin userauth (category:base,tabindex:14)
2025-07-03 10:24:04,368 [INFO] PluginManage:283 - PluginManage : Loaded plugins [18]
2025-07-03 10:24:04,585 [INFO] PinOutPanel:1589 - setPackage(No Configuration,No Configuration)
2025-07-03 10:24:04,674 [INFO] CADModel:165 - CPN selected for project level
2025-07-03 10:24:04,674 [INFO] CADModel:114 - Register for checkConnection events
2025-07-03 10:24:04,694 [INFO] IPUIPlugin:80 - create IPUIPlugin
2025-07-03 10:24:04,694 [INFO] PluginManager:220 - loadIPPluginJar : add adc
2025-07-03 10:24:04,697 [INFO] IPUIPlugin:80 - create IPUIPlugin
2025-07-03 10:24:04,697 [INFO] PluginManager:220 - loadIPPluginJar : add aes
2025-07-03 10:24:04,700 [INFO] IPUIPlugin:80 - create IPUIPlugin
2025-07-03 10:24:04,700 [INFO] PluginManager:220 - loadIPPluginJar : add can
2025-07-03 10:24:04,702 [INFO] IPUIPlugin:80 - create IPUIPlugin
2025-07-03 10:24:04,702 [INFO] PluginManager:220 - loadIPPluginJar : add comp
2025-07-03 10:24:04,705 [INFO] IPUIPlugin:80 - create IPUIPlugin
2025-07-03 10:24:04,705 [INFO] PluginManager:220 - loadIPPluginJar : add cryp
2025-07-03 10:24:04,709 [INFO] IPUIPlugin:80 - create IPUIPlugin
2025-07-03 10:24:04,709 [INFO] PluginManager:220 - loadIPPluginJar : add ddr_ctrl_phy
2025-07-03 10:24:04,712 [INFO] IPUIPlugin:80 - create IPUIPlugin
2025-07-03 10:24:04,712 [INFO] PluginManager:220 - loadIPPluginJar : add dfsdm
2025-07-03 10:24:04,717 [INFO] IPUIPlugin:80 - create IPUIPlugin
2025-07-03 10:24:04,717 [INFO] PluginManager:220 - loadIPPluginJar : add dma
2025-07-03 10:24:04,721 [INFO] IPUIPlugin:80 - create IPUIPlugin
2025-07-03 10:24:04,721 [INFO] PluginManager:220 - loadIPPluginJar : add dma3
2025-07-03 10:24:04,724 [INFO] IPUIPlugin:80 - create IPUIPlugin
2025-07-03 10:24:04,724 [INFO] PluginManager:220 - loadIPPluginJar : add extmemmanager
2025-07-03 10:24:04,725 [INFO] IPUIPlugin:80 - create IPUIPlugin
2025-07-03 10:24:04,725 [INFO] PluginManager:220 - loadIPPluginJar : add fatfs
2025-07-03 10:24:04,729 [INFO] IPUIPlugin:80 - create IPUIPlugin
2025-07-03 10:24:04,730 [INFO] PluginManager:220 - loadIPPluginJar : add fmc
2025-07-03 10:24:04,736 [INFO] IPUIPlugin:80 - create IPUIPlugin
2025-07-03 10:24:04,736 [INFO] PluginManager:220 - loadIPPluginJar : add freertos
2025-07-03 10:24:04,738 [INFO] IPUIPlugin:80 - create IPUIPlugin
2025-07-03 10:24:04,738 [INFO] PluginManager:220 - loadIPPluginJar : add genericplugin
2025-07-03 10:24:04,740 [INFO] IPUIPlugin:80 - create IPUIPlugin
2025-07-03 10:24:04,740 [INFO] PluginManager:220 - loadIPPluginJar : add gfxmmu
2025-07-03 10:24:04,744 [INFO] IPUIPlugin:80 - create IPUIPlugin
2025-07-03 10:24:04,744 [INFO] PluginManager:220 - loadIPPluginJar : add gic
2025-07-03 10:24:04,748 [INFO] IPUIPlugin:80 - create IPUIPlugin
2025-07-03 10:24:04,748 [INFO] PluginManager:220 - loadIPPluginJar : add gpio
2025-07-03 10:24:04,751 [INFO] IPUIPlugin:80 - create IPUIPlugin
2025-07-03 10:24:04,751 [INFO] PluginManager:220 - loadIPPluginJar : add gtzc
2025-07-03 10:24:04,754 [INFO] IPUIPlugin:80 - create IPUIPlugin
2025-07-03 10:24:04,754 [INFO] PluginManager:220 - loadIPPluginJar : add hash
2025-07-03 10:24:04,756 [INFO] IPUIPlugin:80 - create IPUIPlugin
2025-07-03 10:24:04,757 [INFO] PluginManager:220 - loadIPPluginJar : add i2c
2025-07-03 10:24:04,759 [INFO] IPUIPlugin:80 - create IPUIPlugin
2025-07-03 10:24:04,759 [INFO] PluginManager:220 - loadIPPluginJar : add i2s
2025-07-03 10:24:04,762 [INFO] IPUIPlugin:80 - create IPUIPlugin
2025-07-03 10:24:04,762 [INFO] PluginManager:220 - loadIPPluginJar : add i3c
2025-07-03 10:24:04,765 [INFO] IPUIPlugin:80 - create IPUIPlugin
2025-07-03 10:24:04,765 [INFO] PluginManager:220 - loadIPPluginJar : add ipddr
2025-07-03 10:24:04,772 [INFO] IPUIPlugin:80 - create IPUIPlugin
2025-07-03 10:24:04,773 [INFO] PluginManager:220 - loadIPPluginJar : add linkedlist
2025-07-03 10:24:04,776 [INFO] IPUIPlugin:80 - create IPUIPlugin
2025-07-03 10:24:04,776 [INFO] PluginManager:220 - loadIPPluginJar : add lorawan
2025-07-03 10:24:04,778 [INFO] IPUIPlugin:80 - create IPUIPlugin
2025-07-03 10:24:04,778 [INFO] PluginManager:220 - loadIPPluginJar : add ltdc
2025-07-03 10:24:04,783 [INFO] IPUIPlugin:80 - create IPUIPlugin
2025-07-03 10:24:04,783 [INFO] PluginManager:220 - loadIPPluginJar : add mdma
2025-07-03 10:24:04,796 [INFO] IPUIPlugin:80 - create IPUIPlugin
2025-07-03 10:24:04,797 [INFO] PluginManager:220 - loadIPPluginJar : add nvic
2025-07-03 10:24:04,801 [INFO] IPUIPlugin:80 - create IPUIPlugin
2025-07-03 10:24:04,801 [INFO] PluginManager:220 - loadIPPluginJar : add opamp
2025-07-03 10:24:04,805 [INFO] IPUIPlugin:80 - create IPUIPlugin
2025-07-03 10:24:04,805 [INFO] PluginManager:220 - loadIPPluginJar : add openamp
2025-07-03 10:24:04,808 [INFO] IPUIPlugin:80 - create IPUIPlugin
2025-07-03 10:24:04,808 [INFO] PluginManager:220 - loadIPPluginJar : add pdm2pcm
2025-07-03 10:24:04,814 [INFO] IPUIPlugin:80 - create IPUIPlugin
2025-07-03 10:24:04,816 [INFO] PluginManager:220 - loadIPPluginJar : add plateformsettings
2025-07-03 10:24:04,818 [INFO] IPUIPlugin:80 - create IPUIPlugin
2025-07-03 10:24:04,819 [INFO] PluginManager:220 - loadIPPluginJar : add quadspi
2025-07-03 10:24:04,820 [INFO] IPUIPlugin:80 - create IPUIPlugin
2025-07-03 10:24:04,821 [INFO] PluginManager:220 - loadIPPluginJar : add radio
2025-07-03 10:24:04,824 [INFO] IPUIPlugin:80 - create IPUIPlugin
2025-07-03 10:24:04,824 [INFO] PluginManager:220 - loadIPPluginJar : add resmgrutility
2025-07-03 10:24:04,827 [INFO] IPUIPlugin:80 - create IPUIPlugin
2025-07-03 10:24:04,828 [INFO] PluginManager:220 - loadIPPluginJar : add sai
2025-07-03 10:24:04,846 [INFO] IPUIPlugin:80 - create IPUIPlugin
2025-07-03 10:24:04,846 [INFO] PluginManager:220 - loadIPPluginJar : add spi
2025-07-03 10:24:04,853 [INFO] IPUIPlugin:80 - create IPUIPlugin
2025-07-03 10:24:04,853 [INFO] PluginManager:220 - loadIPPluginJar : add stm32_wpan
2025-07-03 10:24:04,855 [INFO] IPUIPlugin:80 - create IPUIPlugin
2025-07-03 10:24:04,855 [INFO] PluginManager:220 - loadIPPluginJar : add tim
2025-07-03 10:24:04,859 [INFO] IPUIPlugin:80 - create IPUIPlugin
2025-07-03 10:24:04,860 [INFO] PluginManager:220 - loadIPPluginJar : add touchsensing
2025-07-03 10:24:04,863 [INFO] IPUIPlugin:80 - create IPUIPlugin
2025-07-03 10:24:04,863 [INFO] PluginManager:220 - loadIPPluginJar : add tracer_emb
2025-07-03 10:24:04,865 [INFO] IPUIPlugin:80 - create IPUIPlugin
2025-07-03 10:24:04,865 [INFO] PluginManager:220 - loadIPPluginJar : add ts
2025-07-03 10:24:04,867 [INFO] IPUIPlugin:80 - create IPUIPlugin
2025-07-03 10:24:04,868 [INFO] PluginManager:220 - loadIPPluginJar : add tsc
2025-07-03 10:24:04,870 [INFO] IPUIPlugin:80 - create IPUIPlugin
2025-07-03 10:24:04,870 [INFO] PluginManager:220 - loadIPPluginJar : add ucpd
2025-07-03 10:24:04,873 [INFO] IPUIPlugin:80 - create IPUIPlugin
2025-07-03 10:24:04,873 [INFO] PluginManager:220 - loadIPPluginJar : add usart
2025-07-03 10:24:04,876 [INFO] IPUIPlugin:80 - create IPUIPlugin
2025-07-03 10:24:04,876 [INFO] PluginManager:220 - loadIPPluginJar : add usbx
2025-07-03 10:24:04,996 [FATAL] Updater:351 - Updater called before beeing initialized
2025-07-03 10:24:05,019 [INFO] RulesReader:64 - Compatibility file has been processed (302 Rules)
2025-07-03 10:24:05,028 [INFO] RulesReader:64 - Compatibility file has been processed (302 Rules)
2025-07-03 10:24:05,035 [INFO] CADModel:165 - CPN selected for project level
2025-07-03 10:24:05,035 [INFO] CADModel:114 - Register for checkConnection events
2025-07-03 10:24:05,035 [FATAL] Updater:351 - Updater called before beeing initialized
2025-07-03 10:24:05,035 [ERROR] CADModel:125 - Updater not yet initialized, retry later 
2025-07-03 10:24:05,184 [FATAL] Updater:351 - Updater called before beeing initialized
2025-07-03 10:24:05,186 [INFO] CADModel:165 - CPN selected for project level
2025-07-03 10:24:05,186 [INFO] CADModel:114 - Register for checkConnection events
2025-07-03 10:24:05,186 [FATAL] Updater:351 - Updater called before beeing initialized
2025-07-03 10:24:05,186 [ERROR] CADModel:125 - Updater not yet initialized, retry later 
2025-07-03 10:24:05,189 [FATAL] Updater:351 - Updater called before beeing initialized
2025-07-03 10:24:05,299 [FATAL] Updater:351 - Updater called before beeing initialized
2025-07-03 10:24:05,303 [INFO] DbMcusAds:53 - JSON generation date=Wed May 07 05:07:55 CLT 2025 (1746608875679)
2025-07-03 10:24:05,304 [FATAL] Updater:351 - Updater called before beeing initialized
2025-07-03 10:24:05,341 [WARN] DetailPanel:346 - Failed to get advertising image, set to default
2025-07-03 10:24:05,548 [FATAL] Updater:351 - Updater called before beeing initialized
2025-07-03 10:24:05,551 [FATAL] Updater:351 - Updater called before beeing initialized
2025-07-03 10:24:05,551 [FATAL] Updater:351 - Updater called before beeing initialized
2025-07-03 10:24:05,551 [WARN] DetailPanel:346 - Failed to get advertising image, set to default
2025-07-03 10:24:05,552 [FATAL] Updater:351 - Updater called before beeing initialized
2025-07-03 10:24:05,589 [ERROR] Updater:1198 - MainUpdater not yet initialized. External WinMGr cannot be set.
2025-07-03 10:24:05,591 [INFO] Updater:1134 - Updater Version found : 6.14.1
2025-07-03 10:24:05,608 [INFO] ApplicationProperties:184 - Using Application install path: C:\ST\STM32CubeIDE_1.16.1\STM32CubeIDE\plugins\com.st.stm32cube.common.mx_6.14.1.202504091515
2025-07-03 10:24:07,149 [INFO] ThirdPartyUpdaterWithRetryManager:70 - Updater plugin not ready yet. [2/15]
2025-07-03 10:24:07,175 [ERROR] LogOutputStream:75 - [STDERR_REDIRECT] Jul 03, 2025 10:24:07 AM java.util.prefs.WindowsPreferences <init>
2025-07-03 10:24:07,176 [ERROR] LogOutputStream:75 - [STDERR_REDIRECT] WARNING: Could not open/create prefs root node Software\JavaSoft\Prefs at root 0xffffffff80000002. Windows RegCreateKeyEx(...) returned error code 5.
2025-07-03 10:24:07,176 [ERROR] LogOutputStream:75 - [STDERR_REDIRECT] 
2025-07-03 10:24:07,447 [INFO] MainUpdater:2872 - connection check result : 10
2025-07-03 10:24:07,448 [INFO] MainUpdater:289 - Updater Check For Update Now.
2025-07-03 10:24:07,448 [INFO] MicroXplorer:498 - Change Database Version : DB.6.0.141
2025-07-03 10:24:07,454 [INFO] McuFinderGlobals:63 - Set McuFinder mode to 2 (CubeIDE integrated)
2025-07-03 10:24:07,455 [INFO] UserAuth:484 - Internet connection configuration mode: 1
2025-07-03 10:24:07,477 [INFO] JxBrowserEngine:152 - Initiate JxBrowser Engine with user profile folder
2025-07-03 10:24:07,613 [INFO] CheckServerUpdateThread:120 - End of CheckServer Thread
2025-07-03 10:24:08,645 [INFO] WebApp:169 - Instantiating new browser for Auth
2025-07-03 10:24:09,424 [INFO] WebApp:463 - Apply proxy settings
2025-07-03 10:24:09,425 [INFO] WebApp:548 - Chromium requires no authentication
2025-07-03 10:24:09,434 [INFO] WebApp:491 - Direct internet connection detected
2025-07-03 10:24:09,458 [INFO] WebApp:894 - Register for checkConnection events
2025-07-03 10:24:09,459 [INFO] WebApp:463 - Apply proxy settings
2025-07-03 10:24:09,459 [INFO] WebApp:548 - Chromium requires no authentication
2025-07-03 10:24:09,459 [INFO] WebApp:491 - Direct internet connection detected
2025-07-03 10:24:09,621 [INFO] WebApp:191 - Connection restablished
2025-07-03 10:24:09,709 [INFO] WebApp:225 - Starting web application
2025-07-03 10:24:09,709 [INFO] WebApp:593 - Web application path used C:\ST\STM32CubeIDE_1.16.1\STM32CubeIDE\plugins\com.st.stm32cube.common.mx_6.14.1.202504091515\db\plugins\mcufinder\reactClient1\index.html
2025-07-03 10:24:09,892 [INFO] UserAuth:484 - Internet connection configuration mode: 1
2025-07-03 10:24:10,440 [WARN] PackLoader:240 - Cannot read IP mode file for STMicroelectronics.FP-SNS-MOTENVWB1.1.4.0
2025-07-03 10:24:10,451 [WARN] PackLoader:240 - Cannot read IP mode file for STMicroelectronics.FP-ATR-ASTRA1.2.0.2
2025-07-03 10:24:10,463 [WARN] PackLoader:240 - Cannot read IP mode file for STMicroelectronics.X-CUBE-SMBUS.2.1.0
2025-07-03 10:24:10,474 [WARN] PackLoader:240 - Cannot read IP mode file for STMicroelectronics.X-CUBE-WB05N.1.1.0
2025-07-03 10:24:10,480 [WARN] PackLoader:240 - Cannot read IP mode file for STMicroelectronics.X-CUBE-ST60.1.0.0
2025-07-03 10:24:10,508 [WARN] PackLoader:240 - Cannot read IP mode file for STMicroelectronics.X-CUBE-AZRTOS-F7.1.1.0
2025-07-03 10:24:10,571 [WARN] PackLoader:240 - Cannot read IP mode file for STMicroelectronics.X-CUBE-MEMS1.11.0.0
2025-07-03 10:24:10,702 [WARN] PackLoader:240 - Cannot read IP mode file for STMicroelectronics.FP-SNS-FLIGHT1.5.0.2
2025-07-03 10:24:10,709 [WARN] PackLoader:240 - Cannot read IP mode file for STMicroelectronics.X-CUBE-DISPLAY.3.0.0
2025-07-03 10:24:10,717 [WARN] PackLoader:240 - Cannot read IP mode file for STMicroelectronics.X-CUBE-BLE1.7.0.0
2025-07-03 10:24:10,724 [WARN] PackLoader:240 - Cannot read IP mode file for STMicroelectronics.X-CUBE-NFC10.1.0.0
2025-07-03 10:24:10,733 [WARN] PackLoader:240 - Cannot read IP mode file for STMicroelectronics.X-CUBE-BLEMGR.4.0.0
2025-07-03 10:24:10,740 [WARN] PackLoader:240 - Cannot read IP mode file for emotas.I-CUBE-CANOPEN.1.3.0
2025-07-03 10:24:10,746 [WARN] ConditionMgr:438 - getConditionDescription Invalid condition id : Cortex-A Device cause : null
2025-07-03 10:24:10,764 [WARN] ConditionMgr:1044 - genDependencies : Invalid condition id : Cortex-A Device cause : null
2025-07-03 10:24:10,764 [WARN] ConditionMgr:1044 - genDependencies : Invalid condition id : Cortex-A Device cause : null
2025-07-03 10:24:10,764 [WARN] ConditionMgr:1044 - genDependencies : Invalid condition id : Cortex-A Device cause : null
2025-07-03 10:24:10,773 [WARN] PackLoader:240 - Cannot read IP mode file for STMicroelectronics.X-CUBE-BLEMGR.3.1.0
2025-07-03 10:24:10,781 [WARN] PackLoader:240 - Cannot read IP mode file for STMicroelectronics.X-CUBE-AI.10.0.0
2025-07-03 10:24:10,787 [WARN] PackLoader:240 - Cannot read IP mode file for STMicroelectronics.FP-SNS-SMARTAG2.1.2.0
2025-07-03 10:24:10,793 [WARN] PackLoader:240 - Cannot read IP mode file for STMicroelectronics.FP-SNS-FLIGHT1.5.1.0
2025-07-03 10:24:10,846 [WARN] PackLoader:240 - Cannot read IP mode file for STMicroelectronics.X-CUBE-MEMS1.11.1.0
2025-07-03 10:24:10,999 [INFO] LogOutputStream:77 - [STDOUT_REDIRECT] 1 : Invalid condition id : UX_CORESTACK_Condition cause : null
2025-07-03 10:24:11,000 [INFO] LogOutputStream:77 - [STDOUT_REDIRECT] 1 : Invalid condition id : UX_CORESTACK_Condition cause : null
2025-07-03 10:24:11,001 [INFO] LogOutputStream:77 - [STDOUT_REDIRECT] 1 : Invalid condition id : UX_CORESTACK_Condition cause : null
2025-07-03 10:24:11,002 [INFO] LogOutputStream:77 - [STDOUT_REDIRECT] 1 : Invalid condition id : UX_CORESTACK_Condition cause : null
2025-07-03 10:24:11,002 [INFO] LogOutputStream:77 - [STDOUT_REDIRECT] 1 : Invalid condition id : UX_CORESTACK_Condition cause : null
2025-07-03 10:24:11,006 [WARN] PackLoader:240 - Cannot read IP mode file for STMicroelectronics.X-CUBE-AZRTOS-WL.2.0.0
2025-07-03 10:24:11,019 [WARN] PackLoader:240 - Cannot read IP mode file for STMicroelectronics.FP-SNS-MOTENV1.5.0.0
2025-07-03 10:24:11,025 [WARN] PackLoader:240 - Cannot read IP mode file for wolfSSL.I-CUBE-wolfMQTT.1.19.0
2025-07-03 10:24:11,032 [WARN] PackLoader:240 - Cannot read IP mode file for WES.I-CUBE-Cesium.1.3.0
2025-07-03 10:24:11,038 [WARN] PackLoader:240 - Cannot read IP mode file for STMicroelectronics.X-CUBE-BLE2.3.3.0
2025-07-03 10:24:11,045 [WARN] PackLoader:240 - Cannot read IP mode file for STMicroelectronics.X-CUBE-NFC9.1.0.0
2025-07-03 10:24:11,051 [WARN] PackLoader:240 - Cannot read IP mode file for STMicroelectronics.X-CUBE-BLE1.7.1.0
2025-07-03 10:24:11,057 [WARN] PackLoader:240 - Cannot read IP mode file for STMicroelectronics.X-CUBE-TCPP.4.1.0
2025-07-03 10:24:11,068 [WARN] PackLoader:240 - Cannot read IP mode file for STMicroelectronics.X-CUBE-AI.10.1.0
2025-07-03 10:24:11,104 [WARN] PackLoader:240 - Cannot read IP mode file for STMicroelectronics.X-CUBE-MEMS1.11.2.0
2025-07-03 10:24:11,341 [WARN] PackLoader:240 - Cannot read IP mode file for STMicroelectronics.X-CUBE-AZRTOS-G0.1.1.0
2025-07-03 10:24:11,348 [WARN] PackLoader:240 - Cannot read IP mode file for STMicroelectronics.X-CUBE-SAFEA1.1.2.2
2025-07-03 10:24:11,354 [WARN] PackLoader:240 - Cannot read IP mode file for STMicroelectronics.X-CUBE-NFC4.3.0.0
2025-07-03 10:24:11,363 [WARN] PackLoader:240 - Cannot read IP mode file for EmbeddedOffice.I-CUBE-FS-RTOS.1.0.1
2025-07-03 10:24:11,367 [WARN] PackLoader:240 - Cannot read IP mode file for STMicroelectronics.X-CUBE-WB05N.2.0.0
2025-07-03 10:24:11,373 [WARN] PackLoader:240 - Cannot read IP mode file for STMicroelectronics.X-CUBE-TCPP.4.2.0
2025-07-03 10:24:11,379 [WARN] PackLoader:240 - Cannot read IP mode file for RealThread.X-CUBE-RT-Thread_Nano.4.1.1
2025-07-03 10:24:11,385 [WARN] PackLoader:240 - Cannot read IP mode file for STMicroelectronics.FP-ATR-SIGFOX1.3.2.0
2025-07-03 10:24:11,390 [WARN] PackLoader:240 - Cannot read IP mode file for wolfSSL.I-CUBE-wolfSSL.5.7.2
2025-07-03 10:24:11,396 [WARN] PackLoader:240 - Cannot read IP mode file for STMicroelectronics.X-CUBE-EEPRMA1.5.1.0
2025-07-03 10:24:11,402 [WARN] PackLoader:240 - Cannot read IP mode file for ITTIA_DB.I-CUBE-ITTIADB.8.9.0
2025-07-03 10:24:11,409 [WARN] PackLoader:240 - Cannot read IP mode file for STMicroelectronics.X-CUBE-ST67W61.1.0.0
2025-07-03 10:24:11,432 [WARN] PackLoader:240 - Cannot read IP mode file for SEGGER.I-CUBE-embOS.1.3.1
2025-07-03 10:24:11,611 [WARN] PackLoader:240 - Cannot read IP mode file for STMicroelectronics.X-CUBE-ALGOBUILD.1.4.0
2025-07-03 10:24:11,675 [WARN] PackLoader:240 - Cannot read IP mode file for STMicroelectronics.X-CUBE-MEMS1.11.3.0
2025-07-03 10:24:11,750 [WARN] PackLoader:240 - Cannot read IP mode file for STMicroelectronics.X-CUBE-PM33A1.1.0.0
2025-07-03 10:24:11,758 [WARN] PackLoader:240 - Cannot read IP mode file for STMicroelectronics.X-CUBE-GNSS1.6.0.0
2025-07-03 10:24:11,783 [WARN] PackLoader:240 - Cannot read IP mode file for STMicroelectronics.X-CUBE-AZRTOS-F4.1.1.0
2025-07-03 10:24:11,879 [WARN] PackLoader:240 - Cannot read IP mode file for Avnet-IotConnect.X-CUBE-IoTC-DA16k-PMOD.1.0.0
2025-07-03 10:24:11,883 [WARN] PackLoader:240 - Cannot read IP mode file for STMicroelectronics.X-CUBE-ISPU.2.1.0
2025-07-03 10:24:11,890 [WARN] PackLoader:240 - Cannot read IP mode file for STMicroelectronics.X-CUBE-FREERTOS.1.2.0
2025-07-03 10:24:11,903 [WARN] PackLoader:240 - Cannot read IP mode file for STMicroelectronics.X-CUBE-AZRTOS-L5.2.0.0
2025-07-03 10:24:11,911 [WARN] PackLoader:240 - Cannot read IP mode file for STMicroelectronics.X-CUBE-NFC6.3.1.0
2025-07-03 10:24:11,918 [WARN] PackLoader:240 - Cannot read IP mode file for STMicroelectronics.X-CUBE-DPower.1.2.0
2025-07-03 10:24:11,921 [WARN] PackLoader:240 - Cannot read IP mode file for STMicroelectronics.X-CUBE-AI.9.0.0
2025-07-03 10:24:11,925 [WARN] PackLoader:240 - Cannot read IP mode file for STMicroelectronics.X-CUBE-FREERTOS.1.3.1
2025-07-03 10:24:11,930 [WARN] PackLoader:240 - Cannot read IP mode file for STMicroelectronics.X-CUBE-FREERTOS.1.3.0
2025-07-03 10:24:11,935 [WARN] PackLoader:240 - Cannot read IP mode file for STMicroelectronics.X-CUBE-NFC7.1.0.1
2025-07-03 10:24:11,941 [WARN] PackLoader:240 - Cannot read IP mode file for STMicroelectronics.FP-SNS-STAIOTCFT.1.0.0
2025-07-03 10:24:11,946 [WARN] PackLoader:240 - Cannot read IP mode file for STMicroelectronics.X-CUBE-DPower.1.3.0
2025-07-03 10:24:11,957 [WARN] ConditionMgr:438 - getConditionDescription Invalid condition id : LAN8742 Phy interface Condition cause : null
2025-07-03 10:24:11,957 [WARN] PackLoader:240 - Cannot read IP mode file for STMicroelectronics.X-CUBE-AZRTOS-L4.2.0.0
2025-07-03 10:24:11,958 [WARN] ConditionMgr:1044 - genDependencies : Invalid condition id : LAN8742 Phy interface Condition cause : null
2025-07-03 10:24:11,959 [WARN] ConditionMgr:1044 - genDependencies : Invalid condition id : LAN8742 Phy interface Condition cause : null
2025-07-03 10:24:11,959 [WARN] ConditionMgr:1044 - genDependencies : Invalid condition id : LAN8742 Phy interface Condition cause : null
2025-07-03 10:24:11,965 [WARN] PackLoader:240 - Cannot read IP mode file for STMicroelectronics.X-CUBE-SFXS2LP1.4.0.0
2025-07-03 10:24:11,976 [WARN] PackLoader:240 - Cannot read IP mode file for STMicroelectronics.X-CUBE-AZRTOS-H7.3.3.0
2025-07-03 10:24:11,988 [WARN] ConditionMgr:438 - getConditionDescription Invalid condition id : UX DEVICE CLASS RTOS Condition cause : null
2025-07-03 10:24:11,988 [WARN] ConditionMgr:438 - getConditionDescription Invalid condition id : UX DEVICE CLASS RTOS Condition cause : null
2025-07-03 10:24:11,990 [WARN] PackLoader:240 - Cannot read IP mode file for STMicroelectronics.X-CUBE-AZRTOS-WB.2.0.0
2025-07-03 10:24:11,990 [WARN] ConditionMgr:1044 - genDependencies : Invalid condition id : UX DEVICE CLASS RTOS Condition cause : null
2025-07-03 10:24:11,990 [WARN] ConditionMgr:1044 - genDependencies : Invalid condition id : UX DEVICE CLASS RTOS Condition cause : null
2025-07-03 10:24:11,990 [WARN] ConditionMgr:1044 - genDependencies : Invalid condition id : UX DEVICE CLASS RTOS Condition cause : null
2025-07-03 10:24:11,990 [WARN] ConditionMgr:1044 - genDependencies : Invalid condition id : UX DEVICE CLASS RTOS Condition cause : null
2025-07-03 10:24:11,991 [WARN] ConditionMgr:1044 - genDependencies : Invalid condition id : UX DEVICE CLASS RTOS Condition cause : null
2025-07-03 10:24:11,995 [WARN] PackLoader:240 - Cannot read IP mode file for STMicroelectronics.X-CUBE-GNSS1.7.0.1
2025-07-03 10:24:12,001 [WARN] PackLoader:240 - Cannot read IP mode file for STMicroelectronics.X-CUBE-TOUCHGFX.4.25.0
2025-07-03 10:24:12,008 [WARN] PackLoader:240 - Cannot read IP mode file for STMicroelectronics.FP-SNS-STBOX1.2.0.0
2025-07-03 10:24:12,017 [WARN] PackLoader:240 - Cannot read IP mode file for STMicroelectronics.X-CUBE-SUBG2.5.0.0
2025-07-03 10:24:12,033 [WARN] PackLoader:240 - Cannot read IP mode file for STMicroelectronics.X-CUBE-AZRTOS-H7RS.1.1.0
2025-07-03 10:24:12,044 [WARN] PackLoader:240 - Cannot read IP mode file for Cesanta.I-CUBE-Mongoose.7.13.0
2025-07-03 10:24:12,054 [WARN] PackLoader:240 - Cannot read IP mode file for STMicroelectronics.X-CUBE-AZRTOS-G4.2.0.0
2025-07-03 10:24:12,058 [WARN] PackLoader:240 - Cannot read IP mode file for STMicroelectronics.X-CUBE-NFC7.2.0.0
2025-07-03 10:24:12,063 [WARN] PackLoader:240 - Cannot read IP mode file for STMicroelectronics.X-CUBE-ISPU.2.0.0
2025-07-03 10:24:12,073 [WARN] PackLoader:240 - Cannot read IP mode file for STMicroelectronics.X-CUBE-IPS.3.1.0
2025-07-03 10:24:12,080 [WARN] PackLoader:240 - Cannot read IP mode file for STMicroelectronics.X-CUBE-ALS.1.0.2
2025-07-03 10:24:12,083 [WARN] PackLoader:240 - Cannot read IP mode file for STMicroelectronics.X-CUBE-TOUCHGFX.4.24.0
2025-07-03 10:24:12,087 [WARN] PackLoader:240 - Cannot read IP mode file for wolfSSL.I-CUBE-wolfTPM.3.4.0
2025-07-03 10:24:12,093 [WARN] PackLoader:240 - Cannot read IP mode file for portGmbH.I-Cube-SoM-uGOAL.1.1.0
2025-07-03 10:24:12,106 [WARN] PackLoader:240 - Cannot read IP mode file for STMicroelectronics.X-CUBE-AZRTOS-H7RS.1.0.0
2025-07-03 10:24:12,114 [WARN] PackLoader:240 - Cannot read IP mode file for STMicroelectronics.FP-ATR-ASTRA1.2.0.0
2025-07-03 10:24:12,124 [WARN] PackLoader:240 - Cannot read IP mode file for STMicroelectronics.X-CUBE-TOF1.3.4.2
2025-07-03 10:24:12,139 [WARN] PackLoader:240 - Cannot read IP mode file for STMicroelectronics.X-CUBE-TOF1.3.4.3
2025-07-03 10:24:12,159 [WARN] PackLoader:240 - Cannot read IP mode file for Infineon.AIROC-Wi-Fi-Bluetooth-STM32.1.6.1
2025-07-03 10:24:12,165 [WARN] PackLoader:240 - Cannot read IP mode file for wolfSSL.I-CUBE-wolfSSH.1.4.17
2025-07-03 10:24:12,166 [INFO] ThirdParty:978 - Integrity check success = true
2025-07-03 10:24:12,166 [INFO] IntegrityCheckThread:100 - exiting critical section [integrity check]
2025-07-03 10:24:12,166 [INFO] IntegrityCheckThread:103 - End integrity checks thread
2025-07-03 11:06:58,412 [INFO] WebApp:403 - JxBrowser engine has been closed 
2025-07-03 11:07:00,776 [ERROR] LogOutputStream:75 - [STDERR_REDIRECT] 
