2025-05-27 00:09:52,166 [INFO] Activator:176 - 


2025-05-27 00:09:52,171 [INFO] Activator:177 - !SESSION log4j initialized
2025-05-27 00:09:57,383 [INFO] LogOutputStream:77 - [STDOUT_REDIRECT] 
2025-05-27 00:10:03,071 [INFO] ApplicationProperties:184 - Using Application install path: C:\ST\STM32CubeIDE_1.16.1\STM32CubeIDE\plugins\com.st.stm32cube.common.mx_6.14.1.202504091515
2025-05-27 00:10:03,089 [INFO] DbMcusXml:78 - Set database path to: C:\ST\STM32CubeIDE_1.16.1\STM32CubeIDE\plugins\com.st.stm32cube.common.mx_6.14.1.202504091515\\db\/mcu/
2025-05-27 00:10:03,089 [INFO] ApiDb:274 - Set plugin database path to: C:\ST\STM32CubeIDE_1.16.1\STM32CubeIDE\plugins\com.st.stm32cube.common.mx_6.14.1.202504091515\\db\/plugins/boardmanager/
2025-05-27 00:10:03,089 [WARN] ApiDb:259 - Overriding images path with different value:  => C:\ST\STM32CubeIDE_1.16.1\STM32CubeIDE\plugins\com.st.stm32cube.common.mx_6.14.1.202504091515\\db\/plugins/mcufinder/images/
2025-05-27 00:10:03,099 [INFO] ApiDb:250 - Set database path to: C:\Users\Tomas\.stmcufinder\plugins\mcufinder//mcu/
2025-05-27 00:10:03,100 [INFO] DbMcusAds:125 - Set database path to: C:\Users\Tomas\.stmcufinder\plugins\mcufinder//mcu/
2025-05-27 00:10:03,102 [INFO] CrossReferenceDbSqlite:203 - Set database path to: C:\Users\Tomas\.stmcufinder\plugins\mcufinder//mcu/cs/
2025-05-27 00:10:03,193 [INFO] RulesReader:64 - Compatibility file has been processed (302 Rules)
2025-05-27 00:10:03,287 [INFO] DbMcusXml:78 - Set database path to: C:\ST\STM32CubeIDE_1.16.1\STM32CubeIDE\plugins\com.st.stm32cube.common.mx_6.14.1.202504091515\\db\/mcu/
2025-05-27 00:10:03,287 [INFO] ApiDb:274 - Set plugin database path to: C:\ST\STM32CubeIDE_1.16.1\STM32CubeIDE\plugins\com.st.stm32cube.common.mx_6.14.1.202504091515\\db\/plugins/boardmanager/
2025-05-27 00:10:03,287 [INFO] ApiDb:261 - Set plugin images path to: C:\ST\STM32CubeIDE_1.16.1\STM32CubeIDE\plugins\com.st.stm32cube.common.mx_6.14.1.202504091515\\db\/plugins/mcufinder/images/
2025-05-27 00:10:03,287 [WARN] DbFile:41 - Overriding database path with different value: C:\Users\Tomas\.stmcufinder\plugins\mcufinder/ => C:\Users\Tomas\.stmcufinder\plugins\mcufinder
2025-05-27 00:10:03,287 [INFO] ApiDb:250 - Set database path to: C:\Users\Tomas\.stmcufinder\plugins\mcufinder//mcu/
2025-05-27 00:10:03,288 [WARN] DbFile:41 - Overriding database path with different value: C:\Users\Tomas\.stmcufinder\plugins\mcufinder/ => C:\Users\Tomas\.stmcufinder\plugins\mcufinder
2025-05-27 00:10:03,288 [INFO] DbMcusAds:125 - Set database path to: C:\Users\Tomas\.stmcufinder\plugins\mcufinder//mcu/
2025-05-27 00:10:03,288 [WARN] DbFile:41 - Overriding database path with different value: C:\Users\Tomas\.stmcufinder\plugins\mcufinder/ => C:\Users\Tomas\.stmcufinder\plugins\mcufinder
2025-05-27 00:10:03,288 [WARN] DbFile:41 - Overriding database path with different value: C:\Users\Tomas\.stmcufinder\plugins\mcufinder/ => C:\Users\Tomas\.stmcufinder\plugins\mcufinder
2025-05-27 00:10:03,288 [INFO] CrossReferenceDbSqlite:203 - Set database path to: C:\Users\Tomas\.stmcufinder\plugins\mcufinder//mcu/cs/
2025-05-27 00:10:03,363 [INFO] MainPanel:272 - HeapMemory: 268435456
2025-05-27 00:10:03,468 [INFO] DbMcusXml:78 - Set database path to: C:\ST\STM32CubeIDE_1.16.1\STM32CubeIDE\plugins\com.st.stm32cube.common.mx_6.14.1.202504091515\\db\/mcu/
2025-05-27 00:10:03,468 [INFO] ApiDb:274 - Set plugin database path to: C:\ST\STM32CubeIDE_1.16.1\STM32CubeIDE\plugins\com.st.stm32cube.common.mx_6.14.1.202504091515\\db\/plugins/boardmanager/
2025-05-27 00:10:03,469 [INFO] ApiDb:261 - Set plugin images path to: C:\ST\STM32CubeIDE_1.16.1\STM32CubeIDE\plugins\com.st.stm32cube.common.mx_6.14.1.202504091515\\db\/plugins/mcufinder/images/
2025-05-27 00:10:03,469 [WARN] DbFile:41 - Overriding database path with different value: C:\Users\Tomas\.stmcufinder\plugins\mcufinder/ => C:\Users\Tomas\.stmcufinder\plugins\mcufinder
2025-05-27 00:10:03,469 [INFO] ApiDb:250 - Set database path to: C:\Users\Tomas\.stmcufinder\plugins\mcufinder//mcu/
2025-05-27 00:10:03,469 [WARN] DbFile:41 - Overriding database path with different value: C:\Users\Tomas\.stmcufinder\plugins\mcufinder/ => C:\Users\Tomas\.stmcufinder\plugins\mcufinder
2025-05-27 00:10:03,469 [INFO] DbMcusAds:125 - Set database path to: C:\Users\Tomas\.stmcufinder\plugins\mcufinder//mcu/
2025-05-27 00:10:03,469 [WARN] DbFile:41 - Overriding database path with different value: C:\Users\Tomas\.stmcufinder\plugins\mcufinder/ => C:\Users\Tomas\.stmcufinder\plugins\mcufinder
2025-05-27 00:10:03,469 [WARN] DbFile:41 - Overriding database path with different value: C:\Users\Tomas\.stmcufinder\plugins\mcufinder/ => C:\Users\Tomas\.stmcufinder\plugins\mcufinder
2025-05-27 00:10:03,469 [INFO] CrossReferenceDbSqlite:203 - Set database path to: C:\Users\Tomas\.stmcufinder\plugins\mcufinder//mcu/cs/
2025-05-27 00:10:03,490 [INFO] ApplicationProperties:184 - Using Application install path: C:\ST\STM32CubeIDE_1.16.1\STM32CubeIDE\plugins\com.st.stm32cube.common.mx_6.14.1.202504091515
2025-05-27 00:10:03,491 [INFO] PluginManage:196 - Search for loadable plugins [exclusion list=, ]
2025-05-27 00:10:03,493 [INFO] PluginManage:310 - Check plugin analytics
2025-05-27 00:10:03,685 [INFO] AnalyticsPlugin:253 - Accepted Software Licenses: 
2025-05-27 00:10:03,685 [INFO] AnalyticsPlugin:255 - Accepted CMSIS Pack Licenses: STMicroelectronics.X-CUBE-ALGOBUILD.1.4.0,STMicroelectronics.X-CUBE-MEMS1.11.2.0,STMicroelectronics.X-CUBE-AZRTOS-F4.1.1.0
2025-05-27 00:10:03,685 [INFO] AnalyticsPlugin:257 - Accepted Firmware Licenses: FW.L4.1.18.0,FW.F4.1.28.0
2025-05-27 00:10:03,691 [INFO] PluginManage:359 - Loaded plugin analytics (category:tool,tabindex:-1)
2025-05-27 00:10:03,691 [INFO] PluginManage:310 - Check plugin cadmodel
2025-05-27 00:10:03,701 [INFO] CADModel:105 - Init CAD model plugin
2025-05-27 00:10:03,701 [INFO] PluginManage:359 - Loaded plugin cadmodel (category:power,tabindex:5)
2025-05-27 00:10:03,701 [INFO] PluginManage:310 - Check plugin clock
2025-05-27 00:10:03,726 [INFO] PluginManage:359 - Loaded plugin clock (category:base,tabindex:2)
2025-05-27 00:10:03,727 [INFO] PluginManage:310 - Check plugin ddr
2025-05-27 00:10:03,732 [INFO] PluginManage:359 - Loaded plugin ddr (category:tool,tabindex:6)
2025-05-27 00:10:03,733 [INFO] PluginManage:310 - Check plugin filemanager
2025-05-27 00:10:03,904 [INFO] PluginManage:359 - Loaded plugin filemanager (category:base,tabindex:10)
2025-05-27 00:10:03,905 [INFO] PluginManage:310 - Check plugin ipmanager
2025-05-27 00:10:03,912 [INFO] PluginManage:359 - Loaded plugin ipmanager (category:base,tabindex:5)
2025-05-27 00:10:03,912 [INFO] PluginManage:310 - Check plugin lpbam
2025-05-27 00:10:03,921 [INFO] PluginManage:359 - Loaded plugin lpbam (category:base,tabindex:0)
2025-05-27 00:10:03,921 [INFO] PluginManage:310 - Check plugin memorymap
2025-05-27 00:10:03,940 [INFO] PluginManage:359 - Loaded plugin memorymap (category:base,tabindex:4)
2025-05-27 00:10:03,940 [INFO] PluginManage:310 - Check plugin pinoutandconfiguration
2025-05-27 00:10:03,948 [INFO] PluginManage:359 - Loaded plugin pinoutandconfiguration (category:base,tabindex:1)
2025-05-27 00:10:03,949 [INFO] PluginManage:310 - Check plugin pinoutconfig
2025-05-27 00:10:04,029 [WARN] SupportedApi:132 - Cannot load RTOS API schema: s4s-elt-must-match.1: The content of 'definitions' must match (annotation?, (simpleType | complexType)?, (unique | key | keyref)*)). A problem was found starting at: attribute.
2025-05-27 00:10:04,141 [INFO] PluginManage:359 - Loaded plugin pinoutconfig (category:base,tabindex:0)
2025-05-27 00:10:04,141 [INFO] PluginManage:310 - Check plugin power
2025-05-27 00:10:04,151 [INFO] PluginManage:359 - Loaded plugin power (category:power,tabindex:4)
2025-05-27 00:10:04,151 [INFO] PluginManage:310 - Check plugin projectmanager
2025-05-27 00:10:04,164 [INFO] PluginManage:359 - Loaded plugin projectmanager (category:projectmanager,tabindex:4)
2025-05-27 00:10:04,165 [INFO] PluginManage:310 - Check plugin rif
2025-05-27 00:10:04,171 [INFO] PluginManage:359 - Loaded plugin rif (category:base,tabindex:3)
2025-05-27 00:10:04,171 [INFO] PluginManage:310 - Check plugin thirdparty
2025-05-27 00:10:04,317 [INFO] PluginManage:359 - Loaded plugin thirdparty (category:base,tabindex:-1)
2025-05-27 00:10:04,317 [INFO] PluginManage:310 - Check plugin tools
2025-05-27 00:10:04,317 [WARN] IntegrityCheckThread:84 - waiting for thirdparty lock release [integrity check]
2025-05-27 00:10:04,317 [INFO] IntegrityCheckThread:86 - entering critical section [integrity check]
2025-05-27 00:10:04,318 [INFO] ThirdPartyUpdaterWithRetryManager:70 - Updater plugin not ready yet. [1/15]
2025-05-27 00:10:04,321 [INFO] PluginManage:359 - Loaded plugin tools (category:base,tabindex:7)
2025-05-27 00:10:04,321 [INFO] PluginManage:310 - Check plugin tutovideos
2025-05-27 00:10:04,502 [INFO] PluginManage:359 - Loaded plugin tutovideos (category:base,tabindex:-1)
2025-05-27 00:10:04,503 [INFO] PluginManage:310 - Check plugin updater
2025-05-27 00:10:04,524 [INFO] PluginManage:359 - Loaded plugin updater (category:base,tabindex:12)
2025-05-27 00:10:04,525 [INFO] PluginManage:310 - Check plugin userauth
2025-05-27 00:10:04,528 [INFO] UserAuth:118 - Init User Auth plugin
2025-05-27 00:10:04,529 [INFO] PluginManage:359 - Loaded plugin userauth (category:base,tabindex:14)
2025-05-27 00:10:04,529 [INFO] PluginManage:283 - PluginManage : Loaded plugins [18]
2025-05-27 00:10:04,723 [INFO] PinOutPanel:1589 - setPackage(No Configuration,No Configuration)
2025-05-27 00:10:04,801 [INFO] CADModel:165 - CPN selected for project level
2025-05-27 00:10:04,801 [INFO] CADModel:114 - Register for checkConnection events
2025-05-27 00:10:04,821 [INFO] IPUIPlugin:80 - create IPUIPlugin
2025-05-27 00:10:04,821 [INFO] PluginManager:220 - loadIPPluginJar : add adc
2025-05-27 00:10:04,824 [INFO] IPUIPlugin:80 - create IPUIPlugin
2025-05-27 00:10:04,824 [INFO] PluginManager:220 - loadIPPluginJar : add aes
2025-05-27 00:10:04,827 [INFO] IPUIPlugin:80 - create IPUIPlugin
2025-05-27 00:10:04,827 [INFO] PluginManager:220 - loadIPPluginJar : add can
2025-05-27 00:10:04,829 [INFO] IPUIPlugin:80 - create IPUIPlugin
2025-05-27 00:10:04,829 [INFO] PluginManager:220 - loadIPPluginJar : add comp
2025-05-27 00:10:04,831 [INFO] IPUIPlugin:80 - create IPUIPlugin
2025-05-27 00:10:04,831 [INFO] PluginManager:220 - loadIPPluginJar : add cryp
2025-05-27 00:10:04,834 [INFO] IPUIPlugin:80 - create IPUIPlugin
2025-05-27 00:10:04,834 [INFO] PluginManager:220 - loadIPPluginJar : add ddr_ctrl_phy
2025-05-27 00:10:04,836 [INFO] IPUIPlugin:80 - create IPUIPlugin
2025-05-27 00:10:04,836 [INFO] PluginManager:220 - loadIPPluginJar : add dfsdm
2025-05-27 00:10:04,841 [INFO] IPUIPlugin:80 - create IPUIPlugin
2025-05-27 00:10:04,842 [INFO] PluginManager:220 - loadIPPluginJar : add dma
2025-05-27 00:10:04,844 [INFO] IPUIPlugin:80 - create IPUIPlugin
2025-05-27 00:10:04,844 [INFO] PluginManager:220 - loadIPPluginJar : add dma3
2025-05-27 00:10:04,847 [INFO] IPUIPlugin:80 - create IPUIPlugin
2025-05-27 00:10:04,847 [INFO] PluginManager:220 - loadIPPluginJar : add extmemmanager
2025-05-27 00:10:04,848 [INFO] IPUIPlugin:80 - create IPUIPlugin
2025-05-27 00:10:04,848 [INFO] PluginManager:220 - loadIPPluginJar : add fatfs
2025-05-27 00:10:04,852 [INFO] IPUIPlugin:80 - create IPUIPlugin
2025-05-27 00:10:04,852 [INFO] PluginManager:220 - loadIPPluginJar : add fmc
2025-05-27 00:10:04,858 [INFO] IPUIPlugin:80 - create IPUIPlugin
2025-05-27 00:10:04,858 [INFO] PluginManager:220 - loadIPPluginJar : add freertos
2025-05-27 00:10:04,859 [INFO] IPUIPlugin:80 - create IPUIPlugin
2025-05-27 00:10:04,859 [INFO] PluginManager:220 - loadIPPluginJar : add genericplugin
2025-05-27 00:10:04,861 [INFO] IPUIPlugin:80 - create IPUIPlugin
2025-05-27 00:10:04,861 [INFO] PluginManager:220 - loadIPPluginJar : add gfxmmu
2025-05-27 00:10:04,865 [INFO] IPUIPlugin:80 - create IPUIPlugin
2025-05-27 00:10:04,865 [INFO] PluginManager:220 - loadIPPluginJar : add gic
2025-05-27 00:10:04,869 [INFO] IPUIPlugin:80 - create IPUIPlugin
2025-05-27 00:10:04,869 [INFO] PluginManager:220 - loadIPPluginJar : add gpio
2025-05-27 00:10:04,872 [INFO] IPUIPlugin:80 - create IPUIPlugin
2025-05-27 00:10:04,872 [INFO] PluginManager:220 - loadIPPluginJar : add gtzc
2025-05-27 00:10:04,874 [INFO] IPUIPlugin:80 - create IPUIPlugin
2025-05-27 00:10:04,875 [INFO] PluginManager:220 - loadIPPluginJar : add hash
2025-05-27 00:10:04,877 [INFO] IPUIPlugin:80 - create IPUIPlugin
2025-05-27 00:10:04,877 [INFO] PluginManager:220 - loadIPPluginJar : add i2c
2025-05-27 00:10:04,880 [INFO] IPUIPlugin:80 - create IPUIPlugin
2025-05-27 00:10:04,880 [INFO] PluginManager:220 - loadIPPluginJar : add i2s
2025-05-27 00:10:04,882 [INFO] IPUIPlugin:80 - create IPUIPlugin
2025-05-27 00:10:04,882 [INFO] PluginManager:220 - loadIPPluginJar : add i3c
2025-05-27 00:10:04,885 [INFO] IPUIPlugin:80 - create IPUIPlugin
2025-05-27 00:10:04,886 [INFO] PluginManager:220 - loadIPPluginJar : add ipddr
2025-05-27 00:10:04,892 [INFO] IPUIPlugin:80 - create IPUIPlugin
2025-05-27 00:10:04,893 [INFO] PluginManager:220 - loadIPPluginJar : add linkedlist
2025-05-27 00:10:04,896 [INFO] IPUIPlugin:80 - create IPUIPlugin
2025-05-27 00:10:04,896 [INFO] PluginManager:220 - loadIPPluginJar : add lorawan
2025-05-27 00:10:04,898 [INFO] IPUIPlugin:80 - create IPUIPlugin
2025-05-27 00:10:04,898 [INFO] PluginManager:220 - loadIPPluginJar : add ltdc
2025-05-27 00:10:04,903 [INFO] IPUIPlugin:80 - create IPUIPlugin
2025-05-27 00:10:04,903 [INFO] PluginManager:220 - loadIPPluginJar : add mdma
2025-05-27 00:10:04,906 [INFO] IPUIPlugin:80 - create IPUIPlugin
2025-05-27 00:10:04,906 [INFO] PluginManager:220 - loadIPPluginJar : add nvic
2025-05-27 00:10:04,909 [INFO] IPUIPlugin:80 - create IPUIPlugin
2025-05-27 00:10:04,909 [INFO] PluginManager:220 - loadIPPluginJar : add opamp
2025-05-27 00:10:04,912 [INFO] IPUIPlugin:80 - create IPUIPlugin
2025-05-27 00:10:04,912 [INFO] PluginManager:220 - loadIPPluginJar : add openamp
2025-05-27 00:10:04,914 [INFO] IPUIPlugin:80 - create IPUIPlugin
2025-05-27 00:10:04,914 [INFO] PluginManager:220 - loadIPPluginJar : add pdm2pcm
2025-05-27 00:10:04,919 [INFO] IPUIPlugin:80 - create IPUIPlugin
2025-05-27 00:10:04,921 [INFO] PluginManager:220 - loadIPPluginJar : add plateformsettings
2025-05-27 00:10:04,923 [INFO] IPUIPlugin:80 - create IPUIPlugin
2025-05-27 00:10:04,923 [INFO] PluginManager:220 - loadIPPluginJar : add quadspi
2025-05-27 00:10:04,924 [INFO] IPUIPlugin:80 - create IPUIPlugin
2025-05-27 00:10:04,925 [INFO] PluginManager:220 - loadIPPluginJar : add radio
2025-05-27 00:10:04,928 [INFO] IPUIPlugin:80 - create IPUIPlugin
2025-05-27 00:10:04,928 [INFO] PluginManager:220 - loadIPPluginJar : add resmgrutility
2025-05-27 00:10:04,930 [INFO] IPUIPlugin:80 - create IPUIPlugin
2025-05-27 00:10:04,930 [INFO] PluginManager:220 - loadIPPluginJar : add sai
2025-05-27 00:10:04,933 [INFO] IPUIPlugin:80 - create IPUIPlugin
2025-05-27 00:10:04,933 [INFO] PluginManager:220 - loadIPPluginJar : add spi
2025-05-27 00:10:04,938 [INFO] IPUIPlugin:80 - create IPUIPlugin
2025-05-27 00:10:04,938 [INFO] PluginManager:220 - loadIPPluginJar : add stm32_wpan
2025-05-27 00:10:04,940 [INFO] IPUIPlugin:80 - create IPUIPlugin
2025-05-27 00:10:04,940 [INFO] PluginManager:220 - loadIPPluginJar : add tim
2025-05-27 00:10:04,942 [INFO] IPUIPlugin:80 - create IPUIPlugin
2025-05-27 00:10:04,942 [INFO] PluginManager:220 - loadIPPluginJar : add touchsensing
2025-05-27 00:10:04,945 [INFO] IPUIPlugin:80 - create IPUIPlugin
2025-05-27 00:10:04,945 [INFO] PluginManager:220 - loadIPPluginJar : add tracer_emb
2025-05-27 00:10:04,947 [INFO] IPUIPlugin:80 - create IPUIPlugin
2025-05-27 00:10:04,947 [INFO] PluginManager:220 - loadIPPluginJar : add ts
2025-05-27 00:10:04,949 [INFO] IPUIPlugin:80 - create IPUIPlugin
2025-05-27 00:10:04,949 [INFO] PluginManager:220 - loadIPPluginJar : add tsc
2025-05-27 00:10:04,951 [INFO] IPUIPlugin:80 - create IPUIPlugin
2025-05-27 00:10:04,951 [INFO] PluginManager:220 - loadIPPluginJar : add ucpd
2025-05-27 00:10:04,953 [INFO] IPUIPlugin:80 - create IPUIPlugin
2025-05-27 00:10:04,953 [INFO] PluginManager:220 - loadIPPluginJar : add usart
2025-05-27 00:10:04,956 [INFO] IPUIPlugin:80 - create IPUIPlugin
2025-05-27 00:10:04,956 [INFO] PluginManager:220 - loadIPPluginJar : add usbx
2025-05-27 00:10:05,071 [FATAL] Updater:351 - Updater called before beeing initialized
2025-05-27 00:10:05,094 [INFO] RulesReader:64 - Compatibility file has been processed (302 Rules)
2025-05-27 00:10:05,101 [INFO] RulesReader:64 - Compatibility file has been processed (302 Rules)
2025-05-27 00:10:05,108 [INFO] CADModel:165 - CPN selected for project level
2025-05-27 00:10:05,109 [INFO] CADModel:114 - Register for checkConnection events
2025-05-27 00:10:05,109 [FATAL] Updater:351 - Updater called before beeing initialized
2025-05-27 00:10:05,109 [ERROR] CADModel:125 - Updater not yet initialized, retry later 
2025-05-27 00:10:05,252 [FATAL] Updater:351 - Updater called before beeing initialized
2025-05-27 00:10:05,253 [INFO] CADModel:165 - CPN selected for project level
2025-05-27 00:10:05,253 [INFO] CADModel:114 - Register for checkConnection events
2025-05-27 00:10:05,253 [FATAL] Updater:351 - Updater called before beeing initialized
2025-05-27 00:10:05,253 [ERROR] CADModel:125 - Updater not yet initialized, retry later 
2025-05-27 00:10:05,257 [FATAL] Updater:351 - Updater called before beeing initialized
2025-05-27 00:10:05,364 [FATAL] Updater:351 - Updater called before beeing initialized
2025-05-27 00:10:05,367 [INFO] DbMcusAds:53 - JSON generation date=Wed May 07 05:07:55 CLT 2025 (1746608875679)
2025-05-27 00:10:05,367 [FATAL] Updater:351 - Updater called before beeing initialized
2025-05-27 00:10:05,402 [WARN] DetailPanel:346 - Failed to get advertising image, set to default
2025-05-27 00:10:05,598 [FATAL] Updater:351 - Updater called before beeing initialized
2025-05-27 00:10:05,600 [FATAL] Updater:351 - Updater called before beeing initialized
2025-05-27 00:10:05,601 [FATAL] Updater:351 - Updater called before beeing initialized
2025-05-27 00:10:05,601 [WARN] DetailPanel:346 - Failed to get advertising image, set to default
2025-05-27 00:10:05,602 [FATAL] Updater:351 - Updater called before beeing initialized
2025-05-27 00:10:05,640 [ERROR] Updater:1198 - MainUpdater not yet initialized. External WinMGr cannot be set.
2025-05-27 00:10:05,641 [INFO] Updater:1134 - Updater Version found : 6.14.1
2025-05-27 00:10:05,660 [INFO] ApplicationProperties:184 - Using Application install path: C:\ST\STM32CubeIDE_1.16.1\STM32CubeIDE\plugins\com.st.stm32cube.common.mx_6.14.1.202504091515
2025-05-27 00:10:07,228 [ERROR] LogOutputStream:75 - [STDERR_REDIRECT] May 27, 2025 12:10:07 AM java.util.prefs.WindowsPreferences <init>
2025-05-27 00:10:07,229 [ERROR] LogOutputStream:75 - [STDERR_REDIRECT] WARNING: Could not open/create prefs root node Software\JavaSoft\Prefs at root 0xffffffff80000002. Windows RegCreateKeyEx(...) returned error code 5.
2025-05-27 00:10:07,229 [ERROR] LogOutputStream:75 - [STDERR_REDIRECT] 
2025-05-27 00:10:07,318 [INFO] ThirdPartyUpdaterWithRetryManager:70 - Updater plugin not ready yet. [2/15]
2025-05-27 00:10:07,550 [INFO] MainUpdater:2872 - connection check result : 10
2025-05-27 00:10:07,551 [INFO] MainUpdater:3566 - Updater definition file requires update
2025-05-27 00:10:07,551 [INFO] MainUpdater:289 - Updater Check For Update Now.
2025-05-27 00:10:07,551 [INFO] MicroXplorer:498 - Change Database Version : DB.6.0.141
2025-05-27 00:10:07,556 [INFO] McuFinderGlobals:63 - Set McuFinder mode to 2 (CubeIDE integrated)
2025-05-27 00:10:07,557 [INFO] UserAuth:484 - Internet connection configuration mode: 1
2025-05-27 00:10:07,572 [INFO] JxBrowserEngine:152 - Initiate JxBrowser Engine with user profile folder
2025-05-27 00:10:07,640 [INFO] ServerAccessManage:473 - Download File updaters.zip
2025-05-27 00:10:07,743 [INFO] FileExtend:242 - Unzip File : updaters.zip
2025-05-27 00:10:07,743 [INFO] FileExtend:257 - Standard Zip Deflate
2025-05-27 00:10:08,071 [INFO] ServerAccessManage:473 - Download File PacksControlFlags.xml
2025-05-27 00:10:08,146 [INFO] ServerAccessManage:473 - Download File cubemx.pidx
2025-05-27 00:10:09,062 [INFO] ServerAccessManage:473 - Download File STMicroelectronics.X-CUBE-ST60.pdsc
2025-05-27 00:10:09,371 [INFO] WebApp:169 - Instantiating new browser for Auth
2025-05-27 00:10:09,782 [WARN] PackLoader:240 - Cannot read IP mode file for STMicroelectronics.X-CUBE-ST60.1.0.0
2025-05-27 00:10:09,784 [INFO] PopulateThirdPartyThread:66 - Ending populate Thread
2025-05-27 00:10:09,786 [INFO] ThirdParty:1030 - CMSIS Pack Vendor :STMicroelectronics X-CUBE-ST60 1.0.0
2025-05-27 00:10:09,786 [INFO] LoadServerUpdatesThread:375 - End of LoadServerUpdate Thread
2025-05-27 00:10:09,830 [INFO] CheckServerUpdateThread:120 - End of CheckServer Thread
2025-05-27 00:10:10,384 [INFO] WebApp:463 - Apply proxy settings
2025-05-27 00:10:10,384 [INFO] WebApp:548 - Chromium requires no authentication
2025-05-27 00:10:10,398 [INFO] WebApp:491 - Direct internet connection detected
2025-05-27 00:10:10,437 [INFO] WebApp:894 - Register for checkConnection events
2025-05-27 00:10:10,437 [INFO] WebApp:463 - Apply proxy settings
2025-05-27 00:10:10,437 [INFO] WebApp:548 - Chromium requires no authentication
2025-05-27 00:10:10,438 [INFO] WebApp:491 - Direct internet connection detected
2025-05-27 00:10:10,569 [INFO] WebApp:191 - Connection restablished
2025-05-27 00:10:10,670 [WARN] PackLoader:240 - Cannot read IP mode file for STMicroelectronics.FP-SNS-MOTENVWB1.1.4.0
2025-05-27 00:10:10,672 [INFO] WebApp:225 - Starting web application
2025-05-27 00:10:10,673 [INFO] WebApp:593 - Web application path used C:\ST\STM32CubeIDE_1.16.1\STM32CubeIDE\plugins\com.st.stm32cube.common.mx_6.14.1.202504091515\db\plugins\mcufinder\reactClient1\index.html
2025-05-27 00:10:10,679 [WARN] PackLoader:240 - Cannot read IP mode file for STMicroelectronics.FP-ATR-ASTRA1.2.0.2
2025-05-27 00:10:10,690 [WARN] PackLoader:240 - Cannot read IP mode file for STMicroelectronics.X-CUBE-SMBUS.2.1.0
2025-05-27 00:10:10,698 [WARN] PackLoader:240 - Cannot read IP mode file for STMicroelectronics.X-CUBE-WB05N.1.1.0
2025-05-27 00:10:10,704 [WARN] PackLoader:240 - Cannot read IP mode file for STMicroelectronics.X-CUBE-ST60.1.0.0
2025-05-27 00:10:10,734 [WARN] PackLoader:240 - Cannot read IP mode file for STMicroelectronics.X-CUBE-AZRTOS-F7.1.1.0
2025-05-27 00:10:10,794 [WARN] PackLoader:240 - Cannot read IP mode file for STMicroelectronics.X-CUBE-MEMS1.11.0.0
2025-05-27 00:10:10,895 [INFO] UserAuth:484 - Internet connection configuration mode: 1
2025-05-27 00:10:10,939 [WARN] PackLoader:240 - Cannot read IP mode file for STMicroelectronics.FP-SNS-FLIGHT1.5.0.2
2025-05-27 00:10:10,947 [WARN] PackLoader:240 - Cannot read IP mode file for STMicroelectronics.X-CUBE-DISPLAY.3.0.0
2025-05-27 00:10:10,964 [WARN] PackLoader:240 - Cannot read IP mode file for STMicroelectronics.X-CUBE-BLE1.7.0.0
2025-05-27 00:10:10,978 [WARN] PackLoader:240 - Cannot read IP mode file for STMicroelectronics.X-CUBE-NFC10.1.0.0
2025-05-27 00:10:10,991 [WARN] PackLoader:240 - Cannot read IP mode file for STMicroelectronics.X-CUBE-BLEMGR.4.0.0
2025-05-27 00:10:11,001 [WARN] PackLoader:240 - Cannot read IP mode file for emotas.I-CUBE-CANOPEN.1.3.0
2025-05-27 00:10:11,009 [WARN] ConditionMgr:438 - getConditionDescription Invalid condition id : Cortex-A Device cause : null
2025-05-27 00:10:11,033 [WARN] ConditionMgr:1044 - genDependencies : Invalid condition id : Cortex-A Device cause : null
2025-05-27 00:10:11,033 [WARN] ConditionMgr:1044 - genDependencies : Invalid condition id : Cortex-A Device cause : null
2025-05-27 00:10:11,033 [WARN] ConditionMgr:1044 - genDependencies : Invalid condition id : Cortex-A Device cause : null
2025-05-27 00:10:11,041 [WARN] PackLoader:240 - Cannot read IP mode file for STMicroelectronics.X-CUBE-BLEMGR.3.1.0
2025-05-27 00:10:11,048 [WARN] PackLoader:240 - Cannot read IP mode file for STMicroelectronics.X-CUBE-AI.10.0.0
2025-05-27 00:10:11,056 [WARN] PackLoader:240 - Cannot read IP mode file for STMicroelectronics.FP-SNS-SMARTAG2.1.2.0
2025-05-27 00:10:11,063 [WARN] PackLoader:240 - Cannot read IP mode file for STMicroelectronics.FP-SNS-FLIGHT1.5.1.0
2025-05-27 00:10:11,112 [WARN] PackLoader:240 - Cannot read IP mode file for STMicroelectronics.X-CUBE-MEMS1.11.1.0
2025-05-27 00:10:11,288 [INFO] LogOutputStream:77 - [STDOUT_REDIRECT] 1 : Invalid condition id : UX_CORESTACK_Condition cause : null
2025-05-27 00:10:11,289 [INFO] LogOutputStream:77 - [STDOUT_REDIRECT] 1 : Invalid condition id : UX_CORESTACK_Condition cause : null
2025-05-27 00:10:11,290 [INFO] LogOutputStream:77 - [STDOUT_REDIRECT] 1 : Invalid condition id : UX_CORESTACK_Condition cause : null
2025-05-27 00:10:11,291 [INFO] LogOutputStream:77 - [STDOUT_REDIRECT] 1 : Invalid condition id : UX_CORESTACK_Condition cause : null
2025-05-27 00:10:11,292 [INFO] LogOutputStream:77 - [STDOUT_REDIRECT] 1 : Invalid condition id : UX_CORESTACK_Condition cause : null
2025-05-27 00:10:11,295 [WARN] PackLoader:240 - Cannot read IP mode file for STMicroelectronics.X-CUBE-AZRTOS-WL.2.0.0
2025-05-27 00:10:11,304 [WARN] PackLoader:240 - Cannot read IP mode file for STMicroelectronics.FP-SNS-MOTENV1.5.0.0
2025-05-27 00:10:11,312 [WARN] PackLoader:240 - Cannot read IP mode file for wolfSSL.I-CUBE-wolfMQTT.1.19.0
2025-05-27 00:10:11,321 [WARN] PackLoader:240 - Cannot read IP mode file for WES.I-CUBE-Cesium.1.3.0
2025-05-27 00:10:11,329 [WARN] PackLoader:240 - Cannot read IP mode file for STMicroelectronics.X-CUBE-BLE2.3.3.0
2025-05-27 00:10:11,336 [WARN] PackLoader:240 - Cannot read IP mode file for STMicroelectronics.X-CUBE-NFC9.1.0.0
2025-05-27 00:10:11,342 [WARN] PackLoader:240 - Cannot read IP mode file for STMicroelectronics.X-CUBE-BLE1.7.1.0
2025-05-27 00:10:11,348 [WARN] PackLoader:240 - Cannot read IP mode file for STMicroelectronics.X-CUBE-TCPP.4.1.0
2025-05-27 00:10:11,386 [WARN] PackLoader:240 - Cannot read IP mode file for STMicroelectronics.X-CUBE-MEMS1.11.2.0
2025-05-27 00:10:11,609 [WARN] PackLoader:240 - Cannot read IP mode file for STMicroelectronics.X-CUBE-AZRTOS-G0.1.1.0
2025-05-27 00:10:11,617 [WARN] PackLoader:240 - Cannot read IP mode file for STMicroelectronics.X-CUBE-SAFEA1.1.2.2
2025-05-27 00:10:11,625 [WARN] PackLoader:240 - Cannot read IP mode file for STMicroelectronics.X-CUBE-NFC4.3.0.0
2025-05-27 00:10:11,634 [WARN] PackLoader:240 - Cannot read IP mode file for EmbeddedOffice.I-CUBE-FS-RTOS.1.0.1
2025-05-27 00:10:11,640 [WARN] PackLoader:240 - Cannot read IP mode file for STMicroelectronics.X-CUBE-WB05N.2.0.0
2025-05-27 00:10:11,645 [WARN] PackLoader:240 - Cannot read IP mode file for STMicroelectronics.X-CUBE-TCPP.4.2.0
2025-05-27 00:10:11,652 [WARN] PackLoader:240 - Cannot read IP mode file for RealThread.X-CUBE-RT-Thread_Nano.4.1.1
2025-05-27 00:10:11,657 [WARN] PackLoader:240 - Cannot read IP mode file for STMicroelectronics.FP-ATR-SIGFOX1.3.2.0
2025-05-27 00:10:11,661 [WARN] PackLoader:240 - Cannot read IP mode file for wolfSSL.I-CUBE-wolfSSL.5.7.2
2025-05-27 00:10:11,667 [WARN] PackLoader:240 - Cannot read IP mode file for STMicroelectronics.X-CUBE-EEPRMA1.5.1.0
2025-05-27 00:10:11,673 [WARN] PackLoader:240 - Cannot read IP mode file for ITTIA_DB.I-CUBE-ITTIADB.8.9.0
2025-05-27 00:10:11,703 [WARN] PackLoader:240 - Cannot read IP mode file for SEGGER.I-CUBE-embOS.1.3.1
2025-05-27 00:10:11,728 [WARN] PackLoader:240 - Cannot read IP mode file for STMicroelectronics.X-CUBE-ALGOBUILD.1.4.0
2025-05-27 00:10:11,767 [WARN] PackLoader:240 - Cannot read IP mode file for STMicroelectronics.X-CUBE-GNSS1.6.0.0
2025-05-27 00:10:11,784 [WARN] PackLoader:240 - Cannot read IP mode file for STMicroelectronics.X-CUBE-AZRTOS-F4.1.1.0
2025-05-27 00:10:11,887 [WARN] PackLoader:240 - Cannot read IP mode file for Avnet-IotConnect.X-CUBE-IoTC-DA16k-PMOD.1.0.0
2025-05-27 00:10:11,893 [WARN] PackLoader:240 - Cannot read IP mode file for STMicroelectronics.X-CUBE-ISPU.2.1.0
2025-05-27 00:10:11,899 [WARN] PackLoader:240 - Cannot read IP mode file for STMicroelectronics.X-CUBE-FREERTOS.1.2.0
2025-05-27 00:10:11,913 [WARN] PackLoader:240 - Cannot read IP mode file for STMicroelectronics.X-CUBE-AZRTOS-L5.2.0.0
2025-05-27 00:10:11,931 [WARN] PackLoader:240 - Cannot read IP mode file for STMicroelectronics.X-CUBE-NFC6.3.1.0
2025-05-27 00:10:11,957 [WARN] PackLoader:240 - Cannot read IP mode file for STMicroelectronics.X-CUBE-DPower.1.2.0
2025-05-27 00:10:11,962 [WARN] PackLoader:240 - Cannot read IP mode file for STMicroelectronics.X-CUBE-AI.9.0.0
2025-05-27 00:10:11,968 [WARN] PackLoader:240 - Cannot read IP mode file for STMicroelectronics.X-CUBE-FREERTOS.1.3.1
2025-05-27 00:10:11,973 [WARN] PackLoader:240 - Cannot read IP mode file for STMicroelectronics.X-CUBE-FREERTOS.1.3.0
2025-05-27 00:10:11,979 [WARN] PackLoader:240 - Cannot read IP mode file for STMicroelectronics.X-CUBE-NFC7.1.0.1
2025-05-27 00:10:11,983 [WARN] PackLoader:240 - Cannot read IP mode file for STMicroelectronics.X-CUBE-DPower.1.3.0
2025-05-27 00:10:11,994 [WARN] ConditionMgr:438 - getConditionDescription Invalid condition id : LAN8742 Phy interface Condition cause : null
2025-05-27 00:10:11,995 [WARN] PackLoader:240 - Cannot read IP mode file for STMicroelectronics.X-CUBE-AZRTOS-L4.2.0.0
2025-05-27 00:10:11,996 [WARN] ConditionMgr:1044 - genDependencies : Invalid condition id : LAN8742 Phy interface Condition cause : null
2025-05-27 00:10:11,996 [WARN] ConditionMgr:1044 - genDependencies : Invalid condition id : LAN8742 Phy interface Condition cause : null
2025-05-27 00:10:11,997 [WARN] ConditionMgr:1044 - genDependencies : Invalid condition id : LAN8742 Phy interface Condition cause : null
2025-05-27 00:10:12,004 [WARN] PackLoader:240 - Cannot read IP mode file for STMicroelectronics.X-CUBE-SFXS2LP1.4.0.0
2025-05-27 00:10:12,022 [WARN] PackLoader:240 - Cannot read IP mode file for STMicroelectronics.X-CUBE-AZRTOS-H7.3.3.0
2025-05-27 00:10:12,034 [WARN] ConditionMgr:438 - getConditionDescription Invalid condition id : UX DEVICE CLASS RTOS Condition cause : null
2025-05-27 00:10:12,034 [WARN] ConditionMgr:438 - getConditionDescription Invalid condition id : UX DEVICE CLASS RTOS Condition cause : null
2025-05-27 00:10:12,036 [WARN] PackLoader:240 - Cannot read IP mode file for STMicroelectronics.X-CUBE-AZRTOS-WB.2.0.0
2025-05-27 00:10:12,037 [WARN] ConditionMgr:1044 - genDependencies : Invalid condition id : UX DEVICE CLASS RTOS Condition cause : null
2025-05-27 00:10:12,037 [WARN] ConditionMgr:1044 - genDependencies : Invalid condition id : UX DEVICE CLASS RTOS Condition cause : null
2025-05-27 00:10:12,037 [WARN] ConditionMgr:1044 - genDependencies : Invalid condition id : UX DEVICE CLASS RTOS Condition cause : null
2025-05-27 00:10:12,037 [WARN] ConditionMgr:1044 - genDependencies : Invalid condition id : UX DEVICE CLASS RTOS Condition cause : null
2025-05-27 00:10:12,037 [WARN] ConditionMgr:1044 - genDependencies : Invalid condition id : UX DEVICE CLASS RTOS Condition cause : null
2025-05-27 00:10:12,042 [WARN] PackLoader:240 - Cannot read IP mode file for STMicroelectronics.X-CUBE-GNSS1.7.0.1
2025-05-27 00:10:12,048 [WARN] PackLoader:240 - Cannot read IP mode file for STMicroelectronics.X-CUBE-TOUCHGFX.4.25.0
2025-05-27 00:10:12,053 [WARN] PackLoader:240 - Cannot read IP mode file for STMicroelectronics.FP-SNS-STBOX1.2.0.0
2025-05-27 00:10:12,063 [WARN] PackLoader:240 - Cannot read IP mode file for STMicroelectronics.X-CUBE-SUBG2.5.0.0
2025-05-27 00:10:12,081 [WARN] PackLoader:240 - Cannot read IP mode file for STMicroelectronics.X-CUBE-AZRTOS-H7RS.1.1.0
2025-05-27 00:10:12,088 [WARN] PackLoader:240 - Cannot read IP mode file for Cesanta.I-CUBE-Mongoose.7.13.0
2025-05-27 00:10:12,099 [WARN] PackLoader:240 - Cannot read IP mode file for STMicroelectronics.X-CUBE-AZRTOS-G4.2.0.0
2025-05-27 00:10:12,105 [WARN] PackLoader:240 - Cannot read IP mode file for STMicroelectronics.X-CUBE-NFC7.2.0.0
2025-05-27 00:10:12,110 [WARN] PackLoader:240 - Cannot read IP mode file for STMicroelectronics.X-CUBE-ISPU.2.0.0
2025-05-27 00:10:12,122 [WARN] PackLoader:240 - Cannot read IP mode file for STMicroelectronics.X-CUBE-IPS.3.1.0
2025-05-27 00:10:12,130 [WARN] PackLoader:240 - Cannot read IP mode file for STMicroelectronics.X-CUBE-ALS.1.0.2
2025-05-27 00:10:12,136 [WARN] PackLoader:240 - Cannot read IP mode file for STMicroelectronics.X-CUBE-TOUCHGFX.4.24.0
2025-05-27 00:10:12,142 [WARN] PackLoader:240 - Cannot read IP mode file for wolfSSL.I-CUBE-wolfTPM.3.4.0
2025-05-27 00:10:12,150 [WARN] PackLoader:240 - Cannot read IP mode file for portGmbH.I-Cube-SoM-uGOAL.1.1.0
2025-05-27 00:10:12,163 [WARN] PackLoader:240 - Cannot read IP mode file for STMicroelectronics.X-CUBE-AZRTOS-H7RS.1.0.0
2025-05-27 00:10:12,169 [WARN] PackLoader:240 - Cannot read IP mode file for STMicroelectronics.FP-ATR-ASTRA1.2.0.0
2025-05-27 00:10:12,177 [WARN] PackLoader:240 - Cannot read IP mode file for STMicroelectronics.X-CUBE-TOF1.3.4.2
2025-05-27 00:10:12,191 [WARN] PackLoader:240 - Cannot read IP mode file for STMicroelectronics.X-CUBE-TOF1.3.4.3
2025-05-27 00:10:12,208 [WARN] PackLoader:240 - Cannot read IP mode file for Infineon.AIROC-Wi-Fi-Bluetooth-STM32.1.6.1
2025-05-27 00:10:12,214 [WARN] PackLoader:240 - Cannot read IP mode file for wolfSSL.I-CUBE-wolfSSH.1.4.17
2025-05-27 00:10:12,215 [INFO] ThirdParty:978 - Integrity check success = true
2025-05-27 00:10:12,215 [INFO] IntegrityCheckThread:100 - exiting critical section [integrity check]
2025-05-27 00:10:12,215 [INFO] IntegrityCheckThread:103 - End integrity checks thread
2025-05-27 00:10:24,958 [INFO] McuFinderGlobals:63 - Set McuFinder mode to 2 (CubeIDE integrated)
2025-05-27 00:10:24,963 [INFO] MainUpdater:2872 - connection check result : 10
2025-05-27 00:10:24,964 [INFO] MainUpdater:2872 - connection check result : 10
2025-05-27 00:10:25,002 [INFO] MicroXplorer:468 - Change Database Path : 
2025-05-27 00:10:25,002 [INFO] MicroXplorer:498 - Change Database Version : DB.6.0.141
2025-05-27 00:10:25,013 [WARN] ThirdParty:871 - waiting for thirdparty lock release [close project]
2025-05-27 00:10:25,014 [INFO] ThirdParty:873 - entering critical section [close project]
2025-05-27 00:10:25,014 [INFO] ThirdParty:883 - exiting critical section [close project]
2025-05-27 00:10:25,015 [INFO] PinOutPanel:1589 - setPackage(No Configuration,No Configuration)
2025-05-27 00:10:25,019 [INFO] UtilMem:75 - Begin LoadConfig() Used Memory: 383458008 Bytes (460324864)
2025-05-27 00:10:25,020 [INFO] MicroXplorer:468 - Change Database Path : 
2025-05-27 00:10:25,020 [INFO] MicroXplorer:498 - Change Database Version : DB.6.0.141
2025-05-27 00:10:25,020 [INFO] OpenFileManager:354 - Change cursor
2025-05-27 00:10:25,042 [INFO] Mcu:2011 - Initializing MCU STM32F407V(E-G)Tx STM32F407VGTx STM32F407VGT6
2025-05-27 00:10:26,359 [INFO] Context:756 - Trying to add GPIOservice into a context  which must be forbidden
2025-05-27 00:10:26,741 [INFO] ImportTextPane:218 - (OptionalMessage_ERROR) Pin26 (VP_RIF_VS_RIF1) cannot be retrieved for this MCU
2025-05-27 00:10:26,882 [INFO] RtosManager:558 - Registered RTOS mode: class=CMSIS, group=RTOS, mode=CMSIS_V1, owner=FREERTOS
2025-05-27 00:10:26,882 [INFO] RtosManager:558 - Registered RTOS mode: class=CMSIS, group=RTOS2, mode=CMSIS_V2, owner=FREERTOS
2025-05-27 00:10:26,882 [INFO] RtosManager:558 - Registered RTOS mode: class=RTOS, group=Core, mode=CMSIS_V1, owner=FREERTOS
2025-05-27 00:10:26,882 [INFO] RtosManager:558 - Registered RTOS mode: class=RTOS, group=Core, mode=CMSIS_V2, owner=FREERTOS
2025-05-27 00:10:26,883 [WARN] ModelIntegratedComponent:184 - Missing modes for component STMicroelectronics:FreeRTOS:0.0.1:STMicroelectronics:RTOS:FreeRTOS:Core:::10.2.0:
2025-05-27 00:10:26,889 [WARN] ModelIntegratedComponent:63 - No mode defined for component null
2025-05-27 00:10:26,889 [WARN] ModelIntegratedComponent:63 - No mode defined for component null
2025-05-27 00:10:26,889 [WARN] ModelIntegratedComponent:63 - No mode defined for component null
2025-05-27 00:10:26,889 [WARN] ModelIntegratedComponent:63 - No mode defined for component null
2025-05-27 00:10:26,889 [WARN] ModelIntegratedComponent:63 - No mode defined for component null
2025-05-27 00:10:26,889 [WARN] ModelIntegratedComponent:63 - No mode defined for component null
2025-05-27 00:10:26,889 [WARN] ModelIntegratedComponent:63 - No mode defined for component null
2025-05-27 00:10:26,889 [WARN] ModelIntegratedComponent:63 - No mode defined for component null
2025-05-27 00:10:26,889 [WARN] ModelIntegratedComponent:63 - No mode defined for component null
2025-05-27 00:10:26,889 [WARN] ModelIntegratedComponent:63 - No mode defined for component null
2025-05-27 00:10:26,889 [WARN] ModelIntegratedComponent:63 - No mode defined for component null
2025-05-27 00:10:26,889 [WARN] ModelIntegratedComponent:63 - No mode defined for component null
2025-05-27 00:10:26,890 [WARN] ModelIntegratedComponent:63 - No mode defined for component null
2025-05-27 00:10:26,890 [WARN] ModelIntegratedComponent:63 - No mode defined for component null
2025-05-27 00:10:26,890 [WARN] ModelIntegratedComponent:63 - No mode defined for component null
2025-05-27 00:10:26,890 [WARN] ModelIntegratedComponent:63 - No mode defined for component null
2025-05-27 00:10:26,890 [WARN] ModelIntegratedComponent:63 - No mode defined for component null
2025-05-27 00:10:26,890 [WARN] ModelIntegratedComponent:63 - No mode defined for component null
2025-05-27 00:10:26,890 [WARN] ModelIntegratedComponent:63 - No mode defined for component null
2025-05-27 00:10:26,890 [WARN] ModelIntegratedComponent:63 - No mode defined for component null
2025-05-27 00:10:26,890 [WARN] ModelIntegratedComponent:63 - No mode defined for component null
2025-05-27 00:10:26,890 [WARN] ModelIntegratedComponent:63 - No mode defined for component null
2025-05-27 00:10:26,890 [WARN] ModelIntegratedComponent:63 - No mode defined for component null
2025-05-27 00:10:26,890 [WARN] ModelIntegratedComponent:63 - No mode defined for component null
2025-05-27 00:10:26,890 [WARN] ModelIntegratedComponent:63 - No mode defined for component null
2025-05-27 00:10:26,890 [WARN] ModelIntegratedComponent:63 - No mode defined for component null
2025-05-27 00:10:26,890 [WARN] ModelIntegratedComponent:63 - No mode defined for component null
2025-05-27 00:10:26,890 [WARN] ModelIntegratedComponent:63 - No mode defined for component null
2025-05-27 00:10:26,890 [WARN] ModelIntegratedComponent:63 - No mode defined for component null
2025-05-27 00:10:26,890 [WARN] ModelIntegratedComponent:63 - No mode defined for component null
2025-05-27 00:10:26,890 [WARN] ModelIntegratedComponent:63 - No mode defined for component null
2025-05-27 00:10:26,890 [WARN] ModelIntegratedComponent:63 - No mode defined for component null
2025-05-27 00:10:26,890 [WARN] ModelIntegratedComponent:63 - No mode defined for component null
2025-05-27 00:10:26,891 [WARN] ModelIntegratedComponent:63 - No mode defined for component null
2025-05-27 00:10:26,891 [WARN] ModelIntegratedComponent:63 - No mode defined for component null
2025-05-27 00:10:26,891 [WARN] ModelPack:524 - Component already loaded: STMicroelectronics:HAL Drivers:0.0.0:STMicroelectronics:Device:STMicro_Driver:XSPI:HAL::0.0.1:HAL_XSPI
2025-05-27 00:10:27,016 [INFO] ThirdPartyModel:298 - Start build external matchings
2025-05-27 00:10:27,727 [INFO] ThirdPartyModel:316 - End build external matchings
2025-05-27 00:10:27,762 [INFO] ImportTextPane:218 - (OptionalMessage_ERROR) IP (DMA) : Parameter (Instance) has Id (SPI2_RX) currently not set
2025-05-27 00:10:27,762 [INFO] ImportTextPane:218 - (OptionalMessage_ERROR) IP (DMA) : Parameter (Channel) has Id (SPI2_RX) currently not set
2025-05-27 00:10:27,763 [INFO] ImportTextPane:218 - (OptionalMessage_ERROR) IP (DMA) : Parameter (Direction) has Id (SPI2_RX) currently not set
2025-05-27 00:10:27,763 [INFO] ImportTextPane:218 - (OptionalMessage_ERROR) IP (DMA) : Parameter (PeriphInc) has Id (SPI2_RX) currently not set
2025-05-27 00:10:27,763 [INFO] ImportTextPane:218 - (OptionalMessage_ERROR) IP (DMA) : Parameter (MemInc) has Id (SPI2_RX) currently not set
2025-05-27 00:10:27,763 [INFO] ImportTextPane:218 - (OptionalMessage_ERROR) IP (DMA) : Parameter (PeriphDataAlignment) has Id (SPI2_RX) currently not set
2025-05-27 00:10:27,764 [INFO] ImportTextPane:218 - (OptionalMessage_ERROR) IP (DMA) : Parameter (MemDataAlignment) has Id (SPI2_RX) currently not set
2025-05-27 00:10:27,764 [INFO] ImportTextPane:218 - (OptionalMessage_ERROR) IP (DMA) : Parameter (Mode) has Id (SPI2_RX) currently not set
2025-05-27 00:10:27,764 [INFO] ImportTextPane:218 - (OptionalMessage_ERROR) IP (DMA) : Parameter (Priority) has Id (SPI2_RX) currently not set
2025-05-27 00:10:27,764 [INFO] ImportTextPane:218 - (OptionalMessage_ERROR) IP (DMA) : Parameter (FIFOMode) has Id (SPI2_RX) currently not set
2025-05-27 00:10:27,768 [INFO] ImportTextPane:218 - (OptionalMessage_ERROR) IP (RCC) : Parameter (RTCHSEDivFreq_Value) has invalid value (4000000)
2025-05-27 00:10:28,140 [INFO] ApiDb:581 - Connected to CubeFinder SQLite database (C:\Users\Tomas\.stmcufinder\plugins\mcufinder\mcu\cube-finder-db.db)
2025-05-27 00:10:28,233 [INFO] ApiDb:668 - CubeFinder database Data Model version=2.1
2025-05-27 00:10:28,233 [INFO] ApiDb:669 - CubeFinder database Configuration version=3.0.39
2025-05-27 00:10:28,233 [INFO] ApiDb:670 - CubeFinder database generation date=2025-04-23 (1745419778)
2025-05-27 00:10:28,234 [INFO] ApiDb:671 - CubeFinder database FW Pack versions=[FP-ATR-ASTRA1_V2.0.0, FP-SNS-FLIGHT1_V5.1.0, FP-SNS-MOTENV1_V5.0.0, FP-SNS-MOTENVWB1_V1.4.0, FP-SNS-SMARTAG2_V1.2.0, FP-SNS-STBOX1_V2.0.0, STM32Cube_FW_C0_V1.4.0, STM32Cube_FW_F4_V1.28.1, STM32Cube_FW_F7_V1.17.2, STM32Cube_FW_G0_V1.6.2, STM32Cube_FW_G4_V1.6.1, STM32Cube_FW_H5_V1.5.0, STM32Cube_FW_H7RS_V1.2.0, STM32Cube_FW_H7_V1.12.1, STM32Cube_FW_L0_V1.12.2, STM32Cube_FW_L4_V1.18.1, STM32Cube_FW_L5_V1.5.1, STM32Cube_FW_N6_V1.1.1, STM32Cube_FW_U0_V1.2.0, STM32Cube_FW_U3_V1.1.0, STM32Cube_FW_U5_V1.7.0, STM32Cube_FW_WB0_V1.2.0, STM32Cube_FW_WBA_V1.6.0, STM32Cube_FW_WB_V1.22.0, STM32Cube_FW_WL3_V1.1.0, STM32Cube_FW_WL_V1.3.1, X-CUBE-ALGOBUILD_V1.4.0, X-CUBE-ALS_V1.0.2, X-CUBE-AZRTOS-F4_V1.1.0, X-CUBE-AZRTOS-F7_V1.1.0, X-CUBE-AZRTOS-G0_V1.1.0, X-CUBE-AZRTOS-G4_V2.0.0, X-CUBE-AZRTOS-H7RS_V1.1.0, X-CUBE-AZRTOS-H7_V3.3.0, X-CUBE-AZRTOS-L4_V2.0.0, X-CUBE-AZRTOS-L5_V2.0.0, X-CUBE-AZRTOS-WB_V2.0.0, X-CUBE-AZRTOS-WL_V2.0.0, X-CUBE-BLE1_V7.1.0, X-CUBE-BLE2_V3.3.0, X-CUBE-BLEMGR_V4.0.0, X-CUBE-EEPRMA1_V5.1.0, X-CUBE-FREERTOS_V1.3.0, X-CUBE-GNSS1_V6.0.0, X-CUBE-MEMS1_V11.2.0, X-CUBE-NFC4_V3.0.0, X-CUBE-NFC7_V1.0.1, X-CUBE-SFXS2LP1_V4.0.0, X-CUBE-SUBG2_V5.0.0, X-CUBE-TOF1_V3.4.3]
2025-05-27 00:10:28,348 [INFO] DbBoardsSqlite:226 - include board P-NUCLEO-WB55-NUCLEO as a kit item of type 'Nucleo-64'
2025-05-27 00:10:28,348 [INFO] DbBoardsSqlite:226 - include board P-NUCLEO-WB55-USBDONGLE as a kit item of type 'Nucleo USB Dongle'
2025-05-27 00:10:28,349 [INFO] DbBoardsSqlite:226 - include board STEVAL-IDP005V1 as a kit item of type 'Evaluation Board'
2025-05-27 00:10:28,349 [INFO] DbBoardsSqlite:226 - include board STEVAL-IDP005V2 as a kit item of type 'Evaluation Board'
2025-05-27 00:10:28,903 [INFO] ApiDb:240 - Found 895 in-development CPN: [B-G473E-ZEST1S, B-WB1M-WPAN1, B-WBA5M-WPAN, B-WL5M-SUBG1, NUCLEO-C031C6, NUCLEO-C051C8, NUCLEO-C071RB, NUCLEO-C092RC, NUCLEO-H503RB, NUCLEO-H533RE, NUCLEO-H563ZI, NUCLEO-H7S3L8, NUCLEO-N657X0-Q, NUCLEO-U031R8, NUCLEO-U083RC, NUCLEO-U385RG-Q, NUCLEO-U545RE-Q, NUCLEO-U5A5ZJ-Q, NUCLEO-WB05KZ, NUCLEO-WB07CC, NUCLEO-WB09KE, NUCLEO-WBA52CG, NUCLEO-WBA55CG, NUCLEO-WBA65RI, NUCLEO-WL33CC1, NUCLEO-WL33CC2, STEVAL-PROTEUS1, STEVAL-SMARTAG2, STEVAL-STWINBX1, STM320518-EVAL, STM32C0116-DK, STM32C011D6Y3TR, STM32C011D6Y6TR, STM32C011F4P3, STM32C011F4P6, STM32C011F4U3, STM32C011F4U6TR, STM32C011F6P3, STM32C011F6P6, STM32C011F6U3, STM32C011F6U6TR, STM32C011J4M3, STM32C011J4M6, STM32C011J6M3, STM32C011J6M6, STM32C0316-DK, STM32C031C4T3, STM32C031C4T6, STM32C031C4U3, STM32C031C4U6, STM32C031C6T3, STM32C031C6T6, STM32C031C6U3, STM32C031C6U6, STM32C031F4P3, STM32C031F4P6, STM32C031F6P3, STM32C031F6P6, STM32C031G4U3, STM32C031G4U6, STM32C031G6U3, STM32C031G6U6, STM32C031K4T3, STM32C031K4T6, STM32C031K4U3, STM32C031K4U6, STM32C031K6T3, STM32C031K6T6, STM32C031K6U3, STM32C031K6U6, STM32C051C6T6, STM32C051C6U6, STM32C051C8T6, STM32C051C8U6, STM32C051D8Y6TR, STM32C051F6P6, STM32C051F8P6, STM32C051G6U6, STM32C051G8U6, STM32C051K6T6, STM32C051K6U6, STM32C051K8T6, STM32C071C8T6, STM32C071C8T6N, STM32C071C8U6, STM32C071C8U6N, STM32C071CBT6, STM32C071CBT6N, STM32C071CBU6, STM32C071CBU6N, STM32C071F8P6, STM32C071F8P6N, STM32C071FBP6, STM32C071FBP6N, STM32C071FBY6TR, STM32C071G8U6, STM32C071G8U6N, STM32C071GBU6, STM32C071GBU6N, STM32C071K8T6, STM32C071K8T6N, STM32C071K8U6, STM32C071K8U6N, STM32C071KBT6, STM32C071KBT6N, STM32C071KBU6, STM32C071KBU6N, STM32C071R8T6, STM32C071R8T6N, STM32C071RBI6N, STM32C071RBT6, STM32C071RBT6N, STM32C091CBT6, STM32C091CBU6, STM32C091CCT6, STM32C091CCU6, STM32C091ECY6TR, STM32C091FBP6, STM32C091FCP6, STM32C091GBU6, STM32C091GCU6, STM32C091KBT6, STM32C091KBU6, STM32C091KCT6, STM32C091KCU6, STM32C091RBT6, STM32C091RCI6, STM32C091RCT6, STM32C092CBT6, STM32C092CBU6, STM32C092CCT6, STM32C092CCU6, STM32C092ECY6TR, STM32C092FBP6, STM32C092FCP6, STM32C092GBU6, STM32C092GCU6, STM32C092KBT6, STM32C092KBU6, STM32C092KCT6, STM32C092KCU6, STM32C092RBT6, STM32C092RCI6, STM32C092RCT6, STM32G071K8TXN, STM32G071K8UXN, STM32G081GBU6N, STM32G081KBT6N, STM32G081KBUXN, STM32G0B1CCT6N, STM32G0B1KCT6, STM32G0B1NEY6TR, STM32G0B1RCT6N, STM32G0C1CCT6, STM32G0C1CCT6N, STM32G0C1CCU6N, STM32G0C1CET6N, STM32G0C1CEU6N, STM32G0C1KCT6, STM32G0C1NEY6TR, STM32G0C1RCI6N, STM32G0C1RCT6N, STM32G0C1REI6N, STM32G0C1RET6N, STM32G0C1VCI6, STM32G0C1VEI6, STM32G411C6T3, STM32G411C6T6, STM32G411C6U3, STM32G411C6U6, STM32G411C8T3, STM32G411C8T6, STM32G411C8U3, STM32G411C8U6, STM32G411CBT3, STM32G411CBT6, STM32G411CBU3, STM32G411CBU6, STM32G411CCT3, STM32G411CCT6, STM32G411CCU3, STM32G411CCU6, STM32G411K6T3, STM32G411K6T6, STM32G411K6U3, STM32G411K6U6, STM32G411K8T3, STM32G411K8T6, STM32G411K8U3, STM32G411K8U6, STM32G411KBT3, STM32G411KBT6, STM32G411KBU3, STM32G411KBU6, STM32G411M6T3, STM32G411M6T6, STM32G411M8T3, STM32G411M8T6, STM32G411MBT3, STM32G411MBT6, STM32G411MCT3, STM32G411MCT6, STM32G411R6T3, STM32G411R6T6, STM32G411R8T3, STM32G411R8T6, STM32G411RBT3, STM32G411RBT6, STM32G411RCT3, STM32G411RCT6, STM32G414CBT3, STM32G414CBT6, STM32G414CBU3, STM32G414CBU6, STM32G414CCT3, STM32G414CCT6, STM32G414CCU3, STM32G414CCU6, STM32G414MBT3, STM32G414MBT6, STM32G414MCT3, STM32G414MCT6, STM32G414RBT3, STM32G414RBT6, STM32G414RCT3, STM32G414RCT6, STM32G414VBT3, STM32G414VBT6, STM32G414VCT3, STM32G414VCT6, STM32G431CBT3Z, STM32G431RBT3Z, STM32G471CCT6, STM32G471CCU6, STM32G471CET3, STM32G471CET6, STM32G471CEU3, STM32G471CEU6, STM32G471MCT6, STM32G471MET3, STM32G471MET6, STM32G471MEY6TR, STM32G471QCT6, STM32G471QET3, STM32G471RCT6, STM32G471RET3, STM32G471RET6, STM32G471VCH6, STM32G471VCI6, STM32G471VCT6, STM32G471VEH3, STM32G471VEH6, STM32G471VEI3, STM32G471VEI6, STM32G471VET3, STM32G471VET6, STM32G473QET3Z, STM32G473RET3Z, STM32G474CCT6, STM32G491RET3Z, STM32H503CBT6, STM32H503CBU6, STM32H503EBY6TR, STM32H503KBU6, STM32H503RBT6, STM32H523CCT6, STM32H523CCU6, STM32H523CET6, STM32H523CEU6, STM32H523HEY6TR, STM32H523RCT6, STM32H523RET6, STM32H523VCI6, STM32H523VCT6, STM32H523VEI6, STM32H523VET6, STM32H523ZCJ6, STM32H523ZCT6, STM32H523ZEJ6, STM32H523ZET6, STM32H533CET6, STM32H533CEU6, STM32H533HEY6TR, STM32H533RET6, STM32H533VEI6, STM32H533VET6, STM32H533ZEJ6, STM32H533ZET6, STM32H562AGI6, STM32H562AII6, STM32H562IGK6, STM32H562IGT6, STM32H562IIK6, STM32H562IIT6, STM32H562RGT6, STM32H562RGV6, STM32H562RIT6, STM32H562RIV6, STM32H562VGT6, STM32H562VIT6, STM32H562ZGT6, STM32H562ZIT6, STM32H563AGI6, STM32H563AII3Q, STM32H563AII6, STM32H563IGK6, STM32H563IGT6, STM32H563IIK3Q, STM32H563IIK6, STM32H563IIT3Q, STM32H563IIT6, STM32H563MIY3QTR, STM32H563RGT6, STM32H563RGV6, STM32H563RIT6, STM32H563RIV6, STM32H563VGT6, STM32H563VIT3Q, STM32H563VIT6, STM32H563ZGT6, STM32H563ZIT3Q, STM32H563ZIT6, STM32H573AII3Q, STM32H573AII6, STM32H573I-DK, STM32H573IIK3Q, STM32H573IIK6, STM32H573IIT3Q, STM32H573IIT6, STM32H573MIY3QTR, STM32H573RIT6, STM32H573RIV6, STM32H573VIT3Q, STM32H573VIT6, STM32H573ZIT3Q, STM32H573ZIT6, STM32H7R3A8I6, STM32H7R3I8K6, STM32H7R3I8T6, STM32H7R3L8H6, STM32H7R3L8H6H, STM32H7R3R8V6, STM32H7R3V8H6, STM32H7R3V8T6, STM32H7R3V8Y6TR, STM32H7R3Z8J6, STM32H7R3Z8T6, STM32H7R7A8I6, STM32H7R7I8K6, STM32H7R7I8T6, STM32H7R7L8H6, STM32H7R7L8H6H, STM32H7R7Z8J6, STM32H7S3A8I6, STM32H7S3I8K6, STM32H7S3I8T6, STM32H7S3L8H6, STM32H7S3L8H6H, STM32H7S3R8V6, STM32H7S3V8H6, STM32H7S3V8T6, STM32H7S3V8Y6TR, STM32H7S3Z8J6, STM32H7S3Z8T6, STM32H7S78-DK, STM32H7S7A8I6, STM32H7S7I8K6, STM32H7S7I8T6, STM32H7S7L8H6, STM32H7S7L8H6H, STM32H7S7Z8J6, STM32L4R5QGI6STR, STM32MP131AAE3, STM32MP131AAF3, STM32MP131AAG3, STM32MP131CAE3, STM32MP131CAF3, STM32MP131CAG3, STM32MP131DAE7, STM32MP131DAF7, STM32MP131DAG7, STM32MP131FAE7, STM32MP131FAF7, STM32MP131FAG7, STM32MP133AAE3, STM32MP133AAF3, STM32MP133AAG3, STM32MP133CAE3, STM32MP133CAF3, STM32MP133CAG3, STM32MP133DAE7, STM32MP133DAF7, STM32MP133DAG7, STM32MP133FAE7, STM32MP133FAF7, STM32MP133FAG7, STM32MP135AAE3, STM32MP135AAF3, STM32MP135AAG3, STM32MP135CAE3, STM32MP135CAF3, STM32MP135CAG3, STM32MP135DAE7, STM32MP135DAF7, STM32MP135DAG7, STM32MP135F-DK, STM32MP135FAE7, STM32MP135FAF7, STM32MP135FAF7T, STM32MP135FAF7U, STM32MP135FAG7, STM32MP231AAJ3, STM32MP231AAK3, STM32MP231AAL3, STM32MP231CAJ3, STM32MP231CAK3, STM32MP231CAL3, STM32MP231DAJ3, STM32MP231DAK3, STM32MP231DAL3, STM32MP231FAJ3, STM32MP231FAK3, STM32MP231FAL3, STM32MP233AAJ3, STM32MP233AAK3, STM32MP233AAL3, STM32MP233CAJ3, STM32MP233CAK3, STM32MP233CAL3, STM32MP233DAJ3, STM32MP233DAK3, STM32MP233DAL3, STM32MP233FAJ3, STM32MP233FAK3, STM32MP233FAL3, STM32MP235AAJ3, STM32MP235AAK3, STM32MP235AAL3, STM32MP235CAJ3, STM32MP235CAK3, STM32MP235CAL3, STM32MP235DAJ3, STM32MP235DAK3, STM32MP235DAL3, STM32MP235FAJ3, STM32MP235FAK3, STM32MP235FAL3, STM32MP251AAI3, STM32MP251AAJ3, STM32MP251AAK3, STM32MP251AAL3, STM32MP251CAI3, STM32MP251CAJ3, STM32MP251CAK3, STM32MP251CAL3, STM32MP251DAI3, STM32MP251DAJ3, STM32MP251DAK3, STM32MP251DAL3, STM32MP251FAI3, STM32MP251FAJ3, STM32MP251FAK3, STM32MP251FAL3, STM32MP253AAI3, STM32MP253AAJ3, STM32MP253AAK3, STM32MP253AAL3, STM32MP253CAI3, STM32MP253CAJ3, STM32MP253CAK3, STM32MP253CAL3, STM32MP253DAI3, STM32MP253DAJ3, STM32MP253DAK3, STM32MP253DAL3, STM32MP253FAI3, STM32MP253FAJ3, STM32MP253FAK3, STM32MP253FAL3, STM32MP255AAI3, STM32MP255AAJ3, STM32MP255AAK3, STM32MP255AAL3, STM32MP255CAI3, STM32MP255CAJ3, STM32MP255CAK3, STM32MP255CAL3, STM32MP255DAI3, STM32MP255DAJ3, STM32MP255DAK3, STM32MP255DAL3, STM32MP255FAI3, STM32MP255FAJ3, STM32MP255FAK3, STM32MP255FAL3, STM32MP257AAI3, STM32MP257AAJ3, STM32MP257AAK3, STM32MP257AAL3, STM32MP257CAI3, STM32MP257CAJ3, STM32MP257CAK3, STM32MP257CAL3, STM32MP257DAI3, STM32MP257DAJ3, STM32MP257DAK3, STM32MP257DAL3, STM32MP257F-DK, STM32MP257F-EV1, STM32MP257FAI3, STM32MP257FAJ3, STM32MP257FAK3, STM32MP257FAL3, STM32N645A0H3Q, STM32N645B0H3Q, STM32N645I0H3Q, STM32N645L0H3Q, STM32N645X0H3Q, STM32N645Z0H3Q, STM32N647A0H3Q, STM32N647B0H3Q, STM32N647I0H3Q, STM32N647L0H3Q, STM32N647X0H3Q, STM32N647Z0H3Q, STM32N655A0H3Q, STM32N655B0H3Q, STM32N655I0H3Q, STM32N655L0H3Q, STM32N655X0H3Q, STM32N655Z0H3Q, STM32N6570-DK, STM32N657A0H3Q, STM32N657B0H3Q, STM32N657I0H3Q, STM32N657L0H3Q, STM32N657X0H3Q, STM32N657Z0H3Q, STM32U031C6T6, STM32U031C6U6, STM32U031C8T6, STM32U031C8U6, STM32U031F4P6, STM32U031F6P6, STM32U031F8P6, STM32U031G6Y6TR, STM32U031G8Y6TR, STM32U031K4U6, STM32U031K6U6, STM32U031K8U6, STM32U031R6I6, STM32U031R6T6, STM32U031R8I6, STM32U031R8T6, STM32U073C8T6, STM32U073C8U6, STM32U073CBT6, STM32U073CBU6, STM32U073CCT6, STM32U073CCU6, STM32U073H8Y6TR, STM32U073HBY6TR, STM32U073HCY6TR, STM32U073K8U6, STM32U073KBU6, STM32U073KCU6, STM32U073M8I6, STM32U073M8T6, STM32U073MBI6, STM32U073MBT6, STM32U073MCI6, STM32U073MCT6, STM32U073R8I6, STM32U073R8T6, STM32U073RBI6, STM32U073RBT6, STM32U073RCI6, STM32U073RCT6, STM32U083C-DK, STM32U083CCT6, STM32U083CCU6, STM32U083HCY6TR, STM32U083KCU6, STM32U083MCI6, STM32U083MCT6, STM32U083RCI6, STM32U083RCT6, STM32U375CET6, STM32U375CET6Q, STM32U375CEU6, STM32U375CEU6Q, STM32U375CEY6QTR, STM32U375CGT6, STM32U375CGT6Q, STM32U375CGU6, STM32U375CGU6Q, STM32U375CGY6QTR, STM32U375KEU6, STM32U375KGU6, STM32U375REI6, STM32U375REI6Q, STM32U375RET6, STM32U375RET6Q, STM32U375REY6GTR, STM32U375REY6QTR, STM32U375RGI6, STM32U375RGI6Q, STM32U375RGT6, STM32U375RGT6Q, STM32U375RGY6GTR, STM32U375RGY6QTR, STM32U375VEI6, STM32U375VEI6Q, STM32U375VET6, STM32U375VET6Q, STM32U375VGI6, STM32U375VGI6Q, STM32U375VGT6, STM32U375VGT6Q, STM32U385CGT6, STM32U385CGT6Q, STM32U385CGU6, STM32U385CGU6Q, STM32U385CGY6QTR, STM32U385KGU6, STM32U385RGI6, STM32U385RGI6Q, STM32U385RGT6, STM32U385RGT6Q, STM32U385RGY6GTR, STM32U385RGY6QTR, STM32U385VGI6, STM32U385VGI6Q, STM32U385VGT6, STM32U385VGT6Q, STM32U535CBT6, STM32U535CBT6Q, STM32U535CBU6, STM32U535CBU6Q, STM32U535CCT6, STM32U535CCT6Q, STM32U535CCU6, STM32U535CCU6Q, STM32U535CET6, STM32U535CET6Q, STM32U535CEU6, STM32U535CEU6Q, STM32U535JEY6QTR, STM32U535NCY6QTR, STM32U535NEY6QTR, STM32U535RBI6, STM32U535RBI6Q, STM32U535RBT6, STM32U535RBT6Q, STM32U535RCI6, STM32U535RCI6Q, STM32U535RCT6, STM32U535RCT6Q, STM32U535REI6, STM32U535REI6Q, STM32U535RET6, STM32U535RET6Q, STM32U535VCI6, STM32U535VCI6Q, STM32U535VCT6, STM32U535VCT6Q, STM32U535VEI6, STM32U535VEI6Q, STM32U535VET6, STM32U535VET6Q, STM32U545CET6, STM32U545CET6Q, STM32U545CEU6, STM32U545CEU6Q, STM32U545JEY6QTR, STM32U545NEY6QTR, STM32U545REI6, STM32U545REI6Q, STM32U545RET6, STM32U545RET6Q, STM32U545VEI6, STM32U545VEI6Q, STM32U545VET6, STM32U545VET6Q, STM32U595AIH6, STM32U595AIH6Q, STM32U595AJH6, STM32U595AJH6Q, STM32U595QII6, STM32U595QII6Q, STM32U595QJI6, STM32U595QJI6Q, STM32U595RIT6, STM32U595RIT6Q, STM32U595RJT6, STM32U595RJT6Q, STM32U595VIT6, STM32U595VIT6Q, STM32U595VJT6, STM32U595VJT6Q, STM32U595ZIT6, STM32U595ZIT6Q, STM32U595ZIY6QTR, STM32U595ZJT6, STM32U595ZJT6Q, STM32U595ZJY6QTR, STM32U599BJY6QTR, STM32U599NIH6Q, STM32U599NJH6Q, STM32U599VIT6Q, STM32U599VJT6, STM32U599VJT6Q, STM32U599ZIT6Q, STM32U599ZIY6QTR, STM32U599ZJT6Q, STM32U599ZJY6QTR, STM32U5A5AJH6, STM32U5A5AJH6Q, STM32U5A5QII3Q , STM32U5A5QJI6, STM32U5A5QJI6Q, STM32U5A5RJT6, STM32U5A5RJT6Q, STM32U5A5VJT6, STM32U5A5VJT6Q, STM32U5A5ZJT6, STM32U5A5ZJT6Q, STM32U5A5ZJY6QTR, STM32U5A9BJY6QTR, STM32U5A9J-DK, STM32U5A9NJH6Q, STM32U5A9VJT6Q, STM32U5A9ZJT6Q, STM32U5A9ZJY6QTR, STM32U5F7VIT6, STM32U5F7VIT6Q, STM32U5F7VJT6, STM32U5F7VJT6Q, STM32U5F9BJY6QTR, STM32U5F9NJH6Q, STM32U5F9VIT6Q, STM32U5F9VJT6Q, STM32U5F9ZIJ6QTR, STM32U5F9ZIT6Q, STM32U5F9ZJJ6QTR, STM32U5F9ZJT6Q, STM32U5G7VJT6, STM32U5G7VJT6Q, STM32U5G9BJY6QTR, STM32U5G9J-DK1, STM32U5G9J-DK2, STM32U5G9NJH6Q, STM32U5G9VJT6Q, STM32U5G9ZJJ6QTR, STM32U5G9ZJT6Q, STM32WB05KZV6TR, STM32WB05KZV7TR, STM32WB05TZF6TR, STM32WB05TZF7TR, STM32WB06CCF6TR, STM32WB06CCF7TR, STM32WB06CCV6TR, STM32WB06CCV7TR, STM32WB06KCV6TR, STM32WB06KCV7TR, STM32WB07CCF6TR, STM32WB07CCF7TR, STM32WB07CCV6TR, STM32WB07CCV7TR, STM32WB07KCV6TR, STM32WB07KCV7TR, STM32WB09KEV6TR, STM32WB09KEV7TR, STM32WB09TEF6TR, STM32WB09TEF7TR, STM32WB1MMCH6, STM32WBA50KGU6, STM32WBA50KGU6TR, STM32WBA52CEU6, STM32WBA52CEU6TR, STM32WBA52CEU7, STM32WBA52CEU7TR, STM32WBA52CGU6, STM32WBA52CGU6TR, STM32WBA52CGU6U, STM32WBA52CGU7, STM32WBA52CGU7TR, STM32WBA52KEU6, STM32WBA52KEU6TR, STM32WBA52KGU6, STM32WBA52KGU6TR, STM32WBA54CEU6, STM32WBA54CEU6TR, STM32WBA54CEU7, STM32WBA54CEU7TR, STM32WBA54CGU6, STM32WBA54CGU6TR, STM32WBA54CGU7, STM32WBA54CGU7TR, STM32WBA54KEU6, STM32WBA54KEU6TR, STM32WBA54KEU7, STM32WBA54KEU7TR, STM32WBA54KGU6, STM32WBA54KGU6TR, STM32WBA54KGU7, STM32WBA54KGU7TR, STM32WBA55CEU6, STM32WBA55CEU6TR, STM32WBA55CEU7, STM32WBA55CEU7TR, STM32WBA55CGU6, STM32WBA55CGU6TR, STM32WBA55CGU6U, STM32WBA55CGU7, STM32WBA55CGU7TR, STM32WBA55G-DK1, STM32WBA55HEF6, STM32WBA55HEF7, STM32WBA55HGF6, STM32WBA55HGF7, STM32WBA55UEI6, STM32WBA55UEI6TR, STM32WBA55UEI7, STM32WBA55UEI7TR, STM32WBA55UGI6, STM32WBA55UGI6TR, STM32WBA55UGI7, STM32WBA55UGI7TR, STM32WBA5MJGH6TR, STM32WBA62CGU6, STM32WBA62CIU6, STM32WBA62MGF6, STM32WBA62MIF6, STM32WBA62PGI6, STM32WBA62PII6, STM32WBA63CGU6, STM32WBA63CGU7, STM32WBA63CIU6, STM32WBA63CIU7, STM32WBA64CGU6, STM32WBA64CGU7, STM32WBA64CIU6, STM32WBA64CIU7, STM32WBA65CGU6, STM32WBA65CGU7, STM32WBA65CIU6, STM32WBA65CIU7, STM32WBA65I-DK1, STM32WBA65MGF6, STM32WBA65MGF7, STM32WBA65MIF6, STM32WBA65MIF7, STM32WBA65PGI6, STM32WBA65PGI7, STM32WBA65PII6, STM32WBA65PII7, STM32WBA65RGV6, STM32WBA65RGV7, STM32WBA65RIV6, STM32WBA65RIV7, STM32WL30K8V6, STM32WL30KBV6, STM32WL31C8V6, STM32WL31CBV6, STM32WL31K8V6, STM32WL31KBV6, STM32WL33C8V6, STM32WL33C8V6TR, STM32WL33C8V7, STM32WL33C8V7TR, STM32WL33CBV6, STM32WL33CBV6TR, STM32WL33CBV7, STM32WL33CBV7TR, STM32WL33CCV6, STM32WL33CCV6TR, STM32WL33CCV7, STM32WL33CCV7A, STM32WL33CCV7ATR, STM32WL33CCV7TR, STM32WL33K8V6, STM32WL33K8V6TR, STM32WL33K8V7, STM32WL33K8V7TR, STM32WL33KBV6, STM32WL33KBV6TR, STM32WL33KBV7, STM32WL33KBV7TR, STM32WL33KCV6, STM32WL33KCV6TR, STM32WL33KCV7, STM32WL33KCV7TR, STM32WL5MOCH6, STM32WL5MOCH6TR]
2025-05-27 00:10:29,114 [INFO] BoardInfo:889 - No configuration file found for board P-NUCLEO-WB55
2025-05-27 00:10:29,116 [INFO] DbBoards:161 - Kit is not supported: P-NUCLEO-WB55
2025-05-27 00:10:29,122 [INFO] BoardInfo:889 - No configuration file found for board STEVAL-BFA001V1B
2025-05-27 00:10:29,123 [INFO] DbBoards:161 - Kit is not supported: STEVAL-BFA001V1B
2025-05-27 00:10:29,124 [INFO] BoardInfo:889 - No configuration file found for board STEVAL-BFA001V2B
2025-05-27 00:10:29,125 [INFO] DbBoards:161 - Kit is not supported: STEVAL-BFA001V2B
2025-05-27 00:10:29,323 [INFO] DbBoards:168 - Found 211 boards, 208 are supported
2025-05-27 00:10:29,324 [INFO] DbBoards:169 - Found 211 boards, 43 of them is supported for  Bsp
2025-05-27 00:10:29,327 [INFO] ApiDb:668 - CubeFinder database Data Model version=2.1
2025-05-27 00:10:29,327 [INFO] ApiDb:669 - CubeFinder database Configuration version=3.0.39
2025-05-27 00:10:29,327 [INFO] ApiDb:670 - CubeFinder database generation date=2025-04-23 (1745419778)
2025-05-27 00:10:29,327 [INFO] ApiDb:671 - CubeFinder database FW Pack versions=[FP-ATR-ASTRA1_V2.0.0, FP-SNS-FLIGHT1_V5.1.0, FP-SNS-MOTENV1_V5.0.0, FP-SNS-MOTENVWB1_V1.4.0, FP-SNS-SMARTAG2_V1.2.0, FP-SNS-STBOX1_V2.0.0, STM32Cube_FW_C0_V1.4.0, STM32Cube_FW_F4_V1.28.1, STM32Cube_FW_F7_V1.17.2, STM32Cube_FW_G0_V1.6.2, STM32Cube_FW_G4_V1.6.1, STM32Cube_FW_H5_V1.5.0, STM32Cube_FW_H7RS_V1.2.0, STM32Cube_FW_H7_V1.12.1, STM32Cube_FW_L0_V1.12.2, STM32Cube_FW_L4_V1.18.1, STM32Cube_FW_L5_V1.5.1, STM32Cube_FW_N6_V1.1.1, STM32Cube_FW_U0_V1.2.0, STM32Cube_FW_U3_V1.1.0, STM32Cube_FW_U5_V1.7.0, STM32Cube_FW_WB0_V1.2.0, STM32Cube_FW_WBA_V1.6.0, STM32Cube_FW_WB_V1.22.0, STM32Cube_FW_WL3_V1.1.0, STM32Cube_FW_WL_V1.3.1, X-CUBE-ALGOBUILD_V1.4.0, X-CUBE-ALS_V1.0.2, X-CUBE-AZRTOS-F4_V1.1.0, X-CUBE-AZRTOS-F7_V1.1.0, X-CUBE-AZRTOS-G0_V1.1.0, X-CUBE-AZRTOS-G4_V2.0.0, X-CUBE-AZRTOS-H7RS_V1.1.0, X-CUBE-AZRTOS-H7_V3.3.0, X-CUBE-AZRTOS-L4_V2.0.0, X-CUBE-AZRTOS-L5_V2.0.0, X-CUBE-AZRTOS-WB_V2.0.0, X-CUBE-AZRTOS-WL_V2.0.0, X-CUBE-BLE1_V7.1.0, X-CUBE-BLE2_V3.3.0, X-CUBE-BLEMGR_V4.0.0, X-CUBE-EEPRMA1_V5.1.0, X-CUBE-FREERTOS_V1.3.0, X-CUBE-GNSS1_V6.0.0, X-CUBE-MEMS1_V11.2.0, X-CUBE-NFC4_V3.0.0, X-CUBE-NFC7_V1.0.1, X-CUBE-SFXS2LP1_V4.0.0, X-CUBE-SUBG2_V5.0.0, X-CUBE-TOF1_V3.4.3]
2025-05-27 00:10:31,087 [INFO] ApiDb:240 - Found 895 in-development CPN: [B-G473E-ZEST1S, B-WB1M-WPAN1, B-WBA5M-WPAN, B-WL5M-SUBG1, NUCLEO-C031C6, NUCLEO-C051C8, NUCLEO-C071RB, NUCLEO-C092RC, NUCLEO-H503RB, NUCLEO-H533RE, NUCLEO-H563ZI, NUCLEO-H7S3L8, NUCLEO-N657X0-Q, NUCLEO-U031R8, NUCLEO-U083RC, NUCLEO-U385RG-Q, NUCLEO-U545RE-Q, NUCLEO-U5A5ZJ-Q, NUCLEO-WB05KZ, NUCLEO-WB07CC, NUCLEO-WB09KE, NUCLEO-WBA52CG, NUCLEO-WBA55CG, NUCLEO-WBA65RI, NUCLEO-WL33CC1, NUCLEO-WL33CC2, STEVAL-PROTEUS1, STEVAL-SMARTAG2, STEVAL-STWINBX1, STM320518-EVAL, STM32C0116-DK, STM32C011D6Y3TR, STM32C011D6Y6TR, STM32C011F4P3, STM32C011F4P6, STM32C011F4U3, STM32C011F4U6TR, STM32C011F6P3, STM32C011F6P6, STM32C011F6U3, STM32C011F6U6TR, STM32C011J4M3, STM32C011J4M6, STM32C011J6M3, STM32C011J6M6, STM32C0316-DK, STM32C031C4T3, STM32C031C4T6, STM32C031C4U3, STM32C031C4U6, STM32C031C6T3, STM32C031C6T6, STM32C031C6U3, STM32C031C6U6, STM32C031F4P3, STM32C031F4P6, STM32C031F6P3, STM32C031F6P6, STM32C031G4U3, STM32C031G4U6, STM32C031G6U3, STM32C031G6U6, STM32C031K4T3, STM32C031K4T6, STM32C031K4U3, STM32C031K4U6, STM32C031K6T3, STM32C031K6T6, STM32C031K6U3, STM32C031K6U6, STM32C051C6T6, STM32C051C6U6, STM32C051C8T6, STM32C051C8U6, STM32C051D8Y6TR, STM32C051F6P6, STM32C051F8P6, STM32C051G6U6, STM32C051G8U6, STM32C051K6T6, STM32C051K6U6, STM32C051K8T6, STM32C071C8T6, STM32C071C8T6N, STM32C071C8U6, STM32C071C8U6N, STM32C071CBT6, STM32C071CBT6N, STM32C071CBU6, STM32C071CBU6N, STM32C071F8P6, STM32C071F8P6N, STM32C071FBP6, STM32C071FBP6N, STM32C071FBY6TR, STM32C071G8U6, STM32C071G8U6N, STM32C071GBU6, STM32C071GBU6N, STM32C071K8T6, STM32C071K8T6N, STM32C071K8U6, STM32C071K8U6N, STM32C071KBT6, STM32C071KBT6N, STM32C071KBU6, STM32C071KBU6N, STM32C071R8T6, STM32C071R8T6N, STM32C071RBI6N, STM32C071RBT6, STM32C071RBT6N, STM32C091CBT6, STM32C091CBU6, STM32C091CCT6, STM32C091CCU6, STM32C091ECY6TR, STM32C091FBP6, STM32C091FCP6, STM32C091GBU6, STM32C091GCU6, STM32C091KBT6, STM32C091KBU6, STM32C091KCT6, STM32C091KCU6, STM32C091RBT6, STM32C091RCI6, STM32C091RCT6, STM32C092CBT6, STM32C092CBU6, STM32C092CCT6, STM32C092CCU6, STM32C092ECY6TR, STM32C092FBP6, STM32C092FCP6, STM32C092GBU6, STM32C092GCU6, STM32C092KBT6, STM32C092KBU6, STM32C092KCT6, STM32C092KCU6, STM32C092RBT6, STM32C092RCI6, STM32C092RCT6, STM32G071K8TXN, STM32G071K8UXN, STM32G081GBU6N, STM32G081KBT6N, STM32G081KBUXN, STM32G0B1CCT6N, STM32G0B1KCT6, STM32G0B1NEY6TR, STM32G0B1RCT6N, STM32G0C1CCT6, STM32G0C1CCT6N, STM32G0C1CCU6N, STM32G0C1CET6N, STM32G0C1CEU6N, STM32G0C1KCT6, STM32G0C1NEY6TR, STM32G0C1RCI6N, STM32G0C1RCT6N, STM32G0C1REI6N, STM32G0C1RET6N, STM32G0C1VCI6, STM32G0C1VEI6, STM32G411C6T3, STM32G411C6T6, STM32G411C6U3, STM32G411C6U6, STM32G411C8T3, STM32G411C8T6, STM32G411C8U3, STM32G411C8U6, STM32G411CBT3, STM32G411CBT6, STM32G411CBU3, STM32G411CBU6, STM32G411CCT3, STM32G411CCT6, STM32G411CCU3, STM32G411CCU6, STM32G411K6T3, STM32G411K6T6, STM32G411K6U3, STM32G411K6U6, STM32G411K8T3, STM32G411K8T6, STM32G411K8U3, STM32G411K8U6, STM32G411KBT3, STM32G411KBT6, STM32G411KBU3, STM32G411KBU6, STM32G411M6T3, STM32G411M6T6, STM32G411M8T3, STM32G411M8T6, STM32G411MBT3, STM32G411MBT6, STM32G411MCT3, STM32G411MCT6, STM32G411R6T3, STM32G411R6T6, STM32G411R8T3, STM32G411R8T6, STM32G411RBT3, STM32G411RBT6, STM32G411RCT3, STM32G411RCT6, STM32G414CBT3, STM32G414CBT6, STM32G414CBU3, STM32G414CBU6, STM32G414CCT3, STM32G414CCT6, STM32G414CCU3, STM32G414CCU6, STM32G414MBT3, STM32G414MBT6, STM32G414MCT3, STM32G414MCT6, STM32G414RBT3, STM32G414RBT6, STM32G414RCT3, STM32G414RCT6, STM32G414VBT3, STM32G414VBT6, STM32G414VCT3, STM32G414VCT6, STM32G431CBT3Z, STM32G431RBT3Z, STM32G471CCT6, STM32G471CCU6, STM32G471CET3, STM32G471CET6, STM32G471CEU3, STM32G471CEU6, STM32G471MCT6, STM32G471MET3, STM32G471MET6, STM32G471MEY6TR, STM32G471QCT6, STM32G471QET3, STM32G471RCT6, STM32G471RET3, STM32G471RET6, STM32G471VCH6, STM32G471VCI6, STM32G471VCT6, STM32G471VEH3, STM32G471VEH6, STM32G471VEI3, STM32G471VEI6, STM32G471VET3, STM32G471VET6, STM32G473QET3Z, STM32G473RET3Z, STM32G474CCT6, STM32G491RET3Z, STM32H503CBT6, STM32H503CBU6, STM32H503EBY6TR, STM32H503KBU6, STM32H503RBT6, STM32H523CCT6, STM32H523CCU6, STM32H523CET6, STM32H523CEU6, STM32H523HEY6TR, STM32H523RCT6, STM32H523RET6, STM32H523VCI6, STM32H523VCT6, STM32H523VEI6, STM32H523VET6, STM32H523ZCJ6, STM32H523ZCT6, STM32H523ZEJ6, STM32H523ZET6, STM32H533CET6, STM32H533CEU6, STM32H533HEY6TR, STM32H533RET6, STM32H533VEI6, STM32H533VET6, STM32H533ZEJ6, STM32H533ZET6, STM32H562AGI6, STM32H562AII6, STM32H562IGK6, STM32H562IGT6, STM32H562IIK6, STM32H562IIT6, STM32H562RGT6, STM32H562RGV6, STM32H562RIT6, STM32H562RIV6, STM32H562VGT6, STM32H562VIT6, STM32H562ZGT6, STM32H562ZIT6, STM32H563AGI6, STM32H563AII3Q, STM32H563AII6, STM32H563IGK6, STM32H563IGT6, STM32H563IIK3Q, STM32H563IIK6, STM32H563IIT3Q, STM32H563IIT6, STM32H563MIY3QTR, STM32H563RGT6, STM32H563RGV6, STM32H563RIT6, STM32H563RIV6, STM32H563VGT6, STM32H563VIT3Q, STM32H563VIT6, STM32H563ZGT6, STM32H563ZIT3Q, STM32H563ZIT6, STM32H573AII3Q, STM32H573AII6, STM32H573I-DK, STM32H573IIK3Q, STM32H573IIK6, STM32H573IIT3Q, STM32H573IIT6, STM32H573MIY3QTR, STM32H573RIT6, STM32H573RIV6, STM32H573VIT3Q, STM32H573VIT6, STM32H573ZIT3Q, STM32H573ZIT6, STM32H7R3A8I6, STM32H7R3I8K6, STM32H7R3I8T6, STM32H7R3L8H6, STM32H7R3L8H6H, STM32H7R3R8V6, STM32H7R3V8H6, STM32H7R3V8T6, STM32H7R3V8Y6TR, STM32H7R3Z8J6, STM32H7R3Z8T6, STM32H7R7A8I6, STM32H7R7I8K6, STM32H7R7I8T6, STM32H7R7L8H6, STM32H7R7L8H6H, STM32H7R7Z8J6, STM32H7S3A8I6, STM32H7S3I8K6, STM32H7S3I8T6, STM32H7S3L8H6, STM32H7S3L8H6H, STM32H7S3R8V6, STM32H7S3V8H6, STM32H7S3V8T6, STM32H7S3V8Y6TR, STM32H7S3Z8J6, STM32H7S3Z8T6, STM32H7S78-DK, STM32H7S7A8I6, STM32H7S7I8K6, STM32H7S7I8T6, STM32H7S7L8H6, STM32H7S7L8H6H, STM32H7S7Z8J6, STM32L4R5QGI6STR, STM32MP131AAE3, STM32MP131AAF3, STM32MP131AAG3, STM32MP131CAE3, STM32MP131CAF3, STM32MP131CAG3, STM32MP131DAE7, STM32MP131DAF7, STM32MP131DAG7, STM32MP131FAE7, STM32MP131FAF7, STM32MP131FAG7, STM32MP133AAE3, STM32MP133AAF3, STM32MP133AAG3, STM32MP133CAE3, STM32MP133CAF3, STM32MP133CAG3, STM32MP133DAE7, STM32MP133DAF7, STM32MP133DAG7, STM32MP133FAE7, STM32MP133FAF7, STM32MP133FAG7, STM32MP135AAE3, STM32MP135AAF3, STM32MP135AAG3, STM32MP135CAE3, STM32MP135CAF3, STM32MP135CAG3, STM32MP135DAE7, STM32MP135DAF7, STM32MP135DAG7, STM32MP135F-DK, STM32MP135FAE7, STM32MP135FAF7, STM32MP135FAF7T, STM32MP135FAF7U, STM32MP135FAG7, STM32MP231AAJ3, STM32MP231AAK3, STM32MP231AAL3, STM32MP231CAJ3, STM32MP231CAK3, STM32MP231CAL3, STM32MP231DAJ3, STM32MP231DAK3, STM32MP231DAL3, STM32MP231FAJ3, STM32MP231FAK3, STM32MP231FAL3, STM32MP233AAJ3, STM32MP233AAK3, STM32MP233AAL3, STM32MP233CAJ3, STM32MP233CAK3, STM32MP233CAL3, STM32MP233DAJ3, STM32MP233DAK3, STM32MP233DAL3, STM32MP233FAJ3, STM32MP233FAK3, STM32MP233FAL3, STM32MP235AAJ3, STM32MP235AAK3, STM32MP235AAL3, STM32MP235CAJ3, STM32MP235CAK3, STM32MP235CAL3, STM32MP235DAJ3, STM32MP235DAK3, STM32MP235DAL3, STM32MP235FAJ3, STM32MP235FAK3, STM32MP235FAL3, STM32MP251AAI3, STM32MP251AAJ3, STM32MP251AAK3, STM32MP251AAL3, STM32MP251CAI3, STM32MP251CAJ3, STM32MP251CAK3, STM32MP251CAL3, STM32MP251DAI3, STM32MP251DAJ3, STM32MP251DAK3, STM32MP251DAL3, STM32MP251FAI3, STM32MP251FAJ3, STM32MP251FAK3, STM32MP251FAL3, STM32MP253AAI3, STM32MP253AAJ3, STM32MP253AAK3, STM32MP253AAL3, STM32MP253CAI3, STM32MP253CAJ3, STM32MP253CAK3, STM32MP253CAL3, STM32MP253DAI3, STM32MP253DAJ3, STM32MP253DAK3, STM32MP253DAL3, STM32MP253FAI3, STM32MP253FAJ3, STM32MP253FAK3, STM32MP253FAL3, STM32MP255AAI3, STM32MP255AAJ3, STM32MP255AAK3, STM32MP255AAL3, STM32MP255CAI3, STM32MP255CAJ3, STM32MP255CAK3, STM32MP255CAL3, STM32MP255DAI3, STM32MP255DAJ3, STM32MP255DAK3, STM32MP255DAL3, STM32MP255FAI3, STM32MP255FAJ3, STM32MP255FAK3, STM32MP255FAL3, STM32MP257AAI3, STM32MP257AAJ3, STM32MP257AAK3, STM32MP257AAL3, STM32MP257CAI3, STM32MP257CAJ3, STM32MP257CAK3, STM32MP257CAL3, STM32MP257DAI3, STM32MP257DAJ3, STM32MP257DAK3, STM32MP257DAL3, STM32MP257F-DK, STM32MP257F-EV1, STM32MP257FAI3, STM32MP257FAJ3, STM32MP257FAK3, STM32MP257FAL3, STM32N645A0H3Q, STM32N645B0H3Q, STM32N645I0H3Q, STM32N645L0H3Q, STM32N645X0H3Q, STM32N645Z0H3Q, STM32N647A0H3Q, STM32N647B0H3Q, STM32N647I0H3Q, STM32N647L0H3Q, STM32N647X0H3Q, STM32N647Z0H3Q, STM32N655A0H3Q, STM32N655B0H3Q, STM32N655I0H3Q, STM32N655L0H3Q, STM32N655X0H3Q, STM32N655Z0H3Q, STM32N6570-DK, STM32N657A0H3Q, STM32N657B0H3Q, STM32N657I0H3Q, STM32N657L0H3Q, STM32N657X0H3Q, STM32N657Z0H3Q, STM32U031C6T6, STM32U031C6U6, STM32U031C8T6, STM32U031C8U6, STM32U031F4P6, STM32U031F6P6, STM32U031F8P6, STM32U031G6Y6TR, STM32U031G8Y6TR, STM32U031K4U6, STM32U031K6U6, STM32U031K8U6, STM32U031R6I6, STM32U031R6T6, STM32U031R8I6, STM32U031R8T6, STM32U073C8T6, STM32U073C8U6, STM32U073CBT6, STM32U073CBU6, STM32U073CCT6, STM32U073CCU6, STM32U073H8Y6TR, STM32U073HBY6TR, STM32U073HCY6TR, STM32U073K8U6, STM32U073KBU6, STM32U073KCU6, STM32U073M8I6, STM32U073M8T6, STM32U073MBI6, STM32U073MBT6, STM32U073MCI6, STM32U073MCT6, STM32U073R8I6, STM32U073R8T6, STM32U073RBI6, STM32U073RBT6, STM32U073RCI6, STM32U073RCT6, STM32U083C-DK, STM32U083CCT6, STM32U083CCU6, STM32U083HCY6TR, STM32U083KCU6, STM32U083MCI6, STM32U083MCT6, STM32U083RCI6, STM32U083RCT6, STM32U375CET6, STM32U375CET6Q, STM32U375CEU6, STM32U375CEU6Q, STM32U375CEY6QTR, STM32U375CGT6, STM32U375CGT6Q, STM32U375CGU6, STM32U375CGU6Q, STM32U375CGY6QTR, STM32U375KEU6, STM32U375KGU6, STM32U375REI6, STM32U375REI6Q, STM32U375RET6, STM32U375RET6Q, STM32U375REY6GTR, STM32U375REY6QTR, STM32U375RGI6, STM32U375RGI6Q, STM32U375RGT6, STM32U375RGT6Q, STM32U375RGY6GTR, STM32U375RGY6QTR, STM32U375VEI6, STM32U375VEI6Q, STM32U375VET6, STM32U375VET6Q, STM32U375VGI6, STM32U375VGI6Q, STM32U375VGT6, STM32U375VGT6Q, STM32U385CGT6, STM32U385CGT6Q, STM32U385CGU6, STM32U385CGU6Q, STM32U385CGY6QTR, STM32U385KGU6, STM32U385RGI6, STM32U385RGI6Q, STM32U385RGT6, STM32U385RGT6Q, STM32U385RGY6GTR, STM32U385RGY6QTR, STM32U385VGI6, STM32U385VGI6Q, STM32U385VGT6, STM32U385VGT6Q, STM32U535CBT6, STM32U535CBT6Q, STM32U535CBU6, STM32U535CBU6Q, STM32U535CCT6, STM32U535CCT6Q, STM32U535CCU6, STM32U535CCU6Q, STM32U535CET6, STM32U535CET6Q, STM32U535CEU6, STM32U535CEU6Q, STM32U535JEY6QTR, STM32U535NCY6QTR, STM32U535NEY6QTR, STM32U535RBI6, STM32U535RBI6Q, STM32U535RBT6, STM32U535RBT6Q, STM32U535RCI6, STM32U535RCI6Q, STM32U535RCT6, STM32U535RCT6Q, STM32U535REI6, STM32U535REI6Q, STM32U535RET6, STM32U535RET6Q, STM32U535VCI6, STM32U535VCI6Q, STM32U535VCT6, STM32U535VCT6Q, STM32U535VEI6, STM32U535VEI6Q, STM32U535VET6, STM32U535VET6Q, STM32U545CET6, STM32U545CET6Q, STM32U545CEU6, STM32U545CEU6Q, STM32U545JEY6QTR, STM32U545NEY6QTR, STM32U545REI6, STM32U545REI6Q, STM32U545RET6, STM32U545RET6Q, STM32U545VEI6, STM32U545VEI6Q, STM32U545VET6, STM32U545VET6Q, STM32U595AIH6, STM32U595AIH6Q, STM32U595AJH6, STM32U595AJH6Q, STM32U595QII6, STM32U595QII6Q, STM32U595QJI6, STM32U595QJI6Q, STM32U595RIT6, STM32U595RIT6Q, STM32U595RJT6, STM32U595RJT6Q, STM32U595VIT6, STM32U595VIT6Q, STM32U595VJT6, STM32U595VJT6Q, STM32U595ZIT6, STM32U595ZIT6Q, STM32U595ZIY6QTR, STM32U595ZJT6, STM32U595ZJT6Q, STM32U595ZJY6QTR, STM32U599BJY6QTR, STM32U599NIH6Q, STM32U599NJH6Q, STM32U599VIT6Q, STM32U599VJT6, STM32U599VJT6Q, STM32U599ZIT6Q, STM32U599ZIY6QTR, STM32U599ZJT6Q, STM32U599ZJY6QTR, STM32U5A5AJH6, STM32U5A5AJH6Q, STM32U5A5QII3Q , STM32U5A5QJI6, STM32U5A5QJI6Q, STM32U5A5RJT6, STM32U5A5RJT6Q, STM32U5A5VJT6, STM32U5A5VJT6Q, STM32U5A5ZJT6, STM32U5A5ZJT6Q, STM32U5A5ZJY6QTR, STM32U5A9BJY6QTR, STM32U5A9J-DK, STM32U5A9NJH6Q, STM32U5A9VJT6Q, STM32U5A9ZJT6Q, STM32U5A9ZJY6QTR, STM32U5F7VIT6, STM32U5F7VIT6Q, STM32U5F7VJT6, STM32U5F7VJT6Q, STM32U5F9BJY6QTR, STM32U5F9NJH6Q, STM32U5F9VIT6Q, STM32U5F9VJT6Q, STM32U5F9ZIJ6QTR, STM32U5F9ZIT6Q, STM32U5F9ZJJ6QTR, STM32U5F9ZJT6Q, STM32U5G7VJT6, STM32U5G7VJT6Q, STM32U5G9BJY6QTR, STM32U5G9J-DK1, STM32U5G9J-DK2, STM32U5G9NJH6Q, STM32U5G9VJT6Q, STM32U5G9ZJJ6QTR, STM32U5G9ZJT6Q, STM32WB05KZV6TR, STM32WB05KZV7TR, STM32WB05TZF6TR, STM32WB05TZF7TR, STM32WB06CCF6TR, STM32WB06CCF7TR, STM32WB06CCV6TR, STM32WB06CCV7TR, STM32WB06KCV6TR, STM32WB06KCV7TR, STM32WB07CCF6TR, STM32WB07CCF7TR, STM32WB07CCV6TR, STM32WB07CCV7TR, STM32WB07KCV6TR, STM32WB07KCV7TR, STM32WB09KEV6TR, STM32WB09KEV7TR, STM32WB09TEF6TR, STM32WB09TEF7TR, STM32WB1MMCH6, STM32WBA50KGU6, STM32WBA50KGU6TR, STM32WBA52CEU6, STM32WBA52CEU6TR, STM32WBA52CEU7, STM32WBA52CEU7TR, STM32WBA52CGU6, STM32WBA52CGU6TR, STM32WBA52CGU6U, STM32WBA52CGU7, STM32WBA52CGU7TR, STM32WBA52KEU6, STM32WBA52KEU6TR, STM32WBA52KGU6, STM32WBA52KGU6TR, STM32WBA54CEU6, STM32WBA54CEU6TR, STM32WBA54CEU7, STM32WBA54CEU7TR, STM32WBA54CGU6, STM32WBA54CGU6TR, STM32WBA54CGU7, STM32WBA54CGU7TR, STM32WBA54KEU6, STM32WBA54KEU6TR, STM32WBA54KEU7, STM32WBA54KEU7TR, STM32WBA54KGU6, STM32WBA54KGU6TR, STM32WBA54KGU7, STM32WBA54KGU7TR, STM32WBA55CEU6, STM32WBA55CEU6TR, STM32WBA55CEU7, STM32WBA55CEU7TR, STM32WBA55CGU6, STM32WBA55CGU6TR, STM32WBA55CGU6U, STM32WBA55CGU7, STM32WBA55CGU7TR, STM32WBA55G-DK1, STM32WBA55HEF6, STM32WBA55HEF7, STM32WBA55HGF6, STM32WBA55HGF7, STM32WBA55UEI6, STM32WBA55UEI6TR, STM32WBA55UEI7, STM32WBA55UEI7TR, STM32WBA55UGI6, STM32WBA55UGI6TR, STM32WBA55UGI7, STM32WBA55UGI7TR, STM32WBA5MJGH6TR, STM32WBA62CGU6, STM32WBA62CIU6, STM32WBA62MGF6, STM32WBA62MIF6, STM32WBA62PGI6, STM32WBA62PII6, STM32WBA63CGU6, STM32WBA63CGU7, STM32WBA63CIU6, STM32WBA63CIU7, STM32WBA64CGU6, STM32WBA64CGU7, STM32WBA64CIU6, STM32WBA64CIU7, STM32WBA65CGU6, STM32WBA65CGU7, STM32WBA65CIU6, STM32WBA65CIU7, STM32WBA65I-DK1, STM32WBA65MGF6, STM32WBA65MGF7, STM32WBA65MIF6, STM32WBA65MIF7, STM32WBA65PGI6, STM32WBA65PGI7, STM32WBA65PII6, STM32WBA65PII7, STM32WBA65RGV6, STM32WBA65RGV7, STM32WBA65RIV6, STM32WBA65RIV7, STM32WL30K8V6, STM32WL30KBV6, STM32WL31C8V6, STM32WL31CBV6, STM32WL31K8V6, STM32WL31KBV6, STM32WL33C8V6, STM32WL33C8V6TR, STM32WL33C8V7, STM32WL33C8V7TR, STM32WL33CBV6, STM32WL33CBV6TR, STM32WL33CBV7, STM32WL33CBV7TR, STM32WL33CCV6, STM32WL33CCV6TR, STM32WL33CCV7, STM32WL33CCV7A, STM32WL33CCV7ATR, STM32WL33CCV7TR, STM32WL33K8V6, STM32WL33K8V6TR, STM32WL33K8V7, STM32WL33K8V7TR, STM32WL33KBV6, STM32WL33KBV6TR, STM32WL33KBV7, STM32WL33KBV7TR, STM32WL33KCV6, STM32WL33KCV6TR, STM32WL33KCV7, STM32WL33KCV7TR, STM32WL5MOCH6, STM32WL5MOCH6TR]
2025-05-27 00:10:31,094 [INFO] DbMcus:218 - Found 4686 MCUs, 4686 are supported
2025-05-27 00:10:31,095 [INFO] ApiDb:423 - Load user favorites file C:\Users\Tomas/.stm32cubeide/favorites.mcus.txt: 1 item(s)
2025-05-27 00:10:31,095 [INFO] ApiDb:427 - User favorites MCUs=[STM32L476RGT6]
2025-05-27 00:10:31,096 [INFO] DbMcus:224 - Set 1 / 1 favorites MCUs
2025-05-27 00:10:31,856 [INFO] ApiDb:423 - Load user favorites file C:\Users\Tomas/.stm32cubeide/favorites.boards.txt: 2 item(s)
2025-05-27 00:10:31,857 [INFO] ApiDb:427 - User favorites Boards=[NUCLEO-L476RG, STM32F407G-DISC1]
2025-05-27 00:10:31,857 [INFO] DbBoards:198 - Set 2 / 2 favorites Boards
2025-05-27 00:10:31,903 [INFO] UtilMem:75 - End LoadConfig() Used Memory: 308778768 Bytes (460324864)
2025-05-27 00:10:32,041 [WARN] ThirdParty:833 - waiting for thirdparty lock release [change project]
2025-05-27 00:10:32,042 [INFO] ThirdParty:835 - entering critical section [change project]
2025-05-27 00:10:32,042 [INFO] ThirdParty:1030 - CMSIS Pack Vendor :STMicroelectronics USBPD 4.1
2025-05-27 00:10:32,042 [INFO] ThirdParty:1030 - CMSIS Pack Vendor :STMicroelectronics X-CUBE-GNSS1 6.0.0
2025-05-27 00:10:32,042 [INFO] ThirdParty:1030 - CMSIS Pack Vendor :STMicroelectronics USB_HOST 2.0.0
2025-05-27 00:10:32,042 [INFO] ThirdParty:1030 - CMSIS Pack Vendor :STMicroelectronics FP-SNS-MOTENVWB1 1.4.0
2025-05-27 00:10:32,042 [INFO] ThirdParty:1030 - CMSIS Pack Vendor :STMicroelectronics X-CUBE-AZRTOS-F4 1.1.0
2025-05-27 00:10:32,042 [INFO] ThirdParty:1030 - CMSIS Pack Vendor :STMicroelectronics LIBJPEG 8.0.0
2025-05-27 00:10:32,042 [INFO] ThirdParty:1030 - CMSIS Pack Vendor :STMicroelectronics FP-ATR-ASTRA1 2.0.2
2025-05-27 00:10:32,042 [INFO] ThirdParty:1030 - CMSIS Pack Vendor :Avnet-IotConnect X-CUBE-IoTC-DA16k-PMOD 1.0.0
2025-05-27 00:10:32,042 [INFO] ThirdParty:1030 - CMSIS Pack Vendor :STMicroelectronics X-CUBE-SMBUS 2.1.0
2025-05-27 00:10:32,042 [INFO] ThirdParty:1030 - CMSIS Pack Vendor :STMicroelectronics X-CUBE-WB05N 1.1.0
2025-05-27 00:10:32,042 [INFO] ThirdParty:1030 - CMSIS Pack Vendor :STMicroelectronics X-CUBE-ISPU 2.1.0
2025-05-27 00:10:32,042 [INFO] ThirdParty:1030 - CMSIS Pack Vendor :STMicroelectronics X-CUBE-FREERTOS 1.2.0
2025-05-27 00:10:32,042 [INFO] ThirdParty:1030 - CMSIS Pack Vendor :STMicroelectronics X-CUBE-ST60 1.0.0
2025-05-27 00:10:32,042 [INFO] ThirdParty:1030 - CMSIS Pack Vendor :STMicroelectronics X-CUBE-AZRTOS-F7 1.1.0
2025-05-27 00:10:32,042 [INFO] ThirdParty:1030 - CMSIS Pack Vendor :STMicroelectronics X-CUBE-AZRTOS-L5 2.0.0
2025-05-27 00:10:32,042 [INFO] ThirdParty:1030 - CMSIS Pack Vendor :STMicroelectronics USB_DEVICE 2.0.0
2025-05-27 00:10:32,042 [INFO] ThirdParty:1030 - CMSIS Pack Vendor :STMicroelectronics X-CUBE-NFC6 3.1.0
2025-05-27 00:10:32,042 [INFO] ThirdParty:1030 - CMSIS Pack Vendor :STMicroelectronics X-CUBE-MEMS1 11.0.0
2025-05-27 00:10:32,042 [INFO] ThirdParty:1030 - CMSIS Pack Vendor :STMicroelectronics FreeRTOS 0.0.1
2025-05-27 00:10:32,042 [INFO] ThirdParty:1030 - CMSIS Pack Vendor :STMicroelectronics X-CUBE-DPower 1.2.0
2025-05-27 00:10:32,042 [INFO] ThirdParty:1030 - CMSIS Pack Vendor :STMicroelectronics FP-SNS-FLIGHT1 5.0.2
2025-05-27 00:10:32,042 [INFO] ThirdParty:1030 - CMSIS Pack Vendor :STMicroelectronics X-CUBE-AI 9.0.0
2025-05-27 00:10:32,042 [INFO] ThirdParty:1030 - CMSIS Pack Vendor :STMicroelectronics PDM2PCM 3.3.0
2025-05-27 00:10:32,043 [INFO] ThirdParty:1030 - CMSIS Pack Vendor :STMicroelectronics X-CUBE-DISPLAY 3.0.0
2025-05-27 00:10:32,043 [INFO] ThirdParty:1030 - CMSIS Pack Vendor :STMicroelectronics X-CUBE-BLE1 7.0.0
2025-05-27 00:10:32,043 [INFO] ThirdParty:1030 - CMSIS Pack Vendor :STMicroelectronics X-CUBE-NFC10 1.0.0
2025-05-27 00:10:32,043 [INFO] ThirdParty:1030 - CMSIS Pack Vendor :STMicroelectronics X-CUBE-BLEMGR 4.0.0
2025-05-27 00:10:32,043 [INFO] ThirdParty:1030 - CMSIS Pack Vendor :STMicroelectronics X-CUBE-FREERTOS 1.3.1
2025-05-27 00:10:32,043 [INFO] ThirdParty:1030 - CMSIS Pack Vendor :STMicroelectronics HAL Drivers 0.0.0
2025-05-27 00:10:32,043 [INFO] ThirdParty:1030 - CMSIS Pack Vendor :emotas I-CUBE-CANOPEN 1.3.0
2025-05-27 00:10:32,043 [INFO] ThirdParty:1030 - CMSIS Pack Vendor :STMicroelectronics X-CUBE-FREERTOS 1.3.0
2025-05-27 00:10:32,043 [INFO] ThirdParty:1030 - CMSIS Pack Vendor :STMicroelectronics X-CUBE-NFC7 1.0.1
2025-05-27 00:10:32,043 [INFO] ThirdParty:1030 - CMSIS Pack Vendor :STMicroelectronics MBEDTLS 2.14.1
2025-05-27 00:10:32,043 [INFO] ThirdParty:1030 - CMSIS Pack Vendor :quantropi X-CUBE-qispace-sdk-base 2.0.0
2025-05-27 00:10:32,043 [INFO] ThirdParty:1030 - CMSIS Pack Vendor :STMicroelectronics X-CUBE-BLEMGR 3.1.0
2025-05-27 00:10:32,043 [INFO] ThirdParty:1030 - CMSIS Pack Vendor :STMicroelectronics X-CUBE-AI 10.0.0
2025-05-27 00:10:32,043 [INFO] ThirdParty:1030 - CMSIS Pack Vendor :STMicroelectronics FP-SNS-SMARTAG2 1.2.0
2025-05-27 00:10:32,043 [INFO] ThirdParty:1030 - CMSIS Pack Vendor :STMicroelectronics FP-SNS-FLIGHT1 5.1.0
2025-05-27 00:10:32,043 [INFO] ThirdParty:1030 - CMSIS Pack Vendor :STMicroelectronics X-CUBE-MEMS1 11.1.0
2025-05-27 00:10:32,043 [INFO] ThirdParty:1030 - CMSIS Pack Vendor :STMicroelectronics X-CUBE-AZRTOS-WL 2.0.0
2025-05-27 00:10:32,043 [INFO] ThirdParty:1030 - CMSIS Pack Vendor :STMicroelectronics X-CUBE-DPower 1.3.0
2025-05-27 00:10:32,043 [INFO] ThirdParty:1030 - CMSIS Pack Vendor :STMicroelectronics FP-SNS-MOTENV1 5.0.0
2025-05-27 00:10:32,043 [INFO] ThirdParty:1030 - CMSIS Pack Vendor :STMicroelectronics USB_DEVICE 1.0.0
2025-05-27 00:10:32,043 [INFO] ThirdParty:1030 - CMSIS Pack Vendor :wolfSSL I-CUBE-wolfMQTT 1.19.0
2025-05-27 00:10:32,043 [INFO] ThirdParty:1030 - CMSIS Pack Vendor :STMicroelectronics X-CUBE-AZRTOS-L4 2.0.0
2025-05-27 00:10:32,043 [INFO] ThirdParty:1030 - CMSIS Pack Vendor :STMicroelectronics ThreadX 0.0.2
2025-05-27 00:10:32,043 [INFO] ThirdParty:1030 - CMSIS Pack Vendor :WES I-CUBE-Cesium 1.3.0
2025-05-27 00:10:32,043 [INFO] ThirdParty:1030 - CMSIS Pack Vendor :STMicroelectronics lwIP 2.1.2
2025-05-27 00:10:32,043 [INFO] ThirdParty:1030 - CMSIS Pack Vendor :STMicroelectronics X-CUBE-SFXS2LP1 4.0.0
2025-05-27 00:10:32,043 [INFO] ThirdParty:1030 - CMSIS Pack Vendor :STMicroelectronics X-CUBE-BLE2 3.3.0
2025-05-27 00:10:32,043 [INFO] ThirdParty:1030 - CMSIS Pack Vendor :STMicroelectronics PDM2PCM 3.2.0
2025-05-27 00:10:32,043 [INFO] ThirdParty:1030 - CMSIS Pack Vendor :STMicroelectronics X-CUBE-AZRTOS-H7 3.3.0
2025-05-27 00:10:32,043 [INFO] ThirdParty:1030 - CMSIS Pack Vendor :STMicroelectronics X-CUBE-NFC9 1.0.0
2025-05-27 00:10:32,043 [INFO] ThirdParty:1030 - CMSIS Pack Vendor :STMicroelectronics X-CUBE-BLE1 7.1.0
2025-05-27 00:10:32,043 [INFO] ThirdParty:1030 - CMSIS Pack Vendor :STMicroelectronics USB_DEVICE 3.0.0
2025-05-27 00:10:32,044 [INFO] ThirdParty:1030 - CMSIS Pack Vendor :STMicroelectronics X-CUBE-TCPP 4.1.0
2025-05-27 00:10:32,044 [INFO] ThirdParty:1030 - CMSIS Pack Vendor :STMicroelectronics X-CUBE-AZRTOS-WB 2.0.0
2025-05-27 00:10:32,044 [INFO] ThirdParty:1030 - CMSIS Pack Vendor :STMicroelectronics X-CUBE-GNSS1 7.0.1
2025-05-27 00:10:32,044 [INFO] ThirdParty:1030 - CMSIS Pack Vendor :STMicroelectronics X-CUBE-TOUCHGFX 4.25.0
2025-05-27 00:10:32,044 [INFO] ThirdParty:1030 - CMSIS Pack Vendor :STMicroelectronics FP-SNS-STBOX1 2.0.0
2025-05-27 00:10:32,044 [INFO] ThirdParty:1030 - CMSIS Pack Vendor :STMicroelectronics X-CUBE-MEMS1 11.2.0
2025-05-27 00:10:32,044 [INFO] ThirdParty:1030 - CMSIS Pack Vendor :STMicroelectronics X-CUBE-AZRTOS-G0 1.1.0
2025-05-27 00:10:32,044 [INFO] ThirdParty:1030 - CMSIS Pack Vendor :STMicroelectronics X-CUBE-SAFEA1 1.2.2
2025-05-27 00:10:32,044 [INFO] ThirdParty:1030 - CMSIS Pack Vendor :STMicroelectronics X-CUBE-NFC4 3.0.0
2025-05-27 00:10:32,044 [INFO] ThirdParty:1030 - CMSIS Pack Vendor :STMicroelectronics X-CUBE-SUBG2 5.0.0
2025-05-27 00:10:32,044 [INFO] ThirdParty:1030 - CMSIS Pack Vendor :STMicroelectronics X-CUBE-AZRTOS-H7RS 1.1.0
2025-05-27 00:10:32,044 [INFO] ThirdParty:1030 - CMSIS Pack Vendor :STMicroelectronics STM32_WPAN 1.0.0
2025-05-27 00:10:32,044 [INFO] ThirdParty:1030 - CMSIS Pack Vendor :EmbeddedOffice I-CUBE-FS-RTOS 1.0.1
2025-05-27 00:10:32,044 [INFO] ThirdParty:1030 - CMSIS Pack Vendor :STMicroelectronics lwIP 2.0.3
2025-05-27 00:10:32,044 [INFO] ThirdParty:1030 - CMSIS Pack Vendor :Cesanta I-CUBE-Mongoose 7.13.0
2025-05-27 00:10:32,044 [INFO] ThirdParty:1030 - CMSIS Pack Vendor :STMicroelectronics USB_HOST 1.0.0
2025-05-27 00:10:32,044 [INFO] ThirdParty:1030 - CMSIS Pack Vendor :STMicroelectronics X-CUBE-AZRTOS-G4 2.0.0
2025-05-27 00:10:32,044 [INFO] ThirdParty:1030 - CMSIS Pack Vendor :STMicroelectronics X-CUBE-WB05N 2.0.0
2025-05-27 00:10:32,044 [INFO] ThirdParty:1030 - CMSIS Pack Vendor :STMicroelectronics PDM2PCM 3.1.0
2025-05-27 00:10:32,044 [INFO] ThirdParty:1030 - CMSIS Pack Vendor :STMicroelectronics X-CUBE-NFC7 2.0.0
2025-05-27 00:10:32,044 [INFO] ThirdParty:1030 - CMSIS Pack Vendor :STMicroelectronics X-CUBE-TCPP 4.2.0
2025-05-27 00:10:32,044 [INFO] ThirdParty:1030 - CMSIS Pack Vendor :RealThread X-CUBE-RT-Thread_Nano 4.1.1
2025-05-27 00:10:32,044 [INFO] ThirdParty:1030 - CMSIS Pack Vendor :STMicroelectronics FP-ATR-SIGFOX1 3.2.0
2025-05-27 00:10:32,044 [INFO] ThirdParty:1030 - CMSIS Pack Vendor :wolfSSL I-CUBE-wolfSSL 5.7.2
2025-05-27 00:10:32,044 [INFO] ThirdParty:1030 - CMSIS Pack Vendor :STMicroelectronics X-CUBE-ISPU 2.0.0
2025-05-27 00:10:32,044 [INFO] ThirdParty:1030 - CMSIS Pack Vendor :STMicroelectronics X-CUBE-EEPRMA1 5.1.0
2025-05-27 00:10:32,044 [INFO] ThirdParty:1030 - CMSIS Pack Vendor :STMicroelectronics MBEDTLS 2.16.2
2025-05-27 00:10:32,044 [INFO] ThirdParty:1030 - CMSIS Pack Vendor :STMicroelectronics X-CUBE-IPS 3.1.0
2025-05-27 00:10:32,044 [INFO] ThirdParty:1030 - CMSIS Pack Vendor :STMicroelectronics X-CUBE-ALS 1.0.2
2025-05-27 00:10:32,044 [INFO] ThirdParty:1030 - CMSIS Pack Vendor :STMicroelectronics X-CUBE-TOUCHGFX 4.24.0
2025-05-27 00:10:32,045 [INFO] ThirdParty:1030 - CMSIS Pack Vendor :ITTIA_DB I-CUBE-ITTIADB 8.9.0
2025-05-27 00:10:32,045 [INFO] ThirdParty:1030 - CMSIS Pack Vendor :wolfSSL I-CUBE-wolfTPM 3.4.0
2025-05-27 00:10:32,045 [INFO] ThirdParty:1030 - CMSIS Pack Vendor :portGmbH I-Cube-SoM-uGOAL 1.1.0
2025-05-27 00:10:32,045 [INFO] ThirdParty:1030 - CMSIS Pack Vendor :STMicroelectronics ThreadX 1.0.0
2025-05-27 00:10:32,045 [INFO] ThirdParty:1030 - CMSIS Pack Vendor :SEGGER I-CUBE-embOS 1.3.1
2025-05-27 00:10:32,045 [INFO] ThirdParty:1030 - CMSIS Pack Vendor :STMicroelectronics X-CUBE-ALGOBUILD 1.4.0
2025-05-27 00:10:32,046 [INFO] ThirdParty:1030 - CMSIS Pack Vendor :STMicroelectronics X-CUBE-AZRTOS-H7RS 1.0.0
2025-05-27 00:10:32,046 [INFO] ThirdParty:1030 - CMSIS Pack Vendor :STMicroelectronics FP-ATR-ASTRA1 2.0.0
2025-05-27 00:10:32,046 [INFO] ThirdParty:1030 - CMSIS Pack Vendor :STMicroelectronics X-CUBE-TOF1 3.4.2
2025-05-27 00:10:32,046 [INFO] ThirdParty:1030 - CMSIS Pack Vendor :STMicroelectronics X-CUBE-TOF1 3.4.3
2025-05-27 00:10:32,046 [INFO] ThirdParty:1030 - CMSIS Pack Vendor :Infineon AIROC-Wi-Fi-Bluetooth-STM32 1.6.1
2025-05-27 00:10:32,046 [INFO] ThirdParty:1030 - CMSIS Pack Vendor :wolfSSL I-CUBE-wolfSSH 1.4.17
2025-05-27 00:10:32,046 [INFO] ThirdParty:841 - exiting critical section [change project]
2025-05-27 00:10:32,501 [INFO] PinOutPanel:1589 - setPackage(No Configuration,No Configuration)
2025-05-27 00:10:32,504 [INFO] PinOutPanel:1589 - setPackage(STM32F407VGTx,LQFP100)
2025-05-27 00:10:33,085 [INFO] UtilMem:75 - Before build in PCC Used Memory: 387733480 Bytes (460324864)
2025-05-27 00:10:34,098 [INFO] UtilMem:75 - After build in PCC Used Memory: 295215424 Bytes (489684992)
2025-05-27 00:10:34,229 [INFO] ApiDbMcu:508 - Load IP Config File for PDM2PCM
2025-05-27 00:10:34,260 [INFO] IPUIPlugin:80 - create IPUIPlugin
2025-05-27 00:10:34,260 [INFO] IPUIPlugin:80 - create IPUIPlugin
2025-05-27 00:10:34,260 [INFO] IPUIPlugin:80 - create IPUIPlugin
2025-05-27 00:10:34,260 [INFO] IPUIPlugin:80 - create IPUIPlugin
2025-05-27 00:10:34,260 [INFO] IPUIPlugin:80 - create IPUIPlugin
2025-05-27 00:10:34,260 [INFO] IPUIPlugin:80 - create IPUIPlugin
2025-05-27 00:10:34,261 [INFO] IPUIPlugin:80 - create IPUIPlugin
2025-05-27 00:10:34,261 [INFO] IPUIPlugin:80 - create IPUIPlugin
2025-05-27 00:10:34,261 [INFO] IPUIPlugin:80 - create IPUIPlugin
2025-05-27 00:10:34,261 [INFO] IPUIPlugin:80 - create IPUIPlugin
2025-05-27 00:10:34,261 [INFO] IPUIPlugin:80 - create IPUIPlugin
2025-05-27 00:10:34,261 [INFO] IPUIPlugin:80 - create IPUIPlugin
2025-05-27 00:10:34,261 [INFO] IPUIPlugin:80 - create IPUIPlugin
2025-05-27 00:10:34,261 [INFO] IPUIPlugin:80 - create IPUIPlugin
2025-05-27 00:10:34,261 [INFO] IPUIPlugin:80 - create IPUIPlugin
2025-05-27 00:10:34,261 [INFO] IPUIPlugin:80 - create IPUIPlugin
2025-05-27 00:10:34,261 [INFO] IPUIPlugin:80 - create IPUIPlugin
2025-05-27 00:10:34,261 [INFO] IPUIPlugin:80 - create IPUIPlugin
2025-05-27 00:10:34,261 [INFO] IPUIPlugin:80 - create IPUIPlugin
2025-05-27 00:10:34,262 [INFO] IPUIPlugin:80 - create IPUIPlugin
2025-05-27 00:10:34,262 [INFO] IPUIPlugin:80 - create IPUIPlugin
2025-05-27 00:10:34,262 [INFO] IPUIPlugin:80 - create IPUIPlugin
2025-05-27 00:10:34,262 [INFO] IPUIPlugin:80 - create IPUIPlugin
2025-05-27 00:10:34,262 [INFO] IPUIPlugin:80 - create IPUIPlugin
2025-05-27 00:10:34,262 [INFO] IPUIPlugin:80 - create IPUIPlugin
2025-05-27 00:10:34,262 [INFO] IPUIPlugin:80 - create IPUIPlugin
2025-05-27 00:10:34,262 [INFO] IPUIPlugin:80 - create IPUIPlugin
2025-05-27 00:10:34,263 [INFO] IPUIPlugin:80 - create IPUIPlugin
2025-05-27 00:10:34,263 [INFO] IPUIPlugin:80 - create IPUIPlugin
2025-05-27 00:10:34,263 [INFO] IPUIPlugin:80 - create IPUIPlugin
2025-05-27 00:10:34,263 [INFO] IPUIPlugin:80 - create IPUIPlugin
2025-05-27 00:10:34,263 [INFO] IPUIPlugin:80 - create IPUIPlugin
2025-05-27 00:10:34,263 [INFO] IPUIPlugin:80 - create IPUIPlugin
2025-05-27 00:10:34,263 [INFO] IPUIPlugin:80 - create IPUIPlugin
2025-05-27 00:10:34,263 [INFO] IPUIPlugin:80 - create IPUIPlugin
2025-05-27 00:10:34,263 [INFO] IPUIPlugin:80 - create IPUIPlugin
2025-05-27 00:10:34,264 [INFO] IPUIPlugin:80 - create IPUIPlugin
2025-05-27 00:10:34,264 [INFO] IPUIPlugin:80 - create IPUIPlugin
2025-05-27 00:10:34,264 [INFO] IPUIPlugin:80 - create IPUIPlugin
2025-05-27 00:10:34,264 [INFO] IPUIPlugin:80 - create IPUIPlugin
2025-05-27 00:10:34,264 [INFO] IPUIPlugin:80 - create IPUIPlugin
2025-05-27 00:10:34,264 [INFO] IPUIPlugin:80 - create IPUIPlugin
2025-05-27 00:10:34,264 [INFO] IPUIPlugin:80 - create IPUIPlugin
2025-05-27 00:10:34,264 [INFO] IPUIPlugin:80 - create IPUIPlugin
2025-05-27 00:10:34,265 [INFO] IPUIPlugin:80 - create IPUIPlugin
2025-05-27 00:10:34,265 [INFO] IPUIPlugin:80 - create IPUIPlugin
2025-05-27 00:10:34,265 [INFO] IPUIPlugin:80 - create IPUIPlugin
2025-05-27 00:10:34,265 [INFO] IPUIPlugin:80 - create IPUIPlugin
2025-05-27 00:10:34,265 [INFO] IPUIPlugin:80 - create IPUIPlugin
2025-05-27 00:10:34,266 [INFO] IPUIPlugin:80 - create IPUIPlugin
2025-05-27 00:10:34,266 [INFO] IPUIPlugin:80 - create IPUIPlugin
2025-05-27 00:10:34,266 [INFO] IPUIPlugin:80 - create IPUIPlugin
2025-05-27 00:10:34,266 [INFO] IPUIPlugin:80 - create IPUIPlugin
2025-05-27 00:10:34,267 [INFO] IPUIPlugin:80 - create IPUIPlugin
2025-05-27 00:10:34,267 [INFO] IPUIPlugin:80 - create IPUIPlugin
2025-05-27 00:10:34,267 [INFO] IPUIPlugin:80 - create IPUIPlugin
2025-05-27 00:10:34,268 [INFO] IPUIPlugin:80 - create IPUIPlugin
2025-05-27 00:10:34,268 [INFO] IPUIPlugin:80 - create IPUIPlugin
2025-05-27 00:10:34,285 [WARN] IP:2250 - I2C_Coeff_DF not found: check if there is a RefParameter without a condition.
2025-05-27 00:10:34,285 [WARN] IP:2250 - Analog_Filter not found: check if there is a RefParameter without a condition.
2025-05-27 00:10:34,298 [INFO] I2sManager:658 - 9.6E7
2025-05-27 00:10:34,299 [INFO] I2sManager:195 - I2S Clock Value : 9.6E7
2025-05-27 00:10:34,301 [INFO] I2sManager:553 - AudioClock : 63829Divider : 23Odd : 1
2025-05-27 00:10:34,543 [INFO] CADModel:165 - CPN selected for project levelSTM32F407VGT6
2025-05-27 00:10:34,543 [INFO] CADModel:114 - Register for checkConnection events
2025-05-27 00:10:34,604 [INFO] OpenFileManager:385 - Restore cursor
2025-05-27 00:10:34,764 [WARN] IP:2250 - I2C_Coeff_DF not found: check if there is a RefParameter without a condition.
2025-05-27 00:10:34,764 [WARN] IP:2250 - Analog_Filter not found: check if there is a RefParameter without a condition.
2025-05-27 00:10:34,765 [WARN] IP:2250 - I2C_Coeff_DF not found: check if there is a RefParameter without a condition.
2025-05-27 00:10:34,765 [WARN] IP:2250 - Analog_Filter not found: check if there is a RefParameter without a condition.
2025-05-27 00:58:58,360 [WARN] IpParametersView:155 - Warning: This peripheral hasn't parameters
2025-05-27 01:20:05,584 [INFO] NvicIntPanel:101 - NVIC parent = com.st.microxplorer.plugins.ip.nvic.MultiNvicIntPanel[,0,0,0x0,invalid,layout=javax.swing.BoxLayout,alignmentX=0.0,alignmentY=0.0,border=,flags=9,maximumSize=,minimumSize=,preferredSize=]
2025-05-27 01:20:18,895 [WARN] IP:2250 - I2C_Coeff_DF not found: check if there is a RefParameter without a condition.
2025-05-27 01:20:18,896 [WARN] IP:2250 - Analog_Filter not found: check if there is a RefParameter without a condition.
2025-05-27 01:20:18,896 [WARN] IP:2250 - I2C_Coeff_DF not found: check if there is a RefParameter without a condition.
2025-05-27 01:20:18,896 [WARN] IP:2250 - Analog_Filter not found: check if there is a RefParameter without a condition.
2025-05-27 01:20:42,124 [INFO] NvicIntPanel:101 - NVIC parent = com.st.microxplorer.plugins.ip.nvic.MultiNvicIntPanel[,0,0,0x0,invalid,layout=javax.swing.BoxLayout,alignmentX=0.0,alignmentY=0.0,border=,flags=9,maximumSize=,minimumSize=,preferredSize=]
2025-05-27 01:20:42,204 [WARN] IP:2250 - I2C_Coeff_DF not found: check if there is a RefParameter without a condition.
2025-05-27 01:20:42,204 [WARN] IP:2250 - Analog_Filter not found: check if there is a RefParameter without a condition.
2025-05-27 01:20:42,205 [WARN] IP:2250 - I2C_Coeff_DF not found: check if there is a RefParameter without a condition.
2025-05-27 01:20:42,205 [WARN] IP:2250 - Analog_Filter not found: check if there is a RefParameter without a condition.
2025-05-27 01:20:43,767 [INFO] NvicIntPanel:101 - NVIC parent = com.st.microxplorer.plugins.ip.nvic.MultiNvicIntPanel[,0,0,0x0,invalid,layout=javax.swing.BoxLayout,alignmentX=0.0,alignmentY=0.0,border=,flags=9,maximumSize=,minimumSize=,preferredSize=]
2025-05-27 01:20:43,828 [WARN] IP:2250 - I2C_Coeff_DF not found: check if there is a RefParameter without a condition.
2025-05-27 01:20:43,828 [WARN] IP:2250 - Analog_Filter not found: check if there is a RefParameter without a condition.
2025-05-27 01:20:43,829 [WARN] IP:2250 - I2C_Coeff_DF not found: check if there is a RefParameter without a condition.
2025-05-27 01:20:43,829 [WARN] IP:2250 - Analog_Filter not found: check if there is a RefParameter without a condition.
2025-05-27 01:21:03,213 [INFO] NvicIntPanel:101 - NVIC parent = com.st.microxplorer.plugins.ip.nvic.MultiNvicIntPanel[,0,0,0x0,invalid,layout=javax.swing.BoxLayout,alignmentX=0.0,alignmentY=0.0,border=,flags=9,maximumSize=,minimumSize=,preferredSize=]
2025-05-27 01:21:03,280 [WARN] IP:2250 - I2C_Coeff_DF not found: check if there is a RefParameter without a condition.
2025-05-27 01:21:03,280 [WARN] IP:2250 - Analog_Filter not found: check if there is a RefParameter without a condition.
2025-05-27 01:21:03,281 [WARN] IP:2250 - I2C_Coeff_DF not found: check if there is a RefParameter without a condition.
2025-05-27 01:21:03,281 [WARN] IP:2250 - Analog_Filter not found: check if there is a RefParameter without a condition.
2025-05-27 01:22:03,165 [INFO] UtilMem:75 - End SaveConfig() Used Memory: 379593472 Bytes (877658112)
2025-05-27 01:22:03,324 [INFO] UtilMem:75 - End SaveConfig() Used Memory: 412099328 Bytes (877658112)
2025-05-27 01:22:04,474 [INFO] UtilMem:75 - End SaveConfig() Used Memory: 536879872 Bytes (877658112)
2025-05-27 01:22:05,090 [INFO] BlockDiagram:2775 - set Specific Code input for plugin: SPI
2025-05-27 01:22:05,090 [INFO] BlockDiagram:2775 - set Specific Code input for plugin: I2S
2025-05-27 01:22:05,090 [INFO] BlockDiagram:2775 - set Specific Code input for plugin: SYS
2025-05-27 01:22:05,090 [INFO] BlockDiagram:2775 - set Specific Code input for plugin: RCC
2025-05-27 01:22:05,090 [INFO] BlockDiagram:2775 - set Specific Code input for plugin: CRC
2025-05-27 01:22:05,091 [INFO] BlockDiagram:2775 - set Specific Code input for plugin: I2C
2025-05-27 01:22:05,091 [INFO] BlockDiagram:2775 - set Specific Code input for plugin: NVIC
2025-05-27 01:22:05,091 [INFO] BlockDiagram:2775 - set Specific Code input for plugin: USART
2025-05-27 01:22:05,091 [INFO] BlockDiagram:2775 - set Specific Code input for plugin: DMA
2025-05-27 01:22:05,092 [INFO] BlockDiagram:2775 - set Specific Code input for plugin: GPIO
2025-05-27 01:22:05,092 [INFO] BlockDiagram:2775 - set Specific Code input for plugin: PDM2PCM
2025-05-27 01:22:05,093 [INFO] CodeGenerator:882 - code generatio: config db path: C:\ST\STM32CubeIDE_1.16.1\STM32CubeIDE\plugins\com.st.stm32cube.common.mx_6.14.1.202504091515\\db\
2025-05-27 01:22:05,099 [WARN] IP:2250 - I2C_Coeff_DF not found: check if there is a RefParameter without a condition.
2025-05-27 01:22:05,100 [WARN] IP:2250 - Analog_Filter not found: check if there is a RefParameter without a condition.
2025-05-27 01:22:05,290 [INFO] CodeEngine:263 - oldGeneratedFile, C:\Users\Tomas\STM32CubeIDE\workspace_1.16.1\HolaMundoFFTCMSIS5\PSD-construction-in-STM32F407G-DISC1\FFTplusMIC\MXTmpFiles\license.tmp_save
2025-05-27 01:22:05,678 [INFO] CodeEngine:287 - Generated code: C:\Users\Tomas\STM32CubeIDE\workspace_1.16.1\HolaMundoFFTCMSIS5\PSD-construction-in-STM32F407G-DISC1\FFTplusMIC\MXTmpFiles\license.tmp
2025-05-27 01:22:05,773 [INFO] CodeEngine:263 - oldGeneratedFile, C:\Users\Tomas\STM32CubeIDE\workspace_1.16.1\HolaMundoFFTCMSIS5\PSD-construction-in-STM32F407G-DISC1\FFTplusMIC\MXTmpFiles\gpio.tmp_save
2025-05-27 01:22:05,966 [INFO] CodeEngine:287 - Generated code: C:\Users\Tomas\STM32CubeIDE\workspace_1.16.1\HolaMundoFFTCMSIS5\PSD-construction-in-STM32F407G-DISC1\FFTplusMIC\MXTmpFiles\gpio.tmp
2025-05-27 01:22:06,412 [INFO] Middleware:1452 - No code input for Bsp Dependency
2025-05-27 01:22:06,437 [INFO] CodeEngine:263 - oldGeneratedFile, C:\Users\Tomas\STM32CubeIDE\workspace_1.16.1\HolaMundoFFTCMSIS5\PSD-construction-in-STM32F407G-DISC1\FFTplusMIC\MXTmpFiles\dma.tmp_save
2025-05-27 01:22:06,539 [INFO] CodeEngine:287 - Generated code: C:\Users\Tomas\STM32CubeIDE\workspace_1.16.1\HolaMundoFFTCMSIS5\PSD-construction-in-STM32F407G-DISC1\FFTplusMIC\MXTmpFiles\dma.tmp
2025-05-27 01:22:06,547 [INFO] CodeEngine:263 - oldGeneratedFile, C:\Users\Tomas\STM32CubeIDE\workspace_1.16.1\HolaMundoFFTCMSIS5\PSD-construction-in-STM32F407G-DISC1\FFTplusMIC\MXTmpFiles\dma_GV.tmp_save
2025-05-27 01:22:06,626 [INFO] CodeEngine:287 - Generated code: C:\Users\Tomas\STM32CubeIDE\workspace_1.16.1\HolaMundoFFTCMSIS5\PSD-construction-in-STM32F407G-DISC1\FFTplusMIC\MXTmpFiles\dma_GV.tmp
2025-05-27 01:22:06,633 [INFO] Middleware:1452 - No code input for Bsp Dependency
2025-05-27 01:22:06,646 [INFO] CodeEngine:263 - oldGeneratedFile, C:\Users\Tomas\STM32CubeIDE\workspace_1.16.1\HolaMundoFFTCMSIS5\PSD-construction-in-STM32F407G-DISC1\FFTplusMIC\PDM2PCM\App\pdm2pcm.c_save
2025-05-27 01:22:06,780 [INFO] CodeEngine:287 - Generated code: C:\Users\Tomas\STM32CubeIDE\workspace_1.16.1\HolaMundoFFTCMSIS5\PSD-construction-in-STM32F407G-DISC1\FFTplusMIC\PDM2PCM\App\pdm2pcm.c
2025-05-27 01:22:06,791 [INFO] CodeEngine:263 - oldGeneratedFile, C:\Users\Tomas\STM32CubeIDE\workspace_1.16.1\HolaMundoFFTCMSIS5\PSD-construction-in-STM32F407G-DISC1\FFTplusMIC\PDM2PCM\App\pdm2pcm.h_save
2025-05-27 01:22:06,886 [INFO] CodeEngine:287 - Generated code: C:\Users\Tomas\STM32CubeIDE\workspace_1.16.1\HolaMundoFFTCMSIS5\PSD-construction-in-STM32F407G-DISC1\FFTplusMIC\PDM2PCM\App\pdm2pcm.h
2025-05-27 01:22:06,913 [INFO] CodeEngine:263 - oldGeneratedFile, C:\Users\Tomas\STM32CubeIDE\workspace_1.16.1\HolaMundoFFTCMSIS5\PSD-construction-in-STM32F407G-DISC1\FFTplusMIC\Core\Src\stm32f4xx_it.c_save
2025-05-27 01:22:07,043 [INFO] CodeEngine:287 - Generated code: C:\Users\Tomas\STM32CubeIDE\workspace_1.16.1\HolaMundoFFTCMSIS5\PSD-construction-in-STM32F407G-DISC1\FFTplusMIC\Core\Src\stm32f4xx_it.c
2025-05-27 01:22:07,053 [INFO] CodeEngine:263 - oldGeneratedFile, C:\Users\Tomas\STM32CubeIDE\workspace_1.16.1\HolaMundoFFTCMSIS5\PSD-construction-in-STM32F407G-DISC1\FFTplusMIC\Core\Inc\stm32f4xx_it.h_save
2025-05-27 01:22:07,124 [INFO] CodeEngine:287 - Generated code: C:\Users\Tomas\STM32CubeIDE\workspace_1.16.1\HolaMundoFFTCMSIS5\PSD-construction-in-STM32F407G-DISC1\FFTplusMIC\Core\Inc\stm32f4xx_it.h
2025-05-27 01:22:07,152 [INFO] CodeEngine:263 - oldGeneratedFile, C:\Users\Tomas\STM32CubeIDE\workspace_1.16.1\HolaMundoFFTCMSIS5\PSD-construction-in-STM32F407G-DISC1\FFTplusMIC\Core\Src\stm32f4xx_hal_msp.c_save
2025-05-27 01:22:07,287 [INFO] CodeEngine:287 - Generated code: C:\Users\Tomas\STM32CubeIDE\workspace_1.16.1\HolaMundoFFTCMSIS5\PSD-construction-in-STM32F407G-DISC1\FFTplusMIC\Core\Src\stm32f4xx_hal_msp.c
2025-05-27 01:22:07,299 [INFO] CodeEngine:263 - oldGeneratedFile, C:\Users\Tomas\STM32CubeIDE\workspace_1.16.1\HolaMundoFFTCMSIS5\PSD-construction-in-STM32F407G-DISC1\FFTplusMIC\MXTmpFiles\system.tmp_save
2025-05-27 01:22:07,353 [INFO] CodeEngine:287 - Generated code: C:\Users\Tomas\STM32CubeIDE\workspace_1.16.1\HolaMundoFFTCMSIS5\PSD-construction-in-STM32F407G-DISC1\FFTplusMIC\MXTmpFiles\system.tmp
2025-05-27 01:22:07,373 [INFO] CodeEngine:319 - oldGeneratedFile, C:\Users\Tomas\STM32CubeIDE\workspace_1.16.1\HolaMundoFFTCMSIS5\PSD-construction-in-STM32F407G-DISC1\FFTplusMIC\Core\Inc\stm32f4xx_hal_conf.h_save
2025-05-27 01:22:07,453 [INFO] CodeEngine:343 - Generated code: C:\Users\Tomas\STM32CubeIDE\workspace_1.16.1\HolaMundoFFTCMSIS5\PSD-construction-in-STM32F407G-DISC1\FFTplusMIC\Core\Inc\stm32f4xx_hal_conf.h
2025-05-27 01:22:07,497 [INFO] ApiDbMcu:508 - Load IP Config File for CRC
2025-05-27 01:22:07,502 [INFO] ApiDbMcu:508 - Load IP Config File for I2C1
2025-05-27 01:22:07,506 [INFO] ApiDbMcu:508 - Load IP Config File for I2S2
2025-05-27 01:22:07,510 [INFO] ApiDbMcu:508 - Load IP Config File for SPI1
2025-05-27 01:22:07,515 [INFO] ApiDbMcu:508 - Load IP Config File for USART2
2025-05-27 01:22:07,519 [INFO] ApiDbMcu:508 - Load IP Config File for RCC
2025-05-27 01:22:07,538 [INFO] CodeEngine:263 - oldGeneratedFile, C:\Users\Tomas\STM32CubeIDE\workspace_1.16.1\HolaMundoFFTCMSIS5\PSD-construction-in-STM32F407G-DISC1\FFTplusMIC\Core\Inc\main.h_save
2025-05-27 01:22:07,629 [INFO] CodeEngine:287 - Generated code: C:\Users\Tomas\STM32CubeIDE\workspace_1.16.1\HolaMundoFFTCMSIS5\PSD-construction-in-STM32F407G-DISC1\FFTplusMIC\Core\Inc\main.h
2025-05-27 01:22:07,637 [INFO] CodeEngine:263 - oldGeneratedFile, C:\Users\Tomas\STM32CubeIDE\workspace_1.16.1\HolaMundoFFTCMSIS5\PSD-construction-in-STM32F407G-DISC1\FFTplusMIC\Core\Src\main.c_save
2025-05-27 01:22:07,807 [INFO] CodeEngine:287 - Generated code: C:\Users\Tomas\STM32CubeIDE\workspace_1.16.1\HolaMundoFFTCMSIS5\PSD-construction-in-STM32F407G-DISC1\FFTplusMIC\Core\Src\main.c
2025-05-27 01:22:08,407 [INFO] ProjectBuilder:3324 - Time for Copy HAL[1] : 324mS.
2025-05-27 01:22:08,421 [INFO] ProjectBuilder:4912 - Project Generator version: 4.6.0.1-B1
2025-05-27 01:22:08,506 [INFO] ConfigFileManager:1590 - The Die is : DIE413
2025-05-27 01:22:08,515 [INFO] ApiDbMcu:508 - Load IP Config File for FATFS
2025-05-27 01:22:08,520 [INFO] ApiDbMcu:508 - Load IP Config File for FREERTOS
2025-05-27 01:22:08,524 [INFO] ApiDbMcu:508 - Load IP Config File for LIBJPEG
2025-05-27 01:22:08,530 [INFO] ApiDbMcu:508 - Load IP Config File for LWIP
2025-05-27 01:22:08,537 [INFO] ApiDbMcu:508 - Load IP Config File for MBEDTLS
2025-05-27 01:22:08,547 [INFO] ApiDbMcu:508 - Load IP Config File for USB_DEVICE
2025-05-27 01:22:08,551 [INFO] ApiDbMcu:508 - Load IP Config File for USB_HOST
2025-05-27 01:22:09,041 [INFO] LogOutputStream:77 - [STDOUT_REDIRECT] 
2025-05-27 01:22:12,332 [INFO] ProjectBuilder:5191 - Time for Generating toolchain IDE Files: 3910mS.
2025-05-27 01:22:12,334 [INFO] ProjectBuilder:3181 - Time for Copy CMSIS : 1mS.
2025-05-27 01:22:12,343 [INFO] ProjectBuilder:3181 - Time for Copy CMSIS : 0mS.
2025-05-27 01:34:00,998 [INFO] NvicIntPanel:101 - NVIC parent = com.st.microxplorer.plugins.ip.nvic.MultiNvicIntPanel[,0,0,0x0,invalid,layout=javax.swing.BoxLayout,alignmentX=0.0,alignmentY=0.0,border=,flags=9,maximumSize=,minimumSize=,preferredSize=]
2025-05-27 01:34:01,069 [WARN] IP:2250 - I2C_Coeff_DF not found: check if there is a RefParameter without a condition.
2025-05-27 01:34:01,069 [WARN] IP:2250 - Analog_Filter not found: check if there is a RefParameter without a condition.
2025-05-27 01:34:01,070 [WARN] IP:2250 - I2C_Coeff_DF not found: check if there is a RefParameter without a condition.
2025-05-27 01:34:01,070 [WARN] IP:2250 - Analog_Filter not found: check if there is a RefParameter without a condition.
2025-05-27 01:34:03,613 [INFO] UtilMem:75 - End SaveConfig() Used Memory: 514816496 Bytes (911212544)
2025-05-27 01:34:03,699 [INFO] UtilMem:75 - End SaveConfig() Used Memory: 538411504 Bytes (911212544)
2025-05-27 01:34:04,872 [INFO] UtilMem:75 - End SaveConfig() Used Memory: 593986032 Bytes (911212544)
2025-05-27 01:34:05,198 [INFO] BlockDiagram:2775 - set Specific Code input for plugin: SPI
2025-05-27 01:34:05,198 [INFO] BlockDiagram:2775 - set Specific Code input for plugin: I2S
2025-05-27 01:34:05,198 [INFO] BlockDiagram:2775 - set Specific Code input for plugin: SYS
2025-05-27 01:34:05,198 [INFO] BlockDiagram:2775 - set Specific Code input for plugin: RCC
2025-05-27 01:34:05,198 [INFO] BlockDiagram:2775 - set Specific Code input for plugin: CRC
2025-05-27 01:34:05,198 [INFO] BlockDiagram:2775 - set Specific Code input for plugin: I2C
2025-05-27 01:34:05,198 [INFO] BlockDiagram:2775 - set Specific Code input for plugin: NVIC
2025-05-27 01:34:05,198 [INFO] BlockDiagram:2775 - set Specific Code input for plugin: USART
2025-05-27 01:34:05,198 [INFO] BlockDiagram:2775 - set Specific Code input for plugin: DMA
2025-05-27 01:34:05,199 [INFO] BlockDiagram:2775 - set Specific Code input for plugin: GPIO
2025-05-27 01:34:05,199 [INFO] BlockDiagram:2775 - set Specific Code input for plugin: PDM2PCM
2025-05-27 01:34:05,199 [INFO] CodeGenerator:882 - code generatio: config db path: C:\ST\STM32CubeIDE_1.16.1\STM32CubeIDE\plugins\com.st.stm32cube.common.mx_6.14.1.202504091515\\db\
2025-05-27 01:34:05,200 [WARN] IP:2250 - I2C_Coeff_DF not found: check if there is a RefParameter without a condition.
2025-05-27 01:34:05,201 [WARN] IP:2250 - Analog_Filter not found: check if there is a RefParameter without a condition.
2025-05-27 01:34:05,202 [INFO] Argument:325 - Argument : hdmavalue: null
2025-05-27 01:34:05,202 [INFO] Argument:327 - 	 sub Args: 
2025-05-27 01:34:05,202 [INFO] Argument:325 - Argument : Instancevalue: DMA1_Stream3
2025-05-27 01:34:05,202 [INFO] Argument:335 - Argument : Instancevalue: DMA1_Stream3
2025-05-27 01:34:05,202 [INFO] Argument:325 - Argument : Initvalue: null
2025-05-27 01:34:05,202 [INFO] Argument:327 - 	 sub Args: 
2025-05-27 01:34:05,203 [INFO] Argument:325 - Argument : Channelvalue: DMA_CHANNEL_0
2025-05-27 01:34:05,203 [INFO] Argument:335 - Argument : Channelvalue: DMA_CHANNEL_0
2025-05-27 01:34:05,203 [INFO] Argument:325 - Argument : Directionvalue: DMA_PERIPH_TO_MEMORY
2025-05-27 01:34:05,203 [INFO] Argument:335 - Argument : Directionvalue: DMA_PERIPH_TO_MEMORY
2025-05-27 01:34:05,203 [INFO] Argument:325 - Argument : PeriphIncvalue: DMA_PINC_DISABLE
2025-05-27 01:34:05,203 [INFO] Argument:335 - Argument : PeriphIncvalue: DMA_PINC_DISABLE
2025-05-27 01:34:05,203 [INFO] Argument:325 - Argument : MemIncvalue: DMA_MINC_ENABLE
2025-05-27 01:34:05,203 [INFO] Argument:335 - Argument : MemIncvalue: DMA_MINC_ENABLE
2025-05-27 01:34:05,203 [INFO] Argument:325 - Argument : PeriphDataAlignmentvalue: DMA_PDATAALIGN_HALFWORD
2025-05-27 01:34:05,203 [INFO] Argument:335 - Argument : PeriphDataAlignmentvalue: DMA_PDATAALIGN_HALFWORD
2025-05-27 01:34:05,203 [INFO] Argument:325 - Argument : MemDataAlignmentvalue: DMA_MDATAALIGN_HALFWORD
2025-05-27 01:34:05,203 [INFO] Argument:335 - Argument : MemDataAlignmentvalue: DMA_MDATAALIGN_HALFWORD
2025-05-27 01:34:05,203 [INFO] Argument:325 - Argument : Modevalue: DMA_CIRCULAR
2025-05-27 01:34:05,203 [INFO] Argument:335 - Argument : Modevalue: DMA_CIRCULAR
2025-05-27 01:34:05,203 [INFO] Argument:325 - Argument : Priorityvalue: DMA_PRIORITY_LOW
2025-05-27 01:34:05,203 [INFO] Argument:335 - Argument : Priorityvalue: DMA_PRIORITY_LOW
2025-05-27 01:34:05,203 [INFO] Argument:325 - Argument : FIFOModevalue: DMA_FIFOMODE_DISABLE
2025-05-27 01:34:05,203 [INFO] Argument:335 - Argument : FIFOModevalue: DMA_FIFOMODE_DISABLE
2025-05-27 01:34:05,203 [INFO] Argument:325 - Argument : FIFOThresholdvalue: null
2025-05-27 01:34:05,203 [INFO] Argument:335 - Argument : FIFOThresholdvalue: null
2025-05-27 01:34:05,203 [INFO] Argument:325 - Argument : MemBurstvalue: null
2025-05-27 01:34:05,203 [INFO] Argument:335 - Argument : MemBurstvalue: null
2025-05-27 01:34:05,203 [INFO] Argument:325 - Argument : PeriphBurstvalue: null
2025-05-27 01:34:05,203 [INFO] Argument:335 - Argument : PeriphBurstvalue: null
2025-05-27 01:34:05,203 [INFO] Argument:325 - Argument : Lockvalue: null
2025-05-27 01:34:05,203 [INFO] Argument:335 - Argument : Lockvalue: null
2025-05-27 01:34:05,203 [INFO] Argument:325 - Argument : Statevalue: null
2025-05-27 01:34:05,203 [INFO] Argument:335 - Argument : Statevalue: null
2025-05-27 01:34:05,203 [INFO] Argument:325 - Argument : Parentvalue: null
2025-05-27 01:34:05,203 [INFO] Argument:335 - Argument : Parentvalue: null
2025-05-27 01:34:05,203 [INFO] Argument:325 - Argument : XferCpltCallbackvalue: null
2025-05-27 01:34:05,203 [INFO] Argument:335 - Argument : XferCpltCallbackvalue: null
2025-05-27 01:34:05,203 [INFO] Argument:325 - Argument : XferHalfCpltCallbackvalue: null
2025-05-27 01:34:05,203 [INFO] Argument:335 - Argument : XferHalfCpltCallbackvalue: null
2025-05-27 01:34:05,203 [INFO] Argument:325 - Argument : XferM1CpltCallbackvalue: null
2025-05-27 01:34:05,204 [INFO] Argument:335 - Argument : XferM1CpltCallbackvalue: null
2025-05-27 01:34:05,204 [INFO] Argument:325 - Argument : XferErrorCallbackvalue: null
2025-05-27 01:34:05,204 [INFO] Argument:335 - Argument : XferErrorCallbackvalue: null
2025-05-27 01:34:05,204 [INFO] Argument:325 - Argument : ErrorCodevalue: null
2025-05-27 01:34:05,204 [INFO] Argument:335 - Argument : ErrorCodevalue: null
2025-05-27 01:34:05,288 [INFO] CodeEngine:263 - oldGeneratedFile, C:\Users\Tomas\STM32CubeIDE\workspace_1.16.1\HolaMundoFFTCMSIS5\PSD-construction-in-STM32F407G-DISC1\FFTplusMIC\MXTmpFiles\license.tmp_save
2025-05-27 01:34:05,346 [INFO] CodeEngine:287 - Generated code: C:\Users\Tomas\STM32CubeIDE\workspace_1.16.1\HolaMundoFFTCMSIS5\PSD-construction-in-STM32F407G-DISC1\FFTplusMIC\MXTmpFiles\license.tmp
2025-05-27 01:34:05,375 [INFO] CodeEngine:263 - oldGeneratedFile, C:\Users\Tomas\STM32CubeIDE\workspace_1.16.1\HolaMundoFFTCMSIS5\PSD-construction-in-STM32F407G-DISC1\FFTplusMIC\MXTmpFiles\gpio.tmp_save
2025-05-27 01:34:05,440 [INFO] CodeEngine:287 - Generated code: C:\Users\Tomas\STM32CubeIDE\workspace_1.16.1\HolaMundoFFTCMSIS5\PSD-construction-in-STM32F407G-DISC1\FFTplusMIC\MXTmpFiles\gpio.tmp
2025-05-27 01:34:05,828 [INFO] Middleware:1452 - No code input for Bsp Dependency
2025-05-27 01:34:05,846 [INFO] CodeEngine:263 - oldGeneratedFile, C:\Users\Tomas\STM32CubeIDE\workspace_1.16.1\HolaMundoFFTCMSIS5\PSD-construction-in-STM32F407G-DISC1\FFTplusMIC\MXTmpFiles\dma.tmp_save
2025-05-27 01:34:05,910 [INFO] CodeEngine:287 - Generated code: C:\Users\Tomas\STM32CubeIDE\workspace_1.16.1\HolaMundoFFTCMSIS5\PSD-construction-in-STM32F407G-DISC1\FFTplusMIC\MXTmpFiles\dma.tmp
2025-05-27 01:34:05,914 [INFO] CodeEngine:263 - oldGeneratedFile, C:\Users\Tomas\STM32CubeIDE\workspace_1.16.1\HolaMundoFFTCMSIS5\PSD-construction-in-STM32F407G-DISC1\FFTplusMIC\MXTmpFiles\dma_GV.tmp_save
2025-05-27 01:34:05,968 [INFO] CodeEngine:287 - Generated code: C:\Users\Tomas\STM32CubeIDE\workspace_1.16.1\HolaMundoFFTCMSIS5\PSD-construction-in-STM32F407G-DISC1\FFTplusMIC\MXTmpFiles\dma_GV.tmp
2025-05-27 01:34:05,975 [INFO] Middleware:1452 - No code input for Bsp Dependency
2025-05-27 01:34:05,988 [INFO] CodeEngine:263 - oldGeneratedFile, C:\Users\Tomas\STM32CubeIDE\workspace_1.16.1\HolaMundoFFTCMSIS5\PSD-construction-in-STM32F407G-DISC1\FFTplusMIC\PDM2PCM\App\pdm2pcm.c_save
2025-05-27 01:34:06,059 [INFO] CodeEngine:287 - Generated code: C:\Users\Tomas\STM32CubeIDE\workspace_1.16.1\HolaMundoFFTCMSIS5\PSD-construction-in-STM32F407G-DISC1\FFTplusMIC\PDM2PCM\App\pdm2pcm.c
2025-05-27 01:34:06,070 [INFO] CodeEngine:263 - oldGeneratedFile, C:\Users\Tomas\STM32CubeIDE\workspace_1.16.1\HolaMundoFFTCMSIS5\PSD-construction-in-STM32F407G-DISC1\FFTplusMIC\PDM2PCM\App\pdm2pcm.h_save
2025-05-27 01:34:06,136 [INFO] CodeEngine:287 - Generated code: C:\Users\Tomas\STM32CubeIDE\workspace_1.16.1\HolaMundoFFTCMSIS5\PSD-construction-in-STM32F407G-DISC1\FFTplusMIC\PDM2PCM\App\pdm2pcm.h
2025-05-27 01:34:06,159 [INFO] CodeEngine:263 - oldGeneratedFile, C:\Users\Tomas\STM32CubeIDE\workspace_1.16.1\HolaMundoFFTCMSIS5\PSD-construction-in-STM32F407G-DISC1\FFTplusMIC\Core\Src\stm32f4xx_it.c_save
2025-05-27 01:34:06,234 [INFO] CodeEngine:287 - Generated code: C:\Users\Tomas\STM32CubeIDE\workspace_1.16.1\HolaMundoFFTCMSIS5\PSD-construction-in-STM32F407G-DISC1\FFTplusMIC\Core\Src\stm32f4xx_it.c
2025-05-27 01:34:06,245 [INFO] CodeEngine:263 - oldGeneratedFile, C:\Users\Tomas\STM32CubeIDE\workspace_1.16.1\HolaMundoFFTCMSIS5\PSD-construction-in-STM32F407G-DISC1\FFTplusMIC\Core\Inc\stm32f4xx_it.h_save
2025-05-27 01:34:06,307 [INFO] CodeEngine:287 - Generated code: C:\Users\Tomas\STM32CubeIDE\workspace_1.16.1\HolaMundoFFTCMSIS5\PSD-construction-in-STM32F407G-DISC1\FFTplusMIC\Core\Inc\stm32f4xx_it.h
2025-05-27 01:34:06,333 [INFO] CodeEngine:263 - oldGeneratedFile, C:\Users\Tomas\STM32CubeIDE\workspace_1.16.1\HolaMundoFFTCMSIS5\PSD-construction-in-STM32F407G-DISC1\FFTplusMIC\Core\Src\stm32f4xx_hal_msp.c_save
2025-05-27 01:34:06,427 [INFO] CodeEngine:287 - Generated code: C:\Users\Tomas\STM32CubeIDE\workspace_1.16.1\HolaMundoFFTCMSIS5\PSD-construction-in-STM32F407G-DISC1\FFTplusMIC\Core\Src\stm32f4xx_hal_msp.c
2025-05-27 01:34:06,432 [INFO] CodeEngine:263 - oldGeneratedFile, C:\Users\Tomas\STM32CubeIDE\workspace_1.16.1\HolaMundoFFTCMSIS5\PSD-construction-in-STM32F407G-DISC1\FFTplusMIC\MXTmpFiles\system.tmp_save
2025-05-27 01:34:06,478 [INFO] CodeEngine:287 - Generated code: C:\Users\Tomas\STM32CubeIDE\workspace_1.16.1\HolaMundoFFTCMSIS5\PSD-construction-in-STM32F407G-DISC1\FFTplusMIC\MXTmpFiles\system.tmp
2025-05-27 01:34:06,493 [INFO] CodeEngine:319 - oldGeneratedFile, C:\Users\Tomas\STM32CubeIDE\workspace_1.16.1\HolaMundoFFTCMSIS5\PSD-construction-in-STM32F407G-DISC1\FFTplusMIC\Core\Inc\stm32f4xx_hal_conf.h_save
2025-05-27 01:34:06,559 [INFO] CodeEngine:343 - Generated code: C:\Users\Tomas\STM32CubeIDE\workspace_1.16.1\HolaMundoFFTCMSIS5\PSD-construction-in-STM32F407G-DISC1\FFTplusMIC\Core\Inc\stm32f4xx_hal_conf.h
2025-05-27 01:34:06,591 [INFO] CodeEngine:263 - oldGeneratedFile, C:\Users\Tomas\STM32CubeIDE\workspace_1.16.1\HolaMundoFFTCMSIS5\PSD-construction-in-STM32F407G-DISC1\FFTplusMIC\Core\Inc\main.h_save
2025-05-27 01:34:06,648 [INFO] CodeEngine:287 - Generated code: C:\Users\Tomas\STM32CubeIDE\workspace_1.16.1\HolaMundoFFTCMSIS5\PSD-construction-in-STM32F407G-DISC1\FFTplusMIC\Core\Inc\main.h
2025-05-27 01:34:06,656 [INFO] CodeEngine:263 - oldGeneratedFile, C:\Users\Tomas\STM32CubeIDE\workspace_1.16.1\HolaMundoFFTCMSIS5\PSD-construction-in-STM32F407G-DISC1\FFTplusMIC\Core\Src\main.c_save
2025-05-27 01:34:06,758 [INFO] CodeEngine:287 - Generated code: C:\Users\Tomas\STM32CubeIDE\workspace_1.16.1\HolaMundoFFTCMSIS5\PSD-construction-in-STM32F407G-DISC1\FFTplusMIC\Core\Src\main.c
2025-05-27 01:34:07,354 [INFO] ProjectBuilder:3324 - Time for Copy HAL[1] : 310mS.
2025-05-27 01:34:07,361 [INFO] ProjectBuilder:4912 - Project Generator version: 4.6.0.1-B1
2025-05-27 01:34:07,452 [INFO] ConfigFileManager:1590 - The Die is : DIE413
2025-05-27 01:34:11,334 [INFO] ProjectBuilder:5191 - Time for Generating toolchain IDE Files: 3973mS.
2025-05-27 01:34:11,335 [INFO] ProjectBuilder:3181 - Time for Copy CMSIS : 0mS.
2025-05-27 01:34:11,344 [INFO] ProjectBuilder:3181 - Time for Copy CMSIS : 0mS.
2025-05-27 01:53:30,363 [INFO] I2sManager:658 - 9.6E7
2025-05-27 01:53:30,363 [INFO] I2sManager:195 - I2S Clock Value : 9.6E7
2025-05-27 01:53:30,364 [INFO] I2sManager:553 - AudioClock : 8000Divider : 187Odd : 1
2025-05-27 01:53:30,450 [INFO] I2sManager:658 - 9.6E7
2025-05-27 01:53:30,450 [INFO] I2sManager:195 - I2S Clock Value : 9.6E7
2025-05-27 01:53:30,451 [INFO] I2sManager:553 - AudioClock : 8000Divider : 187Odd : 1
2025-05-27 01:53:35,688 [INFO] I2sManager:658 - 9.6E7
2025-05-27 01:53:35,688 [INFO] I2sManager:195 - I2S Clock Value : 9.6E7
2025-05-27 01:53:35,688 [INFO] I2sManager:553 - AudioClock : 31914Divider : 47Odd : 0
2025-05-27 01:53:35,732 [INFO] I2sManager:658 - 9.6E7
2025-05-27 01:53:35,732 [INFO] I2sManager:195 - I2S Clock Value : 9.6E7
2025-05-27 01:53:35,733 [INFO] I2sManager:553 - AudioClock : 31914Divider : 47Odd : 0
2025-05-27 01:53:38,284 [INFO] NvicIntPanel:101 - NVIC parent = com.st.microxplorer.plugins.ip.nvic.MultiNvicIntPanel[,0,0,468x406,layout=javax.swing.BoxLayout,alignmentX=0.0,alignmentY=0.0,border=,flags=9,maximumSize=,minimumSize=,preferredSize=]
2025-05-27 01:53:40,502 [INFO] NvicIntPanel:101 - NVIC parent = com.st.microxplorer.plugins.ip.nvic.MultiNvicIntPanel[,0,0,0x0,invalid,layout=javax.swing.BoxLayout,alignmentX=0.0,alignmentY=0.0,border=,flags=9,maximumSize=,minimumSize=,preferredSize=]
2025-05-27 01:53:47,462 [INFO] NvicIntPanel:101 - NVIC parent = com.st.microxplorer.plugins.ip.nvic.MultiNvicIntPanel[,0,0,0x0,invalid,layout=javax.swing.BoxLayout,alignmentX=0.0,alignmentY=0.0,border=,flags=9,maximumSize=,minimumSize=,preferredSize=]
2025-05-27 01:53:49,515 [INFO] NvicIntPanel:101 - NVIC parent = com.st.microxplorer.plugins.ip.nvic.MultiNvicIntPanel[,0,0,0x0,invalid,layout=javax.swing.BoxLayout,alignmentX=0.0,alignmentY=0.0,border=,flags=9,maximumSize=,minimumSize=,preferredSize=]
2025-05-27 01:53:53,235 [INFO] NvicIntPanel:101 - NVIC parent = com.st.microxplorer.plugins.ip.nvic.MultiNvicIntPanel[,0,0,0x0,invalid,layout=javax.swing.BoxLayout,alignmentX=0.0,alignmentY=0.0,border=,flags=9,maximumSize=,minimumSize=,preferredSize=]
2025-05-27 01:54:06,284 [WARN] IP:2250 - I2C_Coeff_DF not found: check if there is a RefParameter without a condition.
2025-05-27 01:54:06,285 [WARN] IP:2250 - Analog_Filter not found: check if there is a RefParameter without a condition.
2025-05-27 01:54:13,365 [INFO] UtilMem:75 - End SaveConfig() Used Memory: 768450360 Bytes (911212544)
2025-05-27 01:54:13,461 [INFO] UtilMem:75 - End SaveConfig() Used Memory: 792045368 Bytes (911212544)
2025-05-27 01:54:14,344 [INFO] UtilMem:75 - End SaveConfig() Used Memory: 386679392 Bytes (911212544)
2025-05-27 01:54:14,688 [INFO] BlockDiagram:2775 - set Specific Code input for plugin: SPI
2025-05-27 01:54:14,689 [INFO] BlockDiagram:2775 - set Specific Code input for plugin: I2S
2025-05-27 01:54:14,689 [INFO] BlockDiagram:2775 - set Specific Code input for plugin: I2S
2025-05-27 01:54:14,689 [INFO] BlockDiagram:2775 - set Specific Code input for plugin: SYS
2025-05-27 01:54:14,689 [INFO] BlockDiagram:2775 - set Specific Code input for plugin: RCC
2025-05-27 01:54:14,689 [INFO] BlockDiagram:2775 - set Specific Code input for plugin: CRC
2025-05-27 01:54:14,689 [INFO] BlockDiagram:2775 - set Specific Code input for plugin: I2C
2025-05-27 01:54:14,689 [INFO] BlockDiagram:2775 - set Specific Code input for plugin: NVIC
2025-05-27 01:54:14,689 [INFO] BlockDiagram:2775 - set Specific Code input for plugin: USART
2025-05-27 01:54:14,689 [INFO] BlockDiagram:2775 - set Specific Code input for plugin: DMA
2025-05-27 01:54:14,689 [INFO] BlockDiagram:2775 - set Specific Code input for plugin: GPIO
2025-05-27 01:54:14,689 [INFO] BlockDiagram:2775 - set Specific Code input for plugin: PDM2PCM
2025-05-27 01:54:14,690 [INFO] CodeGenerator:882 - code generatio: config db path: C:\ST\STM32CubeIDE_1.16.1\STM32CubeIDE\plugins\com.st.stm32cube.common.mx_6.14.1.202504091515\\db\
2025-05-27 01:54:14,691 [WARN] IP:2250 - I2C_Coeff_DF not found: check if there is a RefParameter without a condition.
2025-05-27 01:54:14,691 [WARN] IP:2250 - Analog_Filter not found: check if there is a RefParameter without a condition.
2025-05-27 01:54:14,693 [INFO] Argument:325 - Argument : hdmavalue: null
2025-05-27 01:54:14,693 [INFO] Argument:327 - 	 sub Args: 
2025-05-27 01:54:14,693 [INFO] Argument:325 - Argument : Instancevalue: DMA1_Stream3
2025-05-27 01:54:14,693 [INFO] Argument:335 - Argument : Instancevalue: DMA1_Stream3
2025-05-27 01:54:14,693 [INFO] Argument:325 - Argument : Initvalue: null
2025-05-27 01:54:14,693 [INFO] Argument:327 - 	 sub Args: 
2025-05-27 01:54:14,693 [INFO] Argument:325 - Argument : Channelvalue: DMA_CHANNEL_0
2025-05-27 01:54:14,693 [INFO] Argument:335 - Argument : Channelvalue: DMA_CHANNEL_0
2025-05-27 01:54:14,693 [INFO] Argument:325 - Argument : Directionvalue: DMA_PERIPH_TO_MEMORY
2025-05-27 01:54:14,693 [INFO] Argument:335 - Argument : Directionvalue: DMA_PERIPH_TO_MEMORY
2025-05-27 01:54:14,693 [INFO] Argument:325 - Argument : PeriphIncvalue: DMA_PINC_DISABLE
2025-05-27 01:54:14,693 [INFO] Argument:335 - Argument : PeriphIncvalue: DMA_PINC_DISABLE
2025-05-27 01:54:14,693 [INFO] Argument:325 - Argument : MemIncvalue: DMA_MINC_ENABLE
2025-05-27 01:54:14,693 [INFO] Argument:335 - Argument : MemIncvalue: DMA_MINC_ENABLE
2025-05-27 01:54:14,693 [INFO] Argument:325 - Argument : PeriphDataAlignmentvalue: DMA_PDATAALIGN_HALFWORD
2025-05-27 01:54:14,693 [INFO] Argument:335 - Argument : PeriphDataAlignmentvalue: DMA_PDATAALIGN_HALFWORD
2025-05-27 01:54:14,693 [INFO] Argument:325 - Argument : MemDataAlignmentvalue: DMA_MDATAALIGN_HALFWORD
2025-05-27 01:54:14,693 [INFO] Argument:335 - Argument : MemDataAlignmentvalue: DMA_MDATAALIGN_HALFWORD
2025-05-27 01:54:14,693 [INFO] Argument:325 - Argument : Modevalue: DMA_CIRCULAR
2025-05-27 01:54:14,693 [INFO] Argument:335 - Argument : Modevalue: DMA_CIRCULAR
2025-05-27 01:54:14,693 [INFO] Argument:325 - Argument : Priorityvalue: DMA_PRIORITY_LOW
2025-05-27 01:54:14,693 [INFO] Argument:335 - Argument : Priorityvalue: DMA_PRIORITY_LOW
2025-05-27 01:54:14,693 [INFO] Argument:325 - Argument : FIFOModevalue: DMA_FIFOMODE_DISABLE
2025-05-27 01:54:14,693 [INFO] Argument:335 - Argument : FIFOModevalue: DMA_FIFOMODE_DISABLE
2025-05-27 01:54:14,693 [INFO] Argument:325 - Argument : FIFOThresholdvalue: null
2025-05-27 01:54:14,693 [INFO] Argument:335 - Argument : FIFOThresholdvalue: null
2025-05-27 01:54:14,693 [INFO] Argument:325 - Argument : MemBurstvalue: null
2025-05-27 01:54:14,693 [INFO] Argument:335 - Argument : MemBurstvalue: null
2025-05-27 01:54:14,693 [INFO] Argument:325 - Argument : PeriphBurstvalue: null
2025-05-27 01:54:14,693 [INFO] Argument:335 - Argument : PeriphBurstvalue: null
2025-05-27 01:54:14,693 [INFO] Argument:325 - Argument : Lockvalue: null
2025-05-27 01:54:14,693 [INFO] Argument:335 - Argument : Lockvalue: null
2025-05-27 01:54:14,693 [INFO] Argument:325 - Argument : Statevalue: null
2025-05-27 01:54:14,693 [INFO] Argument:335 - Argument : Statevalue: null
2025-05-27 01:54:14,693 [INFO] Argument:325 - Argument : Parentvalue: null
2025-05-27 01:54:14,693 [INFO] Argument:335 - Argument : Parentvalue: null
2025-05-27 01:54:14,693 [INFO] Argument:325 - Argument : XferCpltCallbackvalue: null
2025-05-27 01:54:14,693 [INFO] Argument:335 - Argument : XferCpltCallbackvalue: null
2025-05-27 01:54:14,693 [INFO] Argument:325 - Argument : XferHalfCpltCallbackvalue: null
2025-05-27 01:54:14,693 [INFO] Argument:335 - Argument : XferHalfCpltCallbackvalue: null
2025-05-27 01:54:14,693 [INFO] Argument:325 - Argument : XferM1CpltCallbackvalue: null
2025-05-27 01:54:14,693 [INFO] Argument:335 - Argument : XferM1CpltCallbackvalue: null
2025-05-27 01:54:14,693 [INFO] Argument:325 - Argument : XferErrorCallbackvalue: null
2025-05-27 01:54:14,693 [INFO] Argument:335 - Argument : XferErrorCallbackvalue: null
2025-05-27 01:54:14,693 [INFO] Argument:325 - Argument : ErrorCodevalue: null
2025-05-27 01:54:14,693 [INFO] Argument:335 - Argument : ErrorCodevalue: null
2025-05-27 01:54:14,757 [INFO] CodeEngine:263 - oldGeneratedFile, C:\Users\Tomas\STM32CubeIDE\workspace_1.16.1\HolaMundoFFTCMSIS5\PSD-construction-in-STM32F407G-DISC1\FFTplusMIC\MXTmpFiles\license.tmp_save
2025-05-27 01:54:15,001 [INFO] CodeEngine:287 - Generated code: C:\Users\Tomas\STM32CubeIDE\workspace_1.16.1\HolaMundoFFTCMSIS5\PSD-construction-in-STM32F407G-DISC1\FFTplusMIC\MXTmpFiles\license.tmp
2025-05-27 01:54:15,049 [INFO] CodeEngine:263 - oldGeneratedFile, C:\Users\Tomas\STM32CubeIDE\workspace_1.16.1\HolaMundoFFTCMSIS5\PSD-construction-in-STM32F407G-DISC1\FFTplusMIC\MXTmpFiles\gpio.tmp_save
2025-05-27 01:54:15,170 [INFO] CodeEngine:287 - Generated code: C:\Users\Tomas\STM32CubeIDE\workspace_1.16.1\HolaMundoFFTCMSIS5\PSD-construction-in-STM32F407G-DISC1\FFTplusMIC\MXTmpFiles\gpio.tmp
2025-05-27 01:54:15,549 [INFO] Middleware:1452 - No code input for Bsp Dependency
2025-05-27 01:54:15,580 [INFO] CodeEngine:263 - oldGeneratedFile, C:\Users\Tomas\STM32CubeIDE\workspace_1.16.1\HolaMundoFFTCMSIS5\PSD-construction-in-STM32F407G-DISC1\FFTplusMIC\MXTmpFiles\dma.tmp_save
2025-05-27 01:54:15,655 [INFO] CodeEngine:287 - Generated code: C:\Users\Tomas\STM32CubeIDE\workspace_1.16.1\HolaMundoFFTCMSIS5\PSD-construction-in-STM32F407G-DISC1\FFTplusMIC\MXTmpFiles\dma.tmp
2025-05-27 01:54:15,659 [INFO] CodeEngine:263 - oldGeneratedFile, C:\Users\Tomas\STM32CubeIDE\workspace_1.16.1\HolaMundoFFTCMSIS5\PSD-construction-in-STM32F407G-DISC1\FFTplusMIC\MXTmpFiles\dma_GV.tmp_save
2025-05-27 01:54:15,734 [INFO] CodeEngine:287 - Generated code: C:\Users\Tomas\STM32CubeIDE\workspace_1.16.1\HolaMundoFFTCMSIS5\PSD-construction-in-STM32F407G-DISC1\FFTplusMIC\MXTmpFiles\dma_GV.tmp
2025-05-27 01:54:15,741 [INFO] Middleware:1452 - No code input for Bsp Dependency
2025-05-27 01:54:15,754 [INFO] CodeEngine:263 - oldGeneratedFile, C:\Users\Tomas\STM32CubeIDE\workspace_1.16.1\HolaMundoFFTCMSIS5\PSD-construction-in-STM32F407G-DISC1\FFTplusMIC\PDM2PCM\App\pdm2pcm.c_save
2025-05-27 01:54:15,868 [INFO] CodeEngine:287 - Generated code: C:\Users\Tomas\STM32CubeIDE\workspace_1.16.1\HolaMundoFFTCMSIS5\PSD-construction-in-STM32F407G-DISC1\FFTplusMIC\PDM2PCM\App\pdm2pcm.c
2025-05-27 01:54:15,878 [INFO] CodeEngine:263 - oldGeneratedFile, C:\Users\Tomas\STM32CubeIDE\workspace_1.16.1\HolaMundoFFTCMSIS5\PSD-construction-in-STM32F407G-DISC1\FFTplusMIC\PDM2PCM\App\pdm2pcm.h_save
2025-05-27 01:54:15,955 [INFO] CodeEngine:287 - Generated code: C:\Users\Tomas\STM32CubeIDE\workspace_1.16.1\HolaMundoFFTCMSIS5\PSD-construction-in-STM32F407G-DISC1\FFTplusMIC\PDM2PCM\App\pdm2pcm.h
2025-05-27 01:54:15,983 [INFO] CodeEngine:263 - oldGeneratedFile, C:\Users\Tomas\STM32CubeIDE\workspace_1.16.1\HolaMundoFFTCMSIS5\PSD-construction-in-STM32F407G-DISC1\FFTplusMIC\Core\Src\stm32f4xx_it.c_save
2025-05-27 01:54:16,218 [INFO] CodeEngine:287 - Generated code: C:\Users\Tomas\STM32CubeIDE\workspace_1.16.1\HolaMundoFFTCMSIS5\PSD-construction-in-STM32F407G-DISC1\FFTplusMIC\Core\Src\stm32f4xx_it.c
2025-05-27 01:54:16,230 [INFO] CodeEngine:263 - oldGeneratedFile, C:\Users\Tomas\STM32CubeIDE\workspace_1.16.1\HolaMundoFFTCMSIS5\PSD-construction-in-STM32F407G-DISC1\FFTplusMIC\Core\Inc\stm32f4xx_it.h_save
2025-05-27 01:54:16,297 [INFO] CodeEngine:287 - Generated code: C:\Users\Tomas\STM32CubeIDE\workspace_1.16.1\HolaMundoFFTCMSIS5\PSD-construction-in-STM32F407G-DISC1\FFTplusMIC\Core\Inc\stm32f4xx_it.h
2025-05-27 01:54:16,317 [INFO] CodeEngine:263 - oldGeneratedFile, C:\Users\Tomas\STM32CubeIDE\workspace_1.16.1\HolaMundoFFTCMSIS5\PSD-construction-in-STM32F407G-DISC1\FFTplusMIC\Core\Src\stm32f4xx_hal_msp.c_save
2025-05-27 01:54:16,428 [INFO] CodeEngine:287 - Generated code: C:\Users\Tomas\STM32CubeIDE\workspace_1.16.1\HolaMundoFFTCMSIS5\PSD-construction-in-STM32F407G-DISC1\FFTplusMIC\Core\Src\stm32f4xx_hal_msp.c
2025-05-27 01:54:16,435 [INFO] CodeEngine:263 - oldGeneratedFile, C:\Users\Tomas\STM32CubeIDE\workspace_1.16.1\HolaMundoFFTCMSIS5\PSD-construction-in-STM32F407G-DISC1\FFTplusMIC\MXTmpFiles\system.tmp_save
2025-05-27 01:54:16,493 [INFO] CodeEngine:287 - Generated code: C:\Users\Tomas\STM32CubeIDE\workspace_1.16.1\HolaMundoFFTCMSIS5\PSD-construction-in-STM32F407G-DISC1\FFTplusMIC\MXTmpFiles\system.tmp
2025-05-27 01:54:16,512 [INFO] CodeEngine:319 - oldGeneratedFile, C:\Users\Tomas\STM32CubeIDE\workspace_1.16.1\HolaMundoFFTCMSIS5\PSD-construction-in-STM32F407G-DISC1\FFTplusMIC\Core\Inc\stm32f4xx_hal_conf.h_save
2025-05-27 01:54:16,588 [INFO] CodeEngine:343 - Generated code: C:\Users\Tomas\STM32CubeIDE\workspace_1.16.1\HolaMundoFFTCMSIS5\PSD-construction-in-STM32F407G-DISC1\FFTplusMIC\Core\Inc\stm32f4xx_hal_conf.h
2025-05-27 01:54:16,617 [INFO] ApiDbMcu:508 - Load IP Config File for I2S3
2025-05-27 01:54:16,630 [INFO] CodeEngine:263 - oldGeneratedFile, C:\Users\Tomas\STM32CubeIDE\workspace_1.16.1\HolaMundoFFTCMSIS5\PSD-construction-in-STM32F407G-DISC1\FFTplusMIC\Core\Inc\main.h_save
2025-05-27 01:54:16,694 [INFO] CodeEngine:287 - Generated code: C:\Users\Tomas\STM32CubeIDE\workspace_1.16.1\HolaMundoFFTCMSIS5\PSD-construction-in-STM32F407G-DISC1\FFTplusMIC\Core\Inc\main.h
2025-05-27 01:54:16,701 [INFO] CodeEngine:263 - oldGeneratedFile, C:\Users\Tomas\STM32CubeIDE\workspace_1.16.1\HolaMundoFFTCMSIS5\PSD-construction-in-STM32F407G-DISC1\FFTplusMIC\Core\Src\main.c_save
2025-05-27 01:54:16,804 [INFO] CodeEngine:287 - Generated code: C:\Users\Tomas\STM32CubeIDE\workspace_1.16.1\HolaMundoFFTCMSIS5\PSD-construction-in-STM32F407G-DISC1\FFTplusMIC\Core\Src\main.c
2025-05-27 01:54:17,185 [INFO] ProjectBuilder:3324 - Time for Copy HAL[1] : 211mS.
2025-05-27 01:54:17,190 [INFO] ProjectBuilder:4912 - Project Generator version: 4.6.0.1-B1
2025-05-27 01:54:17,253 [INFO] ConfigFileManager:1590 - The Die is : DIE413
2025-05-27 01:54:19,842 [INFO] ProjectBuilder:5191 - Time for Generating toolchain IDE Files: 2652mS.
2025-05-27 01:54:19,844 [INFO] ProjectBuilder:3181 - Time for Copy CMSIS : 1mS.
2025-05-27 01:54:19,851 [INFO] ProjectBuilder:3181 - Time for Copy CMSIS : 0mS.
2025-05-27 02:01:48,568 [INFO] NvicIntPanel:101 - NVIC parent = com.st.microxplorer.plugins.ip.nvic.MultiNvicIntPanel[,0,0,468x406,layout=javax.swing.BoxLayout,alignmentX=0.0,alignmentY=0.0,border=,flags=9,maximumSize=,minimumSize=,preferredSize=]
2025-05-27 02:04:44,773 [INFO] I2sManager:658 - 9.6E7
2025-05-27 02:04:44,773 [INFO] I2sManager:195 - I2S Clock Value : 9.6E7
2025-05-27 02:04:44,774 [INFO] I2sManager:553 - AudioClock : 31914Divider : 47Odd : 0
2025-05-27 02:04:44,922 [INFO] NvicIntPanel:101 - NVIC parent = com.st.microxplorer.plugins.ip.nvic.MultiNvicIntPanel[,0,0,0x0,invalid,layout=javax.swing.BoxLayout,alignmentX=0.0,alignmentY=0.0,border=,flags=9,maximumSize=,minimumSize=,preferredSize=]
2025-05-27 02:08:06,551 [INFO] UtilMem:75 - End SaveConfig() Used Memory: 605223744 Bytes (911212544)
2025-05-27 02:08:06,672 [INFO] UtilMem:75 - End SaveConfig() Used Memory: 628818752 Bytes (911212544)
2025-05-27 02:08:07,550 [INFO] UtilMem:75 - End SaveConfig() Used Memory: 732101440 Bytes (911212544)
2025-05-27 02:08:07,992 [INFO] BlockDiagram:2775 - set Specific Code input for plugin: SPI
2025-05-27 02:08:07,992 [INFO] BlockDiagram:2775 - set Specific Code input for plugin: I2S
2025-05-27 02:08:07,992 [INFO] BlockDiagram:2775 - set Specific Code input for plugin: I2S
2025-05-27 02:08:07,993 [INFO] BlockDiagram:2775 - set Specific Code input for plugin: SYS
2025-05-27 02:08:07,993 [INFO] BlockDiagram:2775 - set Specific Code input for plugin: RCC
2025-05-27 02:08:07,993 [INFO] BlockDiagram:2775 - set Specific Code input for plugin: CRC
2025-05-27 02:08:07,993 [INFO] BlockDiagram:2775 - set Specific Code input for plugin: I2C
2025-05-27 02:08:07,993 [INFO] BlockDiagram:2775 - set Specific Code input for plugin: NVIC
2025-05-27 02:08:07,993 [INFO] BlockDiagram:2775 - set Specific Code input for plugin: USART
2025-05-27 02:08:07,993 [INFO] BlockDiagram:2775 - set Specific Code input for plugin: DMA
2025-05-27 02:08:07,994 [INFO] BlockDiagram:2775 - set Specific Code input for plugin: GPIO
2025-05-27 02:08:07,994 [INFO] BlockDiagram:2775 - set Specific Code input for plugin: PDM2PCM
2025-05-27 02:08:07,995 [INFO] CodeGenerator:882 - code generatio: config db path: C:\ST\STM32CubeIDE_1.16.1\STM32CubeIDE\plugins\com.st.stm32cube.common.mx_6.14.1.202504091515\\db\
2025-05-27 02:08:07,997 [WARN] IP:2250 - I2C_Coeff_DF not found: check if there is a RefParameter without a condition.
2025-05-27 02:08:07,998 [WARN] IP:2250 - Analog_Filter not found: check if there is a RefParameter without a condition.
2025-05-27 02:08:08,001 [INFO] Argument:325 - Argument : hdmavalue: null
2025-05-27 02:08:08,001 [INFO] Argument:327 - 	 sub Args: 
2025-05-27 02:08:08,002 [INFO] Argument:325 - Argument : Instancevalue: DMA1_Stream3
2025-05-27 02:08:08,002 [INFO] Argument:335 - Argument : Instancevalue: DMA1_Stream3
2025-05-27 02:08:08,002 [INFO] Argument:325 - Argument : Initvalue: null
2025-05-27 02:08:08,002 [INFO] Argument:327 - 	 sub Args: 
2025-05-27 02:08:08,002 [INFO] Argument:325 - Argument : Channelvalue: DMA_CHANNEL_0
2025-05-27 02:08:08,002 [INFO] Argument:335 - Argument : Channelvalue: DMA_CHANNEL_0
2025-05-27 02:08:08,002 [INFO] Argument:325 - Argument : Directionvalue: DMA_PERIPH_TO_MEMORY
2025-05-27 02:08:08,002 [INFO] Argument:335 - Argument : Directionvalue: DMA_PERIPH_TO_MEMORY
2025-05-27 02:08:08,002 [INFO] Argument:325 - Argument : PeriphIncvalue: DMA_PINC_DISABLE
2025-05-27 02:08:08,002 [INFO] Argument:335 - Argument : PeriphIncvalue: DMA_PINC_DISABLE
2025-05-27 02:08:08,002 [INFO] Argument:325 - Argument : MemIncvalue: DMA_MINC_ENABLE
2025-05-27 02:08:08,002 [INFO] Argument:335 - Argument : MemIncvalue: DMA_MINC_ENABLE
2025-05-27 02:08:08,002 [INFO] Argument:325 - Argument : PeriphDataAlignmentvalue: DMA_PDATAALIGN_HALFWORD
2025-05-27 02:08:08,002 [INFO] Argument:335 - Argument : PeriphDataAlignmentvalue: DMA_PDATAALIGN_HALFWORD
2025-05-27 02:08:08,003 [INFO] Argument:325 - Argument : MemDataAlignmentvalue: DMA_MDATAALIGN_HALFWORD
2025-05-27 02:08:08,003 [INFO] Argument:335 - Argument : MemDataAlignmentvalue: DMA_MDATAALIGN_HALFWORD
2025-05-27 02:08:08,003 [INFO] Argument:325 - Argument : Modevalue: DMA_CIRCULAR
2025-05-27 02:08:08,003 [INFO] Argument:335 - Argument : Modevalue: DMA_CIRCULAR
2025-05-27 02:08:08,003 [INFO] Argument:325 - Argument : Priorityvalue: DMA_PRIORITY_LOW
2025-05-27 02:08:08,003 [INFO] Argument:335 - Argument : Priorityvalue: DMA_PRIORITY_LOW
2025-05-27 02:08:08,003 [INFO] Argument:325 - Argument : FIFOModevalue: DMA_FIFOMODE_DISABLE
2025-05-27 02:08:08,003 [INFO] Argument:335 - Argument : FIFOModevalue: DMA_FIFOMODE_DISABLE
2025-05-27 02:08:08,003 [INFO] Argument:325 - Argument : FIFOThresholdvalue: null
2025-05-27 02:08:08,003 [INFO] Argument:335 - Argument : FIFOThresholdvalue: null
2025-05-27 02:08:08,003 [INFO] Argument:325 - Argument : MemBurstvalue: null
2025-05-27 02:08:08,003 [INFO] Argument:335 - Argument : MemBurstvalue: null
2025-05-27 02:08:08,003 [INFO] Argument:325 - Argument : PeriphBurstvalue: null
2025-05-27 02:08:08,003 [INFO] Argument:335 - Argument : PeriphBurstvalue: null
2025-05-27 02:08:08,003 [INFO] Argument:325 - Argument : Lockvalue: null
2025-05-27 02:08:08,004 [INFO] Argument:335 - Argument : Lockvalue: null
2025-05-27 02:08:08,004 [INFO] Argument:325 - Argument : Statevalue: null
2025-05-27 02:08:08,004 [INFO] Argument:335 - Argument : Statevalue: null
2025-05-27 02:08:08,004 [INFO] Argument:325 - Argument : Parentvalue: null
2025-05-27 02:08:08,004 [INFO] Argument:335 - Argument : Parentvalue: null
2025-05-27 02:08:08,004 [INFO] Argument:325 - Argument : XferCpltCallbackvalue: null
2025-05-27 02:08:08,004 [INFO] Argument:335 - Argument : XferCpltCallbackvalue: null
2025-05-27 02:08:08,004 [INFO] Argument:325 - Argument : XferHalfCpltCallbackvalue: null
2025-05-27 02:08:08,004 [INFO] Argument:335 - Argument : XferHalfCpltCallbackvalue: null
2025-05-27 02:08:08,004 [INFO] Argument:325 - Argument : XferM1CpltCallbackvalue: null
2025-05-27 02:08:08,004 [INFO] Argument:335 - Argument : XferM1CpltCallbackvalue: null
2025-05-27 02:08:08,004 [INFO] Argument:325 - Argument : XferErrorCallbackvalue: null
2025-05-27 02:08:08,004 [INFO] Argument:335 - Argument : XferErrorCallbackvalue: null
2025-05-27 02:08:08,004 [INFO] Argument:325 - Argument : ErrorCodevalue: null
2025-05-27 02:08:08,004 [INFO] Argument:335 - Argument : ErrorCodevalue: null
2025-05-27 02:08:08,007 [INFO] Argument:325 - Argument : hdmavalue: null
2025-05-27 02:08:08,008 [INFO] Argument:327 - 	 sub Args: 
2025-05-27 02:08:08,008 [INFO] Argument:325 - Argument : Instancevalue: DMA1_Stream5
2025-05-27 02:08:08,008 [INFO] Argument:335 - Argument : Instancevalue: DMA1_Stream5
2025-05-27 02:08:08,008 [INFO] Argument:325 - Argument : Initvalue: null
2025-05-27 02:08:08,008 [INFO] Argument:327 - 	 sub Args: 
2025-05-27 02:08:08,008 [INFO] Argument:325 - Argument : Channelvalue: DMA_CHANNEL_0
2025-05-27 02:08:08,008 [INFO] Argument:335 - Argument : Channelvalue: DMA_CHANNEL_0
2025-05-27 02:08:08,008 [INFO] Argument:325 - Argument : Directionvalue: DMA_MEMORY_TO_PERIPH
2025-05-27 02:08:08,009 [INFO] Argument:335 - Argument : Directionvalue: DMA_MEMORY_TO_PERIPH
2025-05-27 02:08:08,009 [INFO] Argument:325 - Argument : PeriphIncvalue: DMA_PINC_DISABLE
2025-05-27 02:08:08,009 [INFO] Argument:335 - Argument : PeriphIncvalue: DMA_PINC_DISABLE
2025-05-27 02:08:08,009 [INFO] Argument:325 - Argument : MemIncvalue: DMA_MINC_ENABLE
2025-05-27 02:08:08,009 [INFO] Argument:335 - Argument : MemIncvalue: DMA_MINC_ENABLE
2025-05-27 02:08:08,009 [INFO] Argument:325 - Argument : PeriphDataAlignmentvalue: DMA_PDATAALIGN_HALFWORD
2025-05-27 02:08:08,009 [INFO] Argument:335 - Argument : PeriphDataAlignmentvalue: DMA_PDATAALIGN_HALFWORD
2025-05-27 02:08:08,009 [INFO] Argument:325 - Argument : MemDataAlignmentvalue: DMA_MDATAALIGN_HALFWORD
2025-05-27 02:08:08,009 [INFO] Argument:335 - Argument : MemDataAlignmentvalue: DMA_MDATAALIGN_HALFWORD
2025-05-27 02:08:08,009 [INFO] Argument:325 - Argument : Modevalue: DMA_CIRCULAR
2025-05-27 02:08:08,009 [INFO] Argument:335 - Argument : Modevalue: DMA_CIRCULAR
2025-05-27 02:08:08,009 [INFO] Argument:325 - Argument : Priorityvalue: DMA_PRIORITY_LOW
2025-05-27 02:08:08,009 [INFO] Argument:335 - Argument : Priorityvalue: DMA_PRIORITY_LOW
2025-05-27 02:08:08,010 [INFO] Argument:325 - Argument : FIFOModevalue: DMA_FIFOMODE_DISABLE
2025-05-27 02:08:08,010 [INFO] Argument:335 - Argument : FIFOModevalue: DMA_FIFOMODE_DISABLE
2025-05-27 02:08:08,010 [INFO] Argument:325 - Argument : FIFOThresholdvalue: null
2025-05-27 02:08:08,010 [INFO] Argument:335 - Argument : FIFOThresholdvalue: null
2025-05-27 02:08:08,010 [INFO] Argument:325 - Argument : MemBurstvalue: null
2025-05-27 02:08:08,010 [INFO] Argument:335 - Argument : MemBurstvalue: null
2025-05-27 02:08:08,010 [INFO] Argument:325 - Argument : PeriphBurstvalue: null
2025-05-27 02:08:08,010 [INFO] Argument:335 - Argument : PeriphBurstvalue: null
2025-05-27 02:08:08,010 [INFO] Argument:325 - Argument : Lockvalue: null
2025-05-27 02:08:08,010 [INFO] Argument:335 - Argument : Lockvalue: null
2025-05-27 02:08:08,010 [INFO] Argument:325 - Argument : Statevalue: null
2025-05-27 02:08:08,010 [INFO] Argument:335 - Argument : Statevalue: null
2025-05-27 02:08:08,010 [INFO] Argument:325 - Argument : Parentvalue: null
2025-05-27 02:08:08,010 [INFO] Argument:335 - Argument : Parentvalue: null
2025-05-27 02:08:08,010 [INFO] Argument:325 - Argument : XferCpltCallbackvalue: null
2025-05-27 02:08:08,011 [INFO] Argument:335 - Argument : XferCpltCallbackvalue: null
2025-05-27 02:08:08,011 [INFO] Argument:325 - Argument : XferHalfCpltCallbackvalue: null
2025-05-27 02:08:08,011 [INFO] Argument:335 - Argument : XferHalfCpltCallbackvalue: null
2025-05-27 02:08:08,011 [INFO] Argument:325 - Argument : XferM1CpltCallbackvalue: null
2025-05-27 02:08:08,011 [INFO] Argument:335 - Argument : XferM1CpltCallbackvalue: null
2025-05-27 02:08:08,011 [INFO] Argument:325 - Argument : XferErrorCallbackvalue: null
2025-05-27 02:08:08,011 [INFO] Argument:335 - Argument : XferErrorCallbackvalue: null
2025-05-27 02:08:08,011 [INFO] Argument:325 - Argument : ErrorCodevalue: null
2025-05-27 02:08:08,011 [INFO] Argument:335 - Argument : ErrorCodevalue: null
2025-05-27 02:08:08,100 [INFO] CodeEngine:263 - oldGeneratedFile, C:\Users\Tomas\STM32CubeIDE\workspace_1.16.1\HolaMundoFFTCMSIS5\PSD-construction-in-STM32F407G-DISC1\FFTplusMIC\MXTmpFiles\license.tmp_save
2025-05-27 02:08:08,307 [INFO] CodeEngine:287 - Generated code: C:\Users\Tomas\STM32CubeIDE\workspace_1.16.1\HolaMundoFFTCMSIS5\PSD-construction-in-STM32F407G-DISC1\FFTplusMIC\MXTmpFiles\license.tmp
2025-05-27 02:08:08,353 [INFO] CodeEngine:263 - oldGeneratedFile, C:\Users\Tomas\STM32CubeIDE\workspace_1.16.1\HolaMundoFFTCMSIS5\PSD-construction-in-STM32F407G-DISC1\FFTplusMIC\Core\Src\gpio.c_save
2025-05-27 02:08:08,505 [INFO] CodeEngine:287 - Generated code: C:\Users\Tomas\STM32CubeIDE\workspace_1.16.1\HolaMundoFFTCMSIS5\PSD-construction-in-STM32F407G-DISC1\FFTplusMIC\Core\Src\gpio.c
2025-05-27 02:08:08,510 [INFO] CodeEngine:263 - oldGeneratedFile, C:\Users\Tomas\STM32CubeIDE\workspace_1.16.1\HolaMundoFFTCMSIS5\PSD-construction-in-STM32F407G-DISC1\FFTplusMIC\Core\Inc\gpio.h_save
2025-05-27 02:08:08,616 [INFO] CodeEngine:287 - Generated code: C:\Users\Tomas\STM32CubeIDE\workspace_1.16.1\HolaMundoFFTCMSIS5\PSD-construction-in-STM32F407G-DISC1\FFTplusMIC\Core\Inc\gpio.h
2025-05-27 02:08:08,995 [INFO] Middleware:1452 - No code input for Bsp Dependency
2025-05-27 02:08:09,002 [INFO] CodeEngine:263 - oldGeneratedFile, C:\Users\Tomas\STM32CubeIDE\workspace_1.16.1\HolaMundoFFTCMSIS5\PSD-construction-in-STM32F407G-DISC1\FFTplusMIC\Core\Src\crc.c_save
2025-05-27 02:08:09,097 [INFO] CodeEngine:287 - Generated code: C:\Users\Tomas\STM32CubeIDE\workspace_1.16.1\HolaMundoFFTCMSIS5\PSD-construction-in-STM32F407G-DISC1\FFTplusMIC\Core\Src\crc.c
2025-05-27 02:08:09,102 [INFO] CodeEngine:263 - oldGeneratedFile, C:\Users\Tomas\STM32CubeIDE\workspace_1.16.1\HolaMundoFFTCMSIS5\PSD-construction-in-STM32F407G-DISC1\FFTplusMIC\Core\Inc\crc.h_save
2025-05-27 02:08:09,176 [INFO] CodeEngine:287 - Generated code: C:\Users\Tomas\STM32CubeIDE\workspace_1.16.1\HolaMundoFFTCMSIS5\PSD-construction-in-STM32F407G-DISC1\FFTplusMIC\Core\Inc\crc.h
2025-05-27 02:08:09,216 [INFO] CodeEngine:263 - oldGeneratedFile, C:\Users\Tomas\STM32CubeIDE\workspace_1.16.1\HolaMundoFFTCMSIS5\PSD-construction-in-STM32F407G-DISC1\FFTplusMIC\Core\Src\dma.c_save
2025-05-27 02:08:09,290 [INFO] CodeEngine:287 - Generated code: C:\Users\Tomas\STM32CubeIDE\workspace_1.16.1\HolaMundoFFTCMSIS5\PSD-construction-in-STM32F407G-DISC1\FFTplusMIC\Core\Src\dma.c
2025-05-27 02:08:09,295 [INFO] CodeEngine:263 - oldGeneratedFile, C:\Users\Tomas\STM32CubeIDE\workspace_1.16.1\HolaMundoFFTCMSIS5\PSD-construction-in-STM32F407G-DISC1\FFTplusMIC\Core\Inc\dma.h_save
2025-05-27 02:08:09,361 [INFO] CodeEngine:287 - Generated code: C:\Users\Tomas\STM32CubeIDE\workspace_1.16.1\HolaMundoFFTCMSIS5\PSD-construction-in-STM32F407G-DISC1\FFTplusMIC\Core\Inc\dma.h
2025-05-27 02:08:09,373 [INFO] CodeEngine:263 - oldGeneratedFile, C:\Users\Tomas\STM32CubeIDE\workspace_1.16.1\HolaMundoFFTCMSIS5\PSD-construction-in-STM32F407G-DISC1\FFTplusMIC\Core\Src\i2c.c_save
2025-05-27 02:08:09,463 [INFO] CodeEngine:287 - Generated code: C:\Users\Tomas\STM32CubeIDE\workspace_1.16.1\HolaMundoFFTCMSIS5\PSD-construction-in-STM32F407G-DISC1\FFTplusMIC\Core\Src\i2c.c
2025-05-27 02:08:09,467 [INFO] CodeEngine:263 - oldGeneratedFile, C:\Users\Tomas\STM32CubeIDE\workspace_1.16.1\HolaMundoFFTCMSIS5\PSD-construction-in-STM32F407G-DISC1\FFTplusMIC\Core\Inc\i2c.h_save
2025-05-27 02:08:09,525 [INFO] CodeEngine:287 - Generated code: C:\Users\Tomas\STM32CubeIDE\workspace_1.16.1\HolaMundoFFTCMSIS5\PSD-construction-in-STM32F407G-DISC1\FFTplusMIC\Core\Inc\i2c.h
2025-05-27 02:08:09,536 [INFO] CodeEngine:263 - oldGeneratedFile, C:\Users\Tomas\STM32CubeIDE\workspace_1.16.1\HolaMundoFFTCMSIS5\PSD-construction-in-STM32F407G-DISC1\FFTplusMIC\Core\Src\i2s.c_save
2025-05-27 02:08:09,616 [INFO] CodeEngine:287 - Generated code: C:\Users\Tomas\STM32CubeIDE\workspace_1.16.1\HolaMundoFFTCMSIS5\PSD-construction-in-STM32F407G-DISC1\FFTplusMIC\Core\Src\i2s.c
2025-05-27 02:08:09,622 [INFO] CodeEngine:263 - oldGeneratedFile, C:\Users\Tomas\STM32CubeIDE\workspace_1.16.1\HolaMundoFFTCMSIS5\PSD-construction-in-STM32F407G-DISC1\FFTplusMIC\Core\Inc\i2s.h_save
2025-05-27 02:08:09,681 [INFO] CodeEngine:287 - Generated code: C:\Users\Tomas\STM32CubeIDE\workspace_1.16.1\HolaMundoFFTCMSIS5\PSD-construction-in-STM32F407G-DISC1\FFTplusMIC\Core\Inc\i2s.h
2025-05-27 02:08:09,684 [INFO] Middleware:1452 - No code input for Bsp Dependency
2025-05-27 02:08:09,694 [INFO] CodeEngine:263 - oldGeneratedFile, C:\Users\Tomas\STM32CubeIDE\workspace_1.16.1\HolaMundoFFTCMSIS5\PSD-construction-in-STM32F407G-DISC1\FFTplusMIC\PDM2PCM\App\pdm2pcm.c_save
2025-05-27 02:08:09,750 [INFO] CodeEngine:287 - Generated code: C:\Users\Tomas\STM32CubeIDE\workspace_1.16.1\HolaMundoFFTCMSIS5\PSD-construction-in-STM32F407G-DISC1\FFTplusMIC\PDM2PCM\App\pdm2pcm.c
2025-05-27 02:08:09,756 [INFO] CodeEngine:263 - oldGeneratedFile, C:\Users\Tomas\STM32CubeIDE\workspace_1.16.1\HolaMundoFFTCMSIS5\PSD-construction-in-STM32F407G-DISC1\FFTplusMIC\PDM2PCM\App\pdm2pcm.h_save
2025-05-27 02:08:09,808 [INFO] CodeEngine:287 - Generated code: C:\Users\Tomas\STM32CubeIDE\workspace_1.16.1\HolaMundoFFTCMSIS5\PSD-construction-in-STM32F407G-DISC1\FFTplusMIC\PDM2PCM\App\pdm2pcm.h
2025-05-27 02:08:09,819 [INFO] CodeEngine:263 - oldGeneratedFile, C:\Users\Tomas\STM32CubeIDE\workspace_1.16.1\HolaMundoFFTCMSIS5\PSD-construction-in-STM32F407G-DISC1\FFTplusMIC\Core\Src\spi.c_save
2025-05-27 02:08:09,894 [INFO] CodeEngine:287 - Generated code: C:\Users\Tomas\STM32CubeIDE\workspace_1.16.1\HolaMundoFFTCMSIS5\PSD-construction-in-STM32F407G-DISC1\FFTplusMIC\Core\Src\spi.c
2025-05-27 02:08:09,899 [INFO] CodeEngine:263 - oldGeneratedFile, C:\Users\Tomas\STM32CubeIDE\workspace_1.16.1\HolaMundoFFTCMSIS5\PSD-construction-in-STM32F407G-DISC1\FFTplusMIC\Core\Inc\spi.h_save
2025-05-27 02:08:09,958 [INFO] CodeEngine:287 - Generated code: C:\Users\Tomas\STM32CubeIDE\workspace_1.16.1\HolaMundoFFTCMSIS5\PSD-construction-in-STM32F407G-DISC1\FFTplusMIC\Core\Inc\spi.h
2025-05-27 02:08:09,971 [INFO] CodeEngine:263 - oldGeneratedFile, C:\Users\Tomas\STM32CubeIDE\workspace_1.16.1\HolaMundoFFTCMSIS5\PSD-construction-in-STM32F407G-DISC1\FFTplusMIC\Core\Src\usart.c_save
2025-05-27 02:08:10,048 [INFO] CodeEngine:287 - Generated code: C:\Users\Tomas\STM32CubeIDE\workspace_1.16.1\HolaMundoFFTCMSIS5\PSD-construction-in-STM32F407G-DISC1\FFTplusMIC\Core\Src\usart.c
2025-05-27 02:08:10,053 [INFO] CodeEngine:263 - oldGeneratedFile, C:\Users\Tomas\STM32CubeIDE\workspace_1.16.1\HolaMundoFFTCMSIS5\PSD-construction-in-STM32F407G-DISC1\FFTplusMIC\Core\Inc\usart.h_save
2025-05-27 02:08:10,111 [INFO] CodeEngine:287 - Generated code: C:\Users\Tomas\STM32CubeIDE\workspace_1.16.1\HolaMundoFFTCMSIS5\PSD-construction-in-STM32F407G-DISC1\FFTplusMIC\Core\Inc\usart.h
2025-05-27 02:08:10,130 [INFO] CodeEngine:263 - oldGeneratedFile, C:\Users\Tomas\STM32CubeIDE\workspace_1.16.1\HolaMundoFFTCMSIS5\PSD-construction-in-STM32F407G-DISC1\FFTplusMIC\Core\Src\stm32f4xx_it.c_save
2025-05-27 02:08:10,204 [INFO] CodeEngine:287 - Generated code: C:\Users\Tomas\STM32CubeIDE\workspace_1.16.1\HolaMundoFFTCMSIS5\PSD-construction-in-STM32F407G-DISC1\FFTplusMIC\Core\Src\stm32f4xx_it.c
2025-05-27 02:08:10,210 [INFO] CodeEngine:263 - oldGeneratedFile, C:\Users\Tomas\STM32CubeIDE\workspace_1.16.1\HolaMundoFFTCMSIS5\PSD-construction-in-STM32F407G-DISC1\FFTplusMIC\Core\Inc\stm32f4xx_it.h_save
2025-05-27 02:08:10,264 [INFO] CodeEngine:287 - Generated code: C:\Users\Tomas\STM32CubeIDE\workspace_1.16.1\HolaMundoFFTCMSIS5\PSD-construction-in-STM32F407G-DISC1\FFTplusMIC\Core\Inc\stm32f4xx_it.h
2025-05-27 02:08:10,281 [INFO] CodeEngine:263 - oldGeneratedFile, C:\Users\Tomas\STM32CubeIDE\workspace_1.16.1\HolaMundoFFTCMSIS5\PSD-construction-in-STM32F407G-DISC1\FFTplusMIC\Core\Src\stm32f4xx_hal_msp.c_save
2025-05-27 02:08:10,356 [INFO] CodeEngine:287 - Generated code: C:\Users\Tomas\STM32CubeIDE\workspace_1.16.1\HolaMundoFFTCMSIS5\PSD-construction-in-STM32F407G-DISC1\FFTplusMIC\Core\Src\stm32f4xx_hal_msp.c
2025-05-27 02:08:10,362 [INFO] CodeEngine:263 - oldGeneratedFile, C:\Users\Tomas\STM32CubeIDE\workspace_1.16.1\HolaMundoFFTCMSIS5\PSD-construction-in-STM32F407G-DISC1\FFTplusMIC\MXTmpFiles\system.tmp_save
2025-05-27 02:08:10,415 [INFO] CodeEngine:287 - Generated code: C:\Users\Tomas\STM32CubeIDE\workspace_1.16.1\HolaMundoFFTCMSIS5\PSD-construction-in-STM32F407G-DISC1\FFTplusMIC\MXTmpFiles\system.tmp
2025-05-27 02:08:10,427 [INFO] CodeEngine:319 - oldGeneratedFile, C:\Users\Tomas\STM32CubeIDE\workspace_1.16.1\HolaMundoFFTCMSIS5\PSD-construction-in-STM32F407G-DISC1\FFTplusMIC\Core\Inc\stm32f4xx_hal_conf.h_save
2025-05-27 02:08:10,484 [INFO] CodeEngine:343 - Generated code: C:\Users\Tomas\STM32CubeIDE\workspace_1.16.1\HolaMundoFFTCMSIS5\PSD-construction-in-STM32F407G-DISC1\FFTplusMIC\Core\Inc\stm32f4xx_hal_conf.h
2025-05-27 02:08:10,520 [INFO] CodeEngine:263 - oldGeneratedFile, C:\Users\Tomas\STM32CubeIDE\workspace_1.16.1\HolaMundoFFTCMSIS5\PSD-construction-in-STM32F407G-DISC1\FFTplusMIC\Core\Inc\main.h_save
2025-05-27 02:08:10,580 [INFO] CodeEngine:287 - Generated code: C:\Users\Tomas\STM32CubeIDE\workspace_1.16.1\HolaMundoFFTCMSIS5\PSD-construction-in-STM32F407G-DISC1\FFTplusMIC\Core\Inc\main.h
2025-05-27 02:08:10,589 [INFO] CodeEngine:263 - oldGeneratedFile, C:\Users\Tomas\STM32CubeIDE\workspace_1.16.1\HolaMundoFFTCMSIS5\PSD-construction-in-STM32F407G-DISC1\FFTplusMIC\Core\Src\main.c_save
2025-05-27 02:08:10,681 [INFO] CodeEngine:287 - Generated code: C:\Users\Tomas\STM32CubeIDE\workspace_1.16.1\HolaMundoFFTCMSIS5\PSD-construction-in-STM32F407G-DISC1\FFTplusMIC\Core\Src\main.c
2025-05-27 02:08:11,054 [INFO] ProjectBuilder:3324 - Time for Copy HAL[1] : 180mS.
2025-05-27 02:08:11,060 [INFO] ProjectBuilder:4912 - Project Generator version: 4.6.0.1-B1
2025-05-27 02:08:11,125 [INFO] ConfigFileManager:1590 - The Die is : DIE413
2025-05-27 02:08:13,394 [INFO] ProjectBuilder:5191 - Time for Generating toolchain IDE Files: 2334mS.
2025-05-27 02:08:13,395 [INFO] ProjectBuilder:3181 - Time for Copy CMSIS : 1mS.
2025-05-27 02:08:13,402 [INFO] ProjectBuilder:3181 - Time for Copy CMSIS : 0mS.
2025-05-27 03:03:21,666 [WARN] IP:2250 - I2C_Coeff_DF not found: check if there is a RefParameter without a condition.
2025-05-27 03:03:21,667 [WARN] IP:2250 - Analog_Filter not found: check if there is a RefParameter without a condition.
2025-05-27 03:03:23,750 [INFO] UtilMem:75 - End SaveConfig() Used Memory: 780590880 Bytes (911212544)
2025-05-27 03:03:23,867 [INFO] UtilMem:75 - End SaveConfig() Used Memory: 804708128 Bytes (911212544)
2025-05-27 03:03:24,804 [INFO] UtilMem:75 - End SaveConfig() Used Memory: 398841312 Bytes (911212544)
2025-05-27 03:03:25,176 [INFO] BlockDiagram:2775 - set Specific Code input for plugin: SPI
2025-05-27 03:03:25,177 [INFO] BlockDiagram:2775 - set Specific Code input for plugin: I2S
2025-05-27 03:03:25,177 [INFO] BlockDiagram:2775 - set Specific Code input for plugin: SYS
2025-05-27 03:03:25,177 [INFO] BlockDiagram:2775 - set Specific Code input for plugin: RCC
2025-05-27 03:03:25,177 [INFO] BlockDiagram:2775 - set Specific Code input for plugin: CRC
2025-05-27 03:03:25,177 [INFO] BlockDiagram:2775 - set Specific Code input for plugin: NVIC
2025-05-27 03:03:25,177 [INFO] BlockDiagram:2775 - set Specific Code input for plugin: USART
2025-05-27 03:03:25,177 [INFO] BlockDiagram:2775 - set Specific Code input for plugin: DMA
2025-05-27 03:03:25,177 [INFO] BlockDiagram:2775 - set Specific Code input for plugin: GPIO
2025-05-27 03:03:25,178 [INFO] BlockDiagram:2775 - set Specific Code input for plugin: PDM2PCM
2025-05-27 03:03:25,179 [INFO] CodeGenerator:882 - code generatio: config db path: C:\ST\STM32CubeIDE_1.16.1\STM32CubeIDE\plugins\com.st.stm32cube.common.mx_6.14.1.202504091515\\db\
2025-05-27 03:03:25,182 [INFO] Argument:325 - Argument : hdmavalue: null
2025-05-27 03:03:25,182 [INFO] Argument:327 - 	 sub Args: 
2025-05-27 03:03:25,183 [INFO] Argument:325 - Argument : Instancevalue: DMA1_Stream3
2025-05-27 03:03:25,183 [INFO] Argument:335 - Argument : Instancevalue: DMA1_Stream3
2025-05-27 03:03:25,183 [INFO] Argument:325 - Argument : Initvalue: null
2025-05-27 03:03:25,183 [INFO] Argument:327 - 	 sub Args: 
2025-05-27 03:03:25,183 [INFO] Argument:325 - Argument : Channelvalue: DMA_CHANNEL_0
2025-05-27 03:03:25,183 [INFO] Argument:335 - Argument : Channelvalue: DMA_CHANNEL_0
2025-05-27 03:03:25,183 [INFO] Argument:325 - Argument : Directionvalue: DMA_PERIPH_TO_MEMORY
2025-05-27 03:03:25,183 [INFO] Argument:335 - Argument : Directionvalue: DMA_PERIPH_TO_MEMORY
2025-05-27 03:03:25,183 [INFO] Argument:325 - Argument : PeriphIncvalue: DMA_PINC_DISABLE
2025-05-27 03:03:25,183 [INFO] Argument:335 - Argument : PeriphIncvalue: DMA_PINC_DISABLE
2025-05-27 03:03:25,183 [INFO] Argument:325 - Argument : MemIncvalue: DMA_MINC_ENABLE
2025-05-27 03:03:25,183 [INFO] Argument:335 - Argument : MemIncvalue: DMA_MINC_ENABLE
2025-05-27 03:03:25,183 [INFO] Argument:325 - Argument : PeriphDataAlignmentvalue: DMA_PDATAALIGN_HALFWORD
2025-05-27 03:03:25,183 [INFO] Argument:335 - Argument : PeriphDataAlignmentvalue: DMA_PDATAALIGN_HALFWORD
2025-05-27 03:03:25,183 [INFO] Argument:325 - Argument : MemDataAlignmentvalue: DMA_MDATAALIGN_HALFWORD
2025-05-27 03:03:25,183 [INFO] Argument:335 - Argument : MemDataAlignmentvalue: DMA_MDATAALIGN_HALFWORD
2025-05-27 03:03:25,184 [INFO] Argument:325 - Argument : Modevalue: DMA_CIRCULAR
2025-05-27 03:03:25,184 [INFO] Argument:335 - Argument : Modevalue: DMA_CIRCULAR
2025-05-27 03:03:25,184 [INFO] Argument:325 - Argument : Priorityvalue: DMA_PRIORITY_LOW
2025-05-27 03:03:25,184 [INFO] Argument:335 - Argument : Priorityvalue: DMA_PRIORITY_LOW
2025-05-27 03:03:25,184 [INFO] Argument:325 - Argument : FIFOModevalue: DMA_FIFOMODE_DISABLE
2025-05-27 03:03:25,184 [INFO] Argument:335 - Argument : FIFOModevalue: DMA_FIFOMODE_DISABLE
2025-05-27 03:03:25,184 [INFO] Argument:325 - Argument : FIFOThresholdvalue: null
2025-05-27 03:03:25,184 [INFO] Argument:335 - Argument : FIFOThresholdvalue: null
2025-05-27 03:03:25,184 [INFO] Argument:325 - Argument : MemBurstvalue: null
2025-05-27 03:03:25,184 [INFO] Argument:335 - Argument : MemBurstvalue: null
2025-05-27 03:03:25,184 [INFO] Argument:325 - Argument : PeriphBurstvalue: null
2025-05-27 03:03:25,184 [INFO] Argument:335 - Argument : PeriphBurstvalue: null
2025-05-27 03:03:25,184 [INFO] Argument:325 - Argument : Lockvalue: null
2025-05-27 03:03:25,184 [INFO] Argument:335 - Argument : Lockvalue: null
2025-05-27 03:03:25,184 [INFO] Argument:325 - Argument : Statevalue: null
2025-05-27 03:03:25,184 [INFO] Argument:335 - Argument : Statevalue: null
2025-05-27 03:03:25,184 [INFO] Argument:325 - Argument : Parentvalue: null
2025-05-27 03:03:25,184 [INFO] Argument:335 - Argument : Parentvalue: null
2025-05-27 03:03:25,184 [INFO] Argument:325 - Argument : XferCpltCallbackvalue: null
2025-05-27 03:03:25,184 [INFO] Argument:335 - Argument : XferCpltCallbackvalue: null
2025-05-27 03:03:25,184 [INFO] Argument:325 - Argument : XferHalfCpltCallbackvalue: null
2025-05-27 03:03:25,184 [INFO] Argument:335 - Argument : XferHalfCpltCallbackvalue: null
2025-05-27 03:03:25,185 [INFO] Argument:325 - Argument : XferM1CpltCallbackvalue: null
2025-05-27 03:03:25,185 [INFO] Argument:335 - Argument : XferM1CpltCallbackvalue: null
2025-05-27 03:03:25,185 [INFO] Argument:325 - Argument : XferErrorCallbackvalue: null
2025-05-27 03:03:25,185 [INFO] Argument:335 - Argument : XferErrorCallbackvalue: null
2025-05-27 03:03:25,185 [INFO] Argument:325 - Argument : ErrorCodevalue: null
2025-05-27 03:03:25,185 [INFO] Argument:335 - Argument : ErrorCodevalue: null
2025-05-27 03:03:25,263 [INFO] CodeEngine:263 - oldGeneratedFile, C:\Users\Tomas\STM32CubeIDE\workspace_1.16.1\HolaMundoFFTCMSIS5\PSD-construction-in-STM32F407G-DISC1\FFTplusMIC\MXTmpFiles\license.tmp_save
2025-05-27 03:03:25,558 [INFO] CodeEngine:287 - Generated code: C:\Users\Tomas\STM32CubeIDE\workspace_1.16.1\HolaMundoFFTCMSIS5\PSD-construction-in-STM32F407G-DISC1\FFTplusMIC\MXTmpFiles\license.tmp
2025-05-27 03:03:25,613 [INFO] CodeEngine:263 - oldGeneratedFile, C:\Users\Tomas\STM32CubeIDE\workspace_1.16.1\HolaMundoFFTCMSIS5\PSD-construction-in-STM32F407G-DISC1\FFTplusMIC\Core\Src\gpio.c_save
2025-05-27 03:03:25,809 [INFO] CodeEngine:287 - Generated code: C:\Users\Tomas\STM32CubeIDE\workspace_1.16.1\HolaMundoFFTCMSIS5\PSD-construction-in-STM32F407G-DISC1\FFTplusMIC\Core\Src\gpio.c
2025-05-27 03:03:25,821 [INFO] CodeEngine:263 - oldGeneratedFile, C:\Users\Tomas\STM32CubeIDE\workspace_1.16.1\HolaMundoFFTCMSIS5\PSD-construction-in-STM32F407G-DISC1\FFTplusMIC\Core\Inc\gpio.h_save
2025-05-27 03:03:25,925 [INFO] CodeEngine:287 - Generated code: C:\Users\Tomas\STM32CubeIDE\workspace_1.16.1\HolaMundoFFTCMSIS5\PSD-construction-in-STM32F407G-DISC1\FFTplusMIC\Core\Inc\gpio.h
2025-05-27 03:03:26,168 [INFO] Middleware:1452 - No code input for Bsp Dependency
2025-05-27 03:03:26,179 [INFO] CodeEngine:263 - oldGeneratedFile, C:\Users\Tomas\STM32CubeIDE\workspace_1.16.1\HolaMundoFFTCMSIS5\PSD-construction-in-STM32F407G-DISC1\FFTplusMIC\Core\Src\crc.c_save
2025-05-27 03:03:26,318 [INFO] CodeEngine:287 - Generated code: C:\Users\Tomas\STM32CubeIDE\workspace_1.16.1\HolaMundoFFTCMSIS5\PSD-construction-in-STM32F407G-DISC1\FFTplusMIC\Core\Src\crc.c
2025-05-27 03:03:26,327 [INFO] CodeEngine:263 - oldGeneratedFile, C:\Users\Tomas\STM32CubeIDE\workspace_1.16.1\HolaMundoFFTCMSIS5\PSD-construction-in-STM32F407G-DISC1\FFTplusMIC\Core\Inc\crc.h_save
2025-05-27 03:03:26,406 [INFO] CodeEngine:287 - Generated code: C:\Users\Tomas\STM32CubeIDE\workspace_1.16.1\HolaMundoFFTCMSIS5\PSD-construction-in-STM32F407G-DISC1\FFTplusMIC\Core\Inc\crc.h
2025-05-27 03:03:26,437 [INFO] CodeEngine:263 - oldGeneratedFile, C:\Users\Tomas\STM32CubeIDE\workspace_1.16.1\HolaMundoFFTCMSIS5\PSD-construction-in-STM32F407G-DISC1\FFTplusMIC\Core\Src\dma.c_save
2025-05-27 03:03:26,519 [INFO] CodeEngine:287 - Generated code: C:\Users\Tomas\STM32CubeIDE\workspace_1.16.1\HolaMundoFFTCMSIS5\PSD-construction-in-STM32F407G-DISC1\FFTplusMIC\Core\Src\dma.c
2025-05-27 03:03:26,527 [INFO] CodeEngine:263 - oldGeneratedFile, C:\Users\Tomas\STM32CubeIDE\workspace_1.16.1\HolaMundoFFTCMSIS5\PSD-construction-in-STM32F407G-DISC1\FFTplusMIC\Core\Inc\dma.h_save
2025-05-27 03:03:26,595 [INFO] CodeEngine:287 - Generated code: C:\Users\Tomas\STM32CubeIDE\workspace_1.16.1\HolaMundoFFTCMSIS5\PSD-construction-in-STM32F407G-DISC1\FFTplusMIC\Core\Inc\dma.h
2025-05-27 03:03:26,609 [INFO] CodeEngine:263 - oldGeneratedFile, C:\Users\Tomas\STM32CubeIDE\workspace_1.16.1\HolaMundoFFTCMSIS5\PSD-construction-in-STM32F407G-DISC1\FFTplusMIC\Core\Src\i2s.c_save
2025-05-27 03:03:26,705 [INFO] CodeEngine:287 - Generated code: C:\Users\Tomas\STM32CubeIDE\workspace_1.16.1\HolaMundoFFTCMSIS5\PSD-construction-in-STM32F407G-DISC1\FFTplusMIC\Core\Src\i2s.c
2025-05-27 03:03:26,714 [INFO] CodeEngine:263 - oldGeneratedFile, C:\Users\Tomas\STM32CubeIDE\workspace_1.16.1\HolaMundoFFTCMSIS5\PSD-construction-in-STM32F407G-DISC1\FFTplusMIC\Core\Inc\i2s.h_save
2025-05-27 03:03:26,773 [INFO] CodeEngine:287 - Generated code: C:\Users\Tomas\STM32CubeIDE\workspace_1.16.1\HolaMundoFFTCMSIS5\PSD-construction-in-STM32F407G-DISC1\FFTplusMIC\Core\Inc\i2s.h
2025-05-27 03:03:26,779 [INFO] Middleware:1452 - No code input for Bsp Dependency
2025-05-27 03:03:26,787 [INFO] CodeEngine:263 - oldGeneratedFile, C:\Users\Tomas\STM32CubeIDE\workspace_1.16.1\HolaMundoFFTCMSIS5\PSD-construction-in-STM32F407G-DISC1\FFTplusMIC\PDM2PCM\App\pdm2pcm.c_save
2025-05-27 03:03:26,853 [INFO] CodeEngine:287 - Generated code: C:\Users\Tomas\STM32CubeIDE\workspace_1.16.1\HolaMundoFFTCMSIS5\PSD-construction-in-STM32F407G-DISC1\FFTplusMIC\PDM2PCM\App\pdm2pcm.c
2025-05-27 03:03:26,862 [INFO] CodeEngine:263 - oldGeneratedFile, C:\Users\Tomas\STM32CubeIDE\workspace_1.16.1\HolaMundoFFTCMSIS5\PSD-construction-in-STM32F407G-DISC1\FFTplusMIC\PDM2PCM\App\pdm2pcm.h_save
2025-05-27 03:03:26,924 [INFO] CodeEngine:287 - Generated code: C:\Users\Tomas\STM32CubeIDE\workspace_1.16.1\HolaMundoFFTCMSIS5\PSD-construction-in-STM32F407G-DISC1\FFTplusMIC\PDM2PCM\App\pdm2pcm.h
2025-05-27 03:03:26,939 [INFO] CodeEngine:263 - oldGeneratedFile, C:\Users\Tomas\STM32CubeIDE\workspace_1.16.1\HolaMundoFFTCMSIS5\PSD-construction-in-STM32F407G-DISC1\FFTplusMIC\Core\Src\spi.c_save
2025-05-27 03:03:27,017 [INFO] CodeEngine:287 - Generated code: C:\Users\Tomas\STM32CubeIDE\workspace_1.16.1\HolaMundoFFTCMSIS5\PSD-construction-in-STM32F407G-DISC1\FFTplusMIC\Core\Src\spi.c
2025-05-27 03:03:27,024 [INFO] CodeEngine:263 - oldGeneratedFile, C:\Users\Tomas\STM32CubeIDE\workspace_1.16.1\HolaMundoFFTCMSIS5\PSD-construction-in-STM32F407G-DISC1\FFTplusMIC\Core\Inc\spi.h_save
2025-05-27 03:03:27,079 [INFO] CodeEngine:287 - Generated code: C:\Users\Tomas\STM32CubeIDE\workspace_1.16.1\HolaMundoFFTCMSIS5\PSD-construction-in-STM32F407G-DISC1\FFTplusMIC\Core\Inc\spi.h
2025-05-27 03:03:27,093 [INFO] CodeEngine:263 - oldGeneratedFile, C:\Users\Tomas\STM32CubeIDE\workspace_1.16.1\HolaMundoFFTCMSIS5\PSD-construction-in-STM32F407G-DISC1\FFTplusMIC\Core\Src\usart.c_save
2025-05-27 03:03:27,166 [INFO] CodeEngine:287 - Generated code: C:\Users\Tomas\STM32CubeIDE\workspace_1.16.1\HolaMundoFFTCMSIS5\PSD-construction-in-STM32F407G-DISC1\FFTplusMIC\Core\Src\usart.c
2025-05-27 03:03:27,175 [INFO] CodeEngine:263 - oldGeneratedFile, C:\Users\Tomas\STM32CubeIDE\workspace_1.16.1\HolaMundoFFTCMSIS5\PSD-construction-in-STM32F407G-DISC1\FFTplusMIC\Core\Inc\usart.h_save
2025-05-27 03:03:27,234 [INFO] CodeEngine:287 - Generated code: C:\Users\Tomas\STM32CubeIDE\workspace_1.16.1\HolaMundoFFTCMSIS5\PSD-construction-in-STM32F407G-DISC1\FFTplusMIC\Core\Inc\usart.h
2025-05-27 03:03:27,260 [INFO] CodeEngine:263 - oldGeneratedFile, C:\Users\Tomas\STM32CubeIDE\workspace_1.16.1\HolaMundoFFTCMSIS5\PSD-construction-in-STM32F407G-DISC1\FFTplusMIC\Core\Src\stm32f4xx_it.c_save
2025-05-27 03:03:27,590 [INFO] CodeEngine:287 - Generated code: C:\Users\Tomas\STM32CubeIDE\workspace_1.16.1\HolaMundoFFTCMSIS5\PSD-construction-in-STM32F407G-DISC1\FFTplusMIC\Core\Src\stm32f4xx_it.c
2025-05-27 03:03:27,597 [INFO] CodeEngine:263 - oldGeneratedFile, C:\Users\Tomas\STM32CubeIDE\workspace_1.16.1\HolaMundoFFTCMSIS5\PSD-construction-in-STM32F407G-DISC1\FFTplusMIC\Core\Inc\stm32f4xx_it.h_save
2025-05-27 03:03:27,649 [INFO] CodeEngine:287 - Generated code: C:\Users\Tomas\STM32CubeIDE\workspace_1.16.1\HolaMundoFFTCMSIS5\PSD-construction-in-STM32F407G-DISC1\FFTplusMIC\Core\Inc\stm32f4xx_it.h
2025-05-27 03:03:27,664 [INFO] CodeEngine:263 - oldGeneratedFile, C:\Users\Tomas\STM32CubeIDE\workspace_1.16.1\HolaMundoFFTCMSIS5\PSD-construction-in-STM32F407G-DISC1\FFTplusMIC\Core\Src\stm32f4xx_hal_msp.c_save
2025-05-27 03:03:27,732 [INFO] CodeEngine:287 - Generated code: C:\Users\Tomas\STM32CubeIDE\workspace_1.16.1\HolaMundoFFTCMSIS5\PSD-construction-in-STM32F407G-DISC1\FFTplusMIC\Core\Src\stm32f4xx_hal_msp.c
2025-05-27 03:03:27,737 [INFO] CodeEngine:263 - oldGeneratedFile, C:\Users\Tomas\STM32CubeIDE\workspace_1.16.1\HolaMundoFFTCMSIS5\PSD-construction-in-STM32F407G-DISC1\FFTplusMIC\MXTmpFiles\system.tmp_save
2025-05-27 03:03:27,782 [INFO] CodeEngine:287 - Generated code: C:\Users\Tomas\STM32CubeIDE\workspace_1.16.1\HolaMundoFFTCMSIS5\PSD-construction-in-STM32F407G-DISC1\FFTplusMIC\MXTmpFiles\system.tmp
2025-05-27 03:03:27,793 [INFO] CodeEngine:319 - oldGeneratedFile, C:\Users\Tomas\STM32CubeIDE\workspace_1.16.1\HolaMundoFFTCMSIS5\PSD-construction-in-STM32F407G-DISC1\FFTplusMIC\Core\Inc\stm32f4xx_hal_conf.h_save
2025-05-27 03:03:27,847 [INFO] CodeEngine:343 - Generated code: C:\Users\Tomas\STM32CubeIDE\workspace_1.16.1\HolaMundoFFTCMSIS5\PSD-construction-in-STM32F407G-DISC1\FFTplusMIC\Core\Inc\stm32f4xx_hal_conf.h
2025-05-27 03:03:27,880 [INFO] CodeEngine:263 - oldGeneratedFile, C:\Users\Tomas\STM32CubeIDE\workspace_1.16.1\HolaMundoFFTCMSIS5\PSD-construction-in-STM32F407G-DISC1\FFTplusMIC\Core\Inc\main.h_save
2025-05-27 03:03:27,942 [INFO] CodeEngine:287 - Generated code: C:\Users\Tomas\STM32CubeIDE\workspace_1.16.1\HolaMundoFFTCMSIS5\PSD-construction-in-STM32F407G-DISC1\FFTplusMIC\Core\Inc\main.h
2025-05-27 03:03:27,948 [INFO] CodeEngine:263 - oldGeneratedFile, C:\Users\Tomas\STM32CubeIDE\workspace_1.16.1\HolaMundoFFTCMSIS5\PSD-construction-in-STM32F407G-DISC1\FFTplusMIC\Core\Src\main.c_save
2025-05-27 03:03:28,023 [INFO] CodeEngine:287 - Generated code: C:\Users\Tomas\STM32CubeIDE\workspace_1.16.1\HolaMundoFFTCMSIS5\PSD-construction-in-STM32F407G-DISC1\FFTplusMIC\Core\Src\main.c
2025-05-27 03:03:28,358 [INFO] ProjectBuilder:3324 - Time for Copy HAL[1] : 182mS.
2025-05-27 03:03:28,365 [INFO] ProjectBuilder:4912 - Project Generator version: 4.6.0.1-B1
2025-05-27 03:03:28,432 [INFO] ConfigFileManager:1590 - The Die is : DIE413
2025-05-27 03:03:30,692 [INFO] ProjectBuilder:5191 - Time for Generating toolchain IDE Files: 2327mS.
2025-05-27 03:03:30,693 [INFO] ProjectBuilder:3181 - Time for Copy CMSIS : 1mS.
2025-05-27 03:03:30,699 [INFO] ProjectBuilder:3181 - Time for Copy CMSIS : 0mS.
2025-05-27 03:05:25,473 [INFO] I2sManager:658 - 9.6E7
2025-05-27 03:05:25,473 [INFO] I2sManager:195 - I2S Clock Value : 9.6E7
2025-05-27 03:05:25,474 [INFO] I2sManager:553 - AudioClock : 8000Divider : 187Odd : 1
2025-05-27 03:05:25,536 [INFO] I2sManager:658 - 9.6E7
2025-05-27 03:05:25,536 [INFO] I2sManager:195 - I2S Clock Value : 9.6E7
2025-05-27 03:05:25,536 [INFO] I2sManager:553 - AudioClock : 8000Divider : 187Odd : 1
2025-05-27 03:05:28,800 [INFO] I2sManager:658 - 9.6E7
2025-05-27 03:05:28,800 [INFO] I2sManager:195 - I2S Clock Value : 9.6E7
2025-05-27 03:05:28,801 [INFO] I2sManager:553 - AudioClock : 8000Divider : 187Odd : 1
2025-05-27 03:05:32,840 [WARN] IP:2250 - I2C_Coeff_DF not found: check if there is a RefParameter without a condition.
2025-05-27 03:05:32,840 [WARN] IP:2250 - Analog_Filter not found: check if there is a RefParameter without a condition.
2025-05-27 03:05:32,841 [WARN] IP:2250 - I2C_Coeff_DF not found: check if there is a RefParameter without a condition.
2025-05-27 03:05:32,841 [WARN] IP:2250 - Analog_Filter not found: check if there is a RefParameter without a condition.
2025-05-27 03:05:32,887 [WARN] IP:2250 - I2C_Coeff_DF not found: check if there is a RefParameter without a condition.
2025-05-27 03:05:32,887 [WARN] IP:2250 - Analog_Filter not found: check if there is a RefParameter without a condition.
2025-05-27 03:05:34,379 [WARN] IP:2250 - I2C_Coeff_DF not found: check if there is a RefParameter without a condition.
2025-05-27 03:05:34,380 [WARN] IP:2250 - Analog_Filter not found: check if there is a RefParameter without a condition.
2025-05-27 03:05:35,351 [INFO] UtilMem:75 - End SaveConfig() Used Memory: 832220368 Bytes (911212544)
2025-05-27 03:05:35,450 [INFO] UtilMem:75 - End SaveConfig() Used Memory: 338743168 Bytes (911212544)
2025-05-27 03:05:36,347 [INFO] UtilMem:75 - End SaveConfig() Used Memory: 395888512 Bytes (911212544)
2025-05-27 03:05:36,639 [INFO] BlockDiagram:2775 - set Specific Code input for plugin: SPI
2025-05-27 03:05:36,639 [INFO] BlockDiagram:2775 - set Specific Code input for plugin: I2S
2025-05-27 03:05:36,639 [INFO] BlockDiagram:2775 - set Specific Code input for plugin: SYS
2025-05-27 03:05:36,639 [INFO] BlockDiagram:2775 - set Specific Code input for plugin: RCC
2025-05-27 03:05:36,639 [INFO] BlockDiagram:2775 - set Specific Code input for plugin: CRC
2025-05-27 03:05:36,639 [INFO] BlockDiagram:2775 - set Specific Code input for plugin: I2C
2025-05-27 03:05:36,639 [INFO] BlockDiagram:2775 - set Specific Code input for plugin: NVIC
2025-05-27 03:05:36,639 [INFO] BlockDiagram:2775 - set Specific Code input for plugin: USART
2025-05-27 03:05:36,639 [INFO] BlockDiagram:2775 - set Specific Code input for plugin: DMA
2025-05-27 03:05:36,640 [INFO] BlockDiagram:2775 - set Specific Code input for plugin: GPIO
2025-05-27 03:05:36,640 [INFO] BlockDiagram:2775 - set Specific Code input for plugin: PDM2PCM
2025-05-27 03:05:36,640 [INFO] CodeGenerator:882 - code generatio: config db path: C:\ST\STM32CubeIDE_1.16.1\STM32CubeIDE\plugins\com.st.stm32cube.common.mx_6.14.1.202504091515\\db\
2025-05-27 03:05:36,642 [WARN] IP:2250 - I2C_Coeff_DF not found: check if there is a RefParameter without a condition.
2025-05-27 03:05:36,642 [WARN] IP:2250 - Analog_Filter not found: check if there is a RefParameter without a condition.
2025-05-27 03:05:36,643 [INFO] Argument:325 - Argument : hdmavalue: null
2025-05-27 03:05:36,643 [INFO] Argument:327 - 	 sub Args: 
2025-05-27 03:05:36,643 [INFO] Argument:325 - Argument : Instancevalue: DMA1_Stream3
2025-05-27 03:05:36,643 [INFO] Argument:335 - Argument : Instancevalue: DMA1_Stream3
2025-05-27 03:05:36,643 [INFO] Argument:325 - Argument : Initvalue: null
2025-05-27 03:05:36,643 [INFO] Argument:327 - 	 sub Args: 
2025-05-27 03:05:36,643 [INFO] Argument:325 - Argument : Channelvalue: DMA_CHANNEL_0
2025-05-27 03:05:36,643 [INFO] Argument:335 - Argument : Channelvalue: DMA_CHANNEL_0
2025-05-27 03:05:36,643 [INFO] Argument:325 - Argument : Directionvalue: DMA_PERIPH_TO_MEMORY
2025-05-27 03:05:36,643 [INFO] Argument:335 - Argument : Directionvalue: DMA_PERIPH_TO_MEMORY
2025-05-27 03:05:36,643 [INFO] Argument:325 - Argument : PeriphIncvalue: DMA_PINC_DISABLE
2025-05-27 03:05:36,643 [INFO] Argument:335 - Argument : PeriphIncvalue: DMA_PINC_DISABLE
2025-05-27 03:05:36,643 [INFO] Argument:325 - Argument : MemIncvalue: DMA_MINC_ENABLE
2025-05-27 03:05:36,643 [INFO] Argument:335 - Argument : MemIncvalue: DMA_MINC_ENABLE
2025-05-27 03:05:36,643 [INFO] Argument:325 - Argument : PeriphDataAlignmentvalue: DMA_PDATAALIGN_HALFWORD
2025-05-27 03:05:36,643 [INFO] Argument:335 - Argument : PeriphDataAlignmentvalue: DMA_PDATAALIGN_HALFWORD
2025-05-27 03:05:36,643 [INFO] Argument:325 - Argument : MemDataAlignmentvalue: DMA_MDATAALIGN_HALFWORD
2025-05-27 03:05:36,643 [INFO] Argument:335 - Argument : MemDataAlignmentvalue: DMA_MDATAALIGN_HALFWORD
2025-05-27 03:05:36,643 [INFO] Argument:325 - Argument : Modevalue: DMA_CIRCULAR
2025-05-27 03:05:36,643 [INFO] Argument:335 - Argument : Modevalue: DMA_CIRCULAR
2025-05-27 03:05:36,643 [INFO] Argument:325 - Argument : Priorityvalue: DMA_PRIORITY_LOW
2025-05-27 03:05:36,643 [INFO] Argument:335 - Argument : Priorityvalue: DMA_PRIORITY_LOW
2025-05-27 03:05:36,643 [INFO] Argument:325 - Argument : FIFOModevalue: DMA_FIFOMODE_DISABLE
2025-05-27 03:05:36,643 [INFO] Argument:335 - Argument : FIFOModevalue: DMA_FIFOMODE_DISABLE
2025-05-27 03:05:36,643 [INFO] Argument:325 - Argument : FIFOThresholdvalue: null
2025-05-27 03:05:36,644 [INFO] Argument:335 - Argument : FIFOThresholdvalue: null
2025-05-27 03:05:36,644 [INFO] Argument:325 - Argument : MemBurstvalue: null
2025-05-27 03:05:36,644 [INFO] Argument:335 - Argument : MemBurstvalue: null
2025-05-27 03:05:36,644 [INFO] Argument:325 - Argument : PeriphBurstvalue: null
2025-05-27 03:05:36,644 [INFO] Argument:335 - Argument : PeriphBurstvalue: null
2025-05-27 03:05:36,644 [INFO] Argument:325 - Argument : Lockvalue: null
2025-05-27 03:05:36,644 [INFO] Argument:335 - Argument : Lockvalue: null
2025-05-27 03:05:36,644 [INFO] Argument:325 - Argument : Statevalue: null
2025-05-27 03:05:36,644 [INFO] Argument:335 - Argument : Statevalue: null
2025-05-27 03:05:36,644 [INFO] Argument:325 - Argument : Parentvalue: null
2025-05-27 03:05:36,644 [INFO] Argument:335 - Argument : Parentvalue: null
2025-05-27 03:05:36,644 [INFO] Argument:325 - Argument : XferCpltCallbackvalue: null
2025-05-27 03:05:36,644 [INFO] Argument:335 - Argument : XferCpltCallbackvalue: null
2025-05-27 03:05:36,644 [INFO] Argument:325 - Argument : XferHalfCpltCallbackvalue: null
2025-05-27 03:05:36,644 [INFO] Argument:335 - Argument : XferHalfCpltCallbackvalue: null
2025-05-27 03:05:36,644 [INFO] Argument:325 - Argument : XferM1CpltCallbackvalue: null
2025-05-27 03:05:36,644 [INFO] Argument:335 - Argument : XferM1CpltCallbackvalue: null
2025-05-27 03:05:36,644 [INFO] Argument:325 - Argument : XferErrorCallbackvalue: null
2025-05-27 03:05:36,644 [INFO] Argument:335 - Argument : XferErrorCallbackvalue: null
2025-05-27 03:05:36,644 [INFO] Argument:325 - Argument : ErrorCodevalue: null
2025-05-27 03:05:36,644 [INFO] Argument:335 - Argument : ErrorCodevalue: null
2025-05-27 03:05:36,702 [INFO] CodeEngine:263 - oldGeneratedFile, C:\Users\Tomas\STM32CubeIDE\workspace_1.16.1\HolaMundoFFTCMSIS5\PSD-construction-in-STM32F407G-DISC1\FFTplusMIC\MXTmpFiles\license.tmp_save
2025-05-27 03:05:36,749 [INFO] CodeEngine:287 - Generated code: C:\Users\Tomas\STM32CubeIDE\workspace_1.16.1\HolaMundoFFTCMSIS5\PSD-construction-in-STM32F407G-DISC1\FFTplusMIC\MXTmpFiles\license.tmp
2025-05-27 03:05:36,772 [INFO] CodeEngine:263 - oldGeneratedFile, C:\Users\Tomas\STM32CubeIDE\workspace_1.16.1\HolaMundoFFTCMSIS5\PSD-construction-in-STM32F407G-DISC1\FFTplusMIC\Core\Src\gpio.c_save
2025-05-27 03:05:36,826 [INFO] CodeEngine:287 - Generated code: C:\Users\Tomas\STM32CubeIDE\workspace_1.16.1\HolaMundoFFTCMSIS5\PSD-construction-in-STM32F407G-DISC1\FFTplusMIC\Core\Src\gpio.c
2025-05-27 03:05:36,832 [INFO] CodeEngine:263 - oldGeneratedFile, C:\Users\Tomas\STM32CubeIDE\workspace_1.16.1\HolaMundoFFTCMSIS5\PSD-construction-in-STM32F407G-DISC1\FFTplusMIC\Core\Inc\gpio.h_save
2025-05-27 03:05:36,880 [INFO] CodeEngine:287 - Generated code: C:\Users\Tomas\STM32CubeIDE\workspace_1.16.1\HolaMundoFFTCMSIS5\PSD-construction-in-STM32F407G-DISC1\FFTplusMIC\Core\Inc\gpio.h
2025-05-27 03:05:37,007 [INFO] Middleware:1452 - No code input for Bsp Dependency
2025-05-27 03:05:37,017 [INFO] CodeEngine:263 - oldGeneratedFile, C:\Users\Tomas\STM32CubeIDE\workspace_1.16.1\HolaMundoFFTCMSIS5\PSD-construction-in-STM32F407G-DISC1\FFTplusMIC\Core\Src\crc.c_save
2025-05-27 03:05:37,086 [INFO] CodeEngine:287 - Generated code: C:\Users\Tomas\STM32CubeIDE\workspace_1.16.1\HolaMundoFFTCMSIS5\PSD-construction-in-STM32F407G-DISC1\FFTplusMIC\Core\Src\crc.c
2025-05-27 03:05:37,092 [INFO] CodeEngine:263 - oldGeneratedFile, C:\Users\Tomas\STM32CubeIDE\workspace_1.16.1\HolaMundoFFTCMSIS5\PSD-construction-in-STM32F407G-DISC1\FFTplusMIC\Core\Inc\crc.h_save
2025-05-27 03:05:37,146 [INFO] CodeEngine:287 - Generated code: C:\Users\Tomas\STM32CubeIDE\workspace_1.16.1\HolaMundoFFTCMSIS5\PSD-construction-in-STM32F407G-DISC1\FFTplusMIC\Core\Inc\crc.h
2025-05-27 03:05:37,166 [INFO] CodeEngine:263 - oldGeneratedFile, C:\Users\Tomas\STM32CubeIDE\workspace_1.16.1\HolaMundoFFTCMSIS5\PSD-construction-in-STM32F407G-DISC1\FFTplusMIC\Core\Src\dma.c_save
2025-05-27 03:05:37,221 [INFO] CodeEngine:287 - Generated code: C:\Users\Tomas\STM32CubeIDE\workspace_1.16.1\HolaMundoFFTCMSIS5\PSD-construction-in-STM32F407G-DISC1\FFTplusMIC\Core\Src\dma.c
2025-05-27 03:05:37,227 [INFO] CodeEngine:263 - oldGeneratedFile, C:\Users\Tomas\STM32CubeIDE\workspace_1.16.1\HolaMundoFFTCMSIS5\PSD-construction-in-STM32F407G-DISC1\FFTplusMIC\Core\Inc\dma.h_save
2025-05-27 03:05:37,279 [INFO] CodeEngine:287 - Generated code: C:\Users\Tomas\STM32CubeIDE\workspace_1.16.1\HolaMundoFFTCMSIS5\PSD-construction-in-STM32F407G-DISC1\FFTplusMIC\Core\Inc\dma.h
2025-05-27 03:05:37,293 [INFO] CodeEngine:263 - oldGeneratedFile, C:\Users\Tomas\STM32CubeIDE\workspace_1.16.1\HolaMundoFFTCMSIS5\PSD-construction-in-STM32F407G-DISC1\FFTplusMIC\Core\Src\i2c.c_save
2025-05-27 03:05:37,362 [INFO] CodeEngine:287 - Generated code: C:\Users\Tomas\STM32CubeIDE\workspace_1.16.1\HolaMundoFFTCMSIS5\PSD-construction-in-STM32F407G-DISC1\FFTplusMIC\Core\Src\i2c.c
2025-05-27 03:05:37,367 [INFO] CodeEngine:263 - oldGeneratedFile, C:\Users\Tomas\STM32CubeIDE\workspace_1.16.1\HolaMundoFFTCMSIS5\PSD-construction-in-STM32F407G-DISC1\FFTplusMIC\Core\Inc\i2c.h_save
2025-05-27 03:05:37,416 [INFO] CodeEngine:287 - Generated code: C:\Users\Tomas\STM32CubeIDE\workspace_1.16.1\HolaMundoFFTCMSIS5\PSD-construction-in-STM32F407G-DISC1\FFTplusMIC\Core\Inc\i2c.h
2025-05-27 03:05:37,426 [INFO] CodeEngine:263 - oldGeneratedFile, C:\Users\Tomas\STM32CubeIDE\workspace_1.16.1\HolaMundoFFTCMSIS5\PSD-construction-in-STM32F407G-DISC1\FFTplusMIC\Core\Src\i2s.c_save
2025-05-27 03:05:37,490 [INFO] CodeEngine:287 - Generated code: C:\Users\Tomas\STM32CubeIDE\workspace_1.16.1\HolaMundoFFTCMSIS5\PSD-construction-in-STM32F407G-DISC1\FFTplusMIC\Core\Src\i2s.c
2025-05-27 03:05:37,496 [INFO] CodeEngine:263 - oldGeneratedFile, C:\Users\Tomas\STM32CubeIDE\workspace_1.16.1\HolaMundoFFTCMSIS5\PSD-construction-in-STM32F407G-DISC1\FFTplusMIC\Core\Inc\i2s.h_save
2025-05-27 03:05:37,544 [INFO] CodeEngine:287 - Generated code: C:\Users\Tomas\STM32CubeIDE\workspace_1.16.1\HolaMundoFFTCMSIS5\PSD-construction-in-STM32F407G-DISC1\FFTplusMIC\Core\Inc\i2s.h
2025-05-27 03:05:37,547 [INFO] Middleware:1452 - No code input for Bsp Dependency
2025-05-27 03:05:37,554 [INFO] CodeEngine:263 - oldGeneratedFile, C:\Users\Tomas\STM32CubeIDE\workspace_1.16.1\HolaMundoFFTCMSIS5\PSD-construction-in-STM32F407G-DISC1\FFTplusMIC\PDM2PCM\App\pdm2pcm.c_save
2025-05-27 03:05:37,605 [INFO] CodeEngine:287 - Generated code: C:\Users\Tomas\STM32CubeIDE\workspace_1.16.1\HolaMundoFFTCMSIS5\PSD-construction-in-STM32F407G-DISC1\FFTplusMIC\PDM2PCM\App\pdm2pcm.c
2025-05-27 03:05:37,611 [INFO] CodeEngine:263 - oldGeneratedFile, C:\Users\Tomas\STM32CubeIDE\workspace_1.16.1\HolaMundoFFTCMSIS5\PSD-construction-in-STM32F407G-DISC1\FFTplusMIC\PDM2PCM\App\pdm2pcm.h_save
2025-05-27 03:05:37,659 [INFO] CodeEngine:287 - Generated code: C:\Users\Tomas\STM32CubeIDE\workspace_1.16.1\HolaMundoFFTCMSIS5\PSD-construction-in-STM32F407G-DISC1\FFTplusMIC\PDM2PCM\App\pdm2pcm.h
2025-05-27 03:05:37,671 [INFO] CodeEngine:263 - oldGeneratedFile, C:\Users\Tomas\STM32CubeIDE\workspace_1.16.1\HolaMundoFFTCMSIS5\PSD-construction-in-STM32F407G-DISC1\FFTplusMIC\Core\Src\spi.c_save
2025-05-27 03:05:37,734 [INFO] CodeEngine:287 - Generated code: C:\Users\Tomas\STM32CubeIDE\workspace_1.16.1\HolaMundoFFTCMSIS5\PSD-construction-in-STM32F407G-DISC1\FFTplusMIC\Core\Src\spi.c
2025-05-27 03:05:37,739 [INFO] CodeEngine:263 - oldGeneratedFile, C:\Users\Tomas\STM32CubeIDE\workspace_1.16.1\HolaMundoFFTCMSIS5\PSD-construction-in-STM32F407G-DISC1\FFTplusMIC\Core\Inc\spi.h_save
2025-05-27 03:05:37,786 [INFO] CodeEngine:287 - Generated code: C:\Users\Tomas\STM32CubeIDE\workspace_1.16.1\HolaMundoFFTCMSIS5\PSD-construction-in-STM32F407G-DISC1\FFTplusMIC\Core\Inc\spi.h
2025-05-27 03:05:37,798 [INFO] CodeEngine:263 - oldGeneratedFile, C:\Users\Tomas\STM32CubeIDE\workspace_1.16.1\HolaMundoFFTCMSIS5\PSD-construction-in-STM32F407G-DISC1\FFTplusMIC\Core\Src\usart.c_save
2025-05-27 03:05:37,858 [INFO] CodeEngine:287 - Generated code: C:\Users\Tomas\STM32CubeIDE\workspace_1.16.1\HolaMundoFFTCMSIS5\PSD-construction-in-STM32F407G-DISC1\FFTplusMIC\Core\Src\usart.c
2025-05-27 03:05:37,864 [INFO] CodeEngine:263 - oldGeneratedFile, C:\Users\Tomas\STM32CubeIDE\workspace_1.16.1\HolaMundoFFTCMSIS5\PSD-construction-in-STM32F407G-DISC1\FFTplusMIC\Core\Inc\usart.h_save
2025-05-27 03:05:37,910 [INFO] CodeEngine:287 - Generated code: C:\Users\Tomas\STM32CubeIDE\workspace_1.16.1\HolaMundoFFTCMSIS5\PSD-construction-in-STM32F407G-DISC1\FFTplusMIC\Core\Inc\usart.h
2025-05-27 03:05:37,924 [INFO] CodeEngine:263 - oldGeneratedFile, C:\Users\Tomas\STM32CubeIDE\workspace_1.16.1\HolaMundoFFTCMSIS5\PSD-construction-in-STM32F407G-DISC1\FFTplusMIC\Core\Src\stm32f4xx_it.c_save
2025-05-27 03:05:37,988 [INFO] CodeEngine:287 - Generated code: C:\Users\Tomas\STM32CubeIDE\workspace_1.16.1\HolaMundoFFTCMSIS5\PSD-construction-in-STM32F407G-DISC1\FFTplusMIC\Core\Src\stm32f4xx_it.c
2025-05-27 03:05:37,994 [INFO] CodeEngine:263 - oldGeneratedFile, C:\Users\Tomas\STM32CubeIDE\workspace_1.16.1\HolaMundoFFTCMSIS5\PSD-construction-in-STM32F407G-DISC1\FFTplusMIC\Core\Inc\stm32f4xx_it.h_save
2025-05-27 03:05:38,039 [INFO] CodeEngine:287 - Generated code: C:\Users\Tomas\STM32CubeIDE\workspace_1.16.1\HolaMundoFFTCMSIS5\PSD-construction-in-STM32F407G-DISC1\FFTplusMIC\Core\Inc\stm32f4xx_it.h
2025-05-27 03:05:38,054 [INFO] CodeEngine:263 - oldGeneratedFile, C:\Users\Tomas\STM32CubeIDE\workspace_1.16.1\HolaMundoFFTCMSIS5\PSD-construction-in-STM32F407G-DISC1\FFTplusMIC\Core\Src\stm32f4xx_hal_msp.c_save
2025-05-27 03:05:38,117 [INFO] CodeEngine:287 - Generated code: C:\Users\Tomas\STM32CubeIDE\workspace_1.16.1\HolaMundoFFTCMSIS5\PSD-construction-in-STM32F407G-DISC1\FFTplusMIC\Core\Src\stm32f4xx_hal_msp.c
2025-05-27 03:05:38,121 [INFO] CodeEngine:263 - oldGeneratedFile, C:\Users\Tomas\STM32CubeIDE\workspace_1.16.1\HolaMundoFFTCMSIS5\PSD-construction-in-STM32F407G-DISC1\FFTplusMIC\MXTmpFiles\system.tmp_save
2025-05-27 03:05:38,163 [INFO] CodeEngine:287 - Generated code: C:\Users\Tomas\STM32CubeIDE\workspace_1.16.1\HolaMundoFFTCMSIS5\PSD-construction-in-STM32F407G-DISC1\FFTplusMIC\MXTmpFiles\system.tmp
2025-05-27 03:05:38,175 [INFO] CodeEngine:319 - oldGeneratedFile, C:\Users\Tomas\STM32CubeIDE\workspace_1.16.1\HolaMundoFFTCMSIS5\PSD-construction-in-STM32F407G-DISC1\FFTplusMIC\Core\Inc\stm32f4xx_hal_conf.h_save
2025-05-27 03:05:38,228 [INFO] CodeEngine:343 - Generated code: C:\Users\Tomas\STM32CubeIDE\workspace_1.16.1\HolaMundoFFTCMSIS5\PSD-construction-in-STM32F407G-DISC1\FFTplusMIC\Core\Inc\stm32f4xx_hal_conf.h
2025-05-27 03:05:38,253 [INFO] CodeEngine:263 - oldGeneratedFile, C:\Users\Tomas\STM32CubeIDE\workspace_1.16.1\HolaMundoFFTCMSIS5\PSD-construction-in-STM32F407G-DISC1\FFTplusMIC\Core\Inc\main.h_save
2025-05-27 03:05:38,301 [INFO] CodeEngine:287 - Generated code: C:\Users\Tomas\STM32CubeIDE\workspace_1.16.1\HolaMundoFFTCMSIS5\PSD-construction-in-STM32F407G-DISC1\FFTplusMIC\Core\Inc\main.h
2025-05-27 03:05:38,307 [INFO] CodeEngine:263 - oldGeneratedFile, C:\Users\Tomas\STM32CubeIDE\workspace_1.16.1\HolaMundoFFTCMSIS5\PSD-construction-in-STM32F407G-DISC1\FFTplusMIC\Core\Src\main.c_save
2025-05-27 03:05:38,376 [INFO] CodeEngine:287 - Generated code: C:\Users\Tomas\STM32CubeIDE\workspace_1.16.1\HolaMundoFFTCMSIS5\PSD-construction-in-STM32F407G-DISC1\FFTplusMIC\Core\Src\main.c
2025-05-27 03:05:38,681 [INFO] ProjectBuilder:3324 - Time for Copy HAL[1] : 175mS.
2025-05-27 03:05:38,688 [INFO] ProjectBuilder:4912 - Project Generator version: 4.6.0.1-B1
2025-05-27 03:05:38,748 [INFO] ConfigFileManager:1590 - The Die is : DIE413
2025-05-27 03:05:40,928 [INFO] ProjectBuilder:5191 - Time for Generating toolchain IDE Files: 2241mS.
2025-05-27 03:05:40,930 [INFO] ProjectBuilder:3181 - Time for Copy CMSIS : 0mS.
2025-05-27 03:05:40,939 [INFO] ProjectBuilder:3181 - Time for Copy CMSIS : 0mS.
2025-05-27 03:07:00,046 [ERROR] LogOutputStream:75 - [STDERR_REDIRECT] 
